EntryNumber,SequenceNumber,InUse,ParentEntryNumber,ParentSequenceNumber,ParentPath,FileName,Extension,FileSize,ReferenceCount,ReparseTarget,IsDirectory,HasAds,IsAds,SI<FN,uSecZeros,Copied,SiFlags,NameType,Created0x10,Created0x30,LastModified0x10,LastModified0x30,LastRecordChange0x10,LastRecordChange0x30,LastAccess0x10,LastAccess0x30,UpdateSequenceNumber,LogfileSequenceNumber,SecurityId,ObjectIdFileDroid,LoggedUtilStream,ZoneIdContents,SourceFile,ResidentDataBase64,ResidentDataHex,ResidentDataASCII
0,1,True,5,5,.,$MFT,,12600320,1,,False,False,False,False,False,False,Hidden|System,DosWindows,2004-08-19 16:57:43.6949872,,2004-08-19 16:57:43.6949872,,2004-08-19 16:57:43.6949872,,2004-08-19 16:57:43.6949872,,0,39443417,256,,,,/evidence/windows-ntfs-mft-nist/nist-hacking-case.mft,,,
1,1,True,5,5,.,$MFTMirr,,4096,1,,False,False,False,False,False,False,Hidden|System,DosWindows,2004-08-19 16:57:43.6949872,,2004-08-19 16:57:43.6949872,,2004-08-19 16:57:43.6949872,,2004-08-19 16:57:43.6949872,,0,26240584,256,,,,/evidence/windows-ntfs-mft-nist/nist-hacking-case.mft,,,
2,2,True,5,5,.,$LogFile,,26460160,1,,False,False,False,False,False,False,Hidden|System,DosWindows,2004-08-19 16:57:43.6949872,,2004-08-19 16:57:43.6949872,,2004-08-19 16:57:43.6949872,,2004-08-19 16:57:43.6949872,,0,26240657,256,,,,/evidence/windows-ntfs-mft-nist/nist-hacking-case.mft,,,
3,3,True,5,5,.,$Volume,,0,1,,False,False,False,False,False,False,Hidden|System,DosWindows,2004-08-19 16:57:43.6949872,,2004-08-19 16:57:43.6949872,,2004-08-19 16:57:43.6949872,,2004-08-19 16:57:43.6949872,,0,26484207,0,764dbc66-cebf-40e1-a089-668bf908bd89,,,/evidence/windows-ntfs-mft-nist/nist-hacking-case.mft,,,
4,4,True,5,5,.,$AttrDef,,2560,1,,False,False,False,False,False,False,Hidden|System,DosWindows,2004-08-19 16:57:43.6949872,,2004-08-19 16:57:43.6949872,,2004-08-19 16:57:43.6949872,,2004-08-19 16:57:43.6949872,,0,26241757,0,,,,/evidence/windows-ntfs-mft-nist/nist-hacking-case.mft,,,
5,5,True,5,5,.,.,,0,1,,True,False,False,False,False,False,Hidden|System|Archive,DosWindows,2004-08-19 16:57:43.6949872,,2004-08-26 15:46:18.4909584,2004-08-19 16:57:43.6949872,2004-08-27 15:08:18.9379504,2004-08-19 16:57:43.6949872,2004-08-27 15:08:05.9693024,2004-08-19 16:57:43.6949872,0,38008078,0,,,,/evidence/windows-ntfs-mft-nist/nist-hacking-case.mft,,,
6,6,True,5,5,.,$Bitmap,,1188808,1,,False,False,False,False,False,False,Hidden|System,DosWindows,2004-08-19 16:57:43.6949872,,2004-08-19 16:57:43.6949872,,2004-08-19 16:57:43.6949872,,2004-08-19 16:57:43.6949872,,0,26240730,256,,,,/evidence/windows-ntfs-mft-nist/nist-hacking-case.mft,,,
7,7,True,5,5,.,$Boot,,8192,1,,False,False,False,False,False,False,Hidden|System,DosWindows,2004-08-19 16:57:43.6949872,,2004-08-19 16:57:43.6949872,,2004-08-19 16:57:43.6949872,,2004-08-19 16:57:43.6949872,,0,0,0,,,,/evidence/windows-ntfs-mft-nist/nist-hacking-case.mft,,,
8,8,True,5,5,.,$BadClus,,0,1,,False,True,False,False,False,False,Hidden|System,DosWindows,2004-08-19 16:57:43.6949872,,2004-08-19 16:57:43.6949872,,2004-08-19 16:57:43.6949872,,2004-08-19 16:57:43.6949872,,0,26240876,256,,,,/evidence/windows-ntfs-mft-nist/nist-hacking-case.mft,,,
8,8,True,5,5,.,$BadClus:$Bad,,4869332992,1,,False,False,True,False,False,False,Hidden|System,DosWindows,2004-08-19 16:57:43.6949872,,2004-08-19 16:57:43.6949872,,2004-08-19 16:57:43.6949872,,2004-08-19 16:57:43.6949872,,0,26240876,256,,,,/evidence/windows-ntfs-mft-nist/nist-hacking-case.mft,,,
9,9,True,5,5,.,$Secure,,277616,1,,False,True,False,False,False,False,Hidden|System|IsIndexView,DosWindows,2004-08-19 16:57:43.6949872,,2004-08-19 16:57:43.6949872,,2004-08-19 16:57:43.6949872,,2004-08-19 16:57:43.6949872,,0,36255601,257,,,,/evidence/windows-ntfs-mft-nist/nist-hacking-case.mft,,,
9,9,True,5,5,.,$Secure:$SDS,,277616,1,,False,False,True,False,False,False,Hidden|System|IsIndexView,DosWindows,2004-08-19 16:57:43.6949872,,2004-08-19 16:57:43.6949872,,2004-08-19 16:57:43.6949872,,2004-08-19 16:57:43.6949872,,0,36255601,257,,,,/evidence/windows-ntfs-mft-nist/nist-hacking-case.mft,,,
10,10,True,5,5,.,$UpCase,,131072,1,,False,False,False,False,False,False,Hidden|System,DosWindows,2004-08-19 16:57:43.6949872,,2004-08-19 16:57:43.6949872,,2004-08-19 16:57:43.6949872,,2004-08-19 16:57:43.6949872,,0,26240803,256,,,,/evidence/windows-ntfs-mft-nist/nist-hacking-case.mft,,,
11,11,True,5,5,.,$Extend,,0,1,,True,False,False,False,False,False,Hidden|System,DosWindows,2004-08-19 16:57:43.6949872,,2004-08-19 16:57:43.6949872,,2004-08-19 16:57:43.6949872,,2004-08-19 16:57:43.6949872,,0,26241158,257,,,,/evidence/windows-ntfs-mft-nist/nist-hacking-case.mft,,,
17,17,True,5,5,.,WIN98,,0,1,,True,False,False,False,True,False,Directory,DosWindows,2004-08-18 16:28:38.0000000,,2004-08-18 16:28:38.0000000,,2004-08-18 16:28:38.0000000,,2004-08-20 15:26:37.4202003,2004-08-18 00:00:00.0000000,0,29956965,0,,,,/evidence/windows-ntfs-mft-nist/nist-hacking-case.mft,,,
18,18,True,17,17,.\WIN98,BASE4.CAB,.CAB,168960,1,,False,False,False,False,True,False,Archive,DosWindows,1999-04-23 22:22:00.0000000,,1999-04-23 22:22:00.0000000,,2004-08-19 17:02:21.6136320,1999-04-23 22:22:00.0000000,2004-08-18 00:00:00.0000000,,0,9767053,0,,,,/evidence/windows-ntfs-mft-nist/nist-hacking-case.mft,,,
19,19,True,17,17,.\WIN98,BASE5.CAB,.CAB,1802240,1,,False,False,False,False,True,False,Archive,DosWindows,1999-04-23 22:22:00.0000000,,1999-04-23 22:22:00.0000000,,2004-08-19 17:02:21.6737184,1999-04-23 22:22:00.0000000,2004-08-18 00:00:00.0000000,,0,9767183,0,,,,/evidence/windows-ntfs-mft-nist/nist-hacking-case.mft,,,
20,20,True,17,17,.\WIN98,BASE6.CAB,.CAB,191747,1,,False,False,False,False,True,False,Archive,DosWindows,1999-04-23 22:22:00.0000000,,1999-04-23 22:22:00.0000000,,2004-08-19 17:02:21.6737184,1999-04-23 22:22:00.0000000,2004-08-18 00:00:00.0000000,,0,9767295,0,,,,/evidence/windows-ntfs-mft-nist/nist-hacking-case.mft,,,
21,21,True,17,17,.\WIN98,CATALOG3.CAB,.CAB,274460,1,,False,False,False,False,True,False,Archive,DosWindows,1999-04-23 22:22:00.0000000,,1999-04-23 22:22:00.0000000,,2004-08-19 17:02:21.6737184,1999-04-23 22:22:00.0000000,2004-08-18 00:00:00.0000000,,0,9767407,0,,,,/evidence/windows-ntfs-mft-nist/nist-hacking-case.mft,,,
22,22,True,17,17,.\WIN98,CHL99.CAB,.CAB,14451,1,,False,False,False,False,True,False,Archive,DosWindows,1999-04-23 22:22:00.0000000,,1999-04-23 22:22:00.0000000,,2004-08-19 17:02:21.6737184,1999-04-23 22:22:00.0000000,2004-08-18 00:00:00.0000000,,0,9767527,0,,,,/evidence/windows-ntfs-mft-nist/nist-hacking-case.mft,,,
23,23,True,17,17,.\WIN98,DELTEMP.COM,.COM,496,1,,False,False,False,False,True,False,Archive,DosWindows,1999-04-23 22:22:00.0000000,,1999-04-23 22:22:00.0000000,,2004-08-19 17:02:21.7037616,1999-04-23 22:22:00.0000000,2004-08-18 00:00:00.0000000,,0,9767639,0,,,,/evidence/windows-ntfs-mft-nist/nist-hacking-case.mft,,,
24,24,True,17,17,.\WIN98,DOSSETUP.BIN,.BIN,85050,1,,False,False,False,False,True,False,Archive,DosWindows,1999-04-23 22:22:00.0000000,,1999-04-23 22:22:00.0000000,,2004-08-19 17:02:21.7037616,1999-04-23 22:22:00.0000000,2004-08-18 00:00:00.0000000,,0,9767751,0,,,,/evidence/windows-ntfs-mft-nist/nist-hacking-case.mft,,,
25,25,True,17,17,.\WIN98,DRIVER11.CAB,.CAB,1462272,1,,False,False,False,False,True,False,Archive,DosWindows,1999-04-23 22:22:00.0000000,,1999-04-23 22:22:00.0000000,,2004-08-19 17:02:21.7037616,1999-04-23 22:22:00.0000000,2004-08-18 00:00:00.0000000,,0,9767863,0,,,,/evidence/windows-ntfs-mft-nist/nist-hacking-case.mft,,,
26,26,True,17,17,.\WIN98,DRIVER12.CAB,.CAB,1802240,1,,False,False,False,False,True,False,Archive,DosWindows,1999-04-23 22:22:00.0000000,,1999-04-23 22:22:00.0000000,,2004-08-19 17:02:21.7037616,1999-04-23 22:22:00.0000000,2004-08-18 00:00:00.0000000,,0,9767983,0,,,,/evidence/windows-ntfs-mft-nist/nist-hacking-case.mft,,,
27,27,True,17,17,.\WIN98,DRIVER13.CAB,.CAB,1802240,1,,False,False,False,False,True,False,Archive,DosWindows,1999-04-23 22:22:00.0000000,,1999-04-23 22:22:00.0000000,,2004-08-19 17:02:21.7338048,1999-04-23 22:22:00.0000000,2004-08-18 00:00:00.0000000,,0,9768095,0,,,,/evidence/windows-ntfs-mft-nist/nist-hacking-case.mft,,,
28,28,True,17,17,.\WIN98,DRIVER14.CAB,.CAB,1802240,1,,False,False,False,False,True,False,Archive,DosWindows,1999-04-23 22:22:00.0000000,,1999-04-23 22:22:00.0000000,,2004-08-19 17:02:21.7338048,1999-04-23 22:22:00.0000000,2004-08-18 00:00:00.0000000,,0,9768207,0,,,,/evidence/windows-ntfs-mft-nist/nist-hacking-case.mft,,,
29,29,True,17,17,.\WIN98,DRIVER15.CAB,.CAB,1802240,1,,False,False,False,False,True,False,Archive,DosWindows,1999-04-23 22:22:00.0000000,,1999-04-23 22:22:00.0000000,,2004-08-19 17:02:21.7338048,1999-04-23 22:22:00.0000000,2004-08-18 00:00:00.0000000,,0,9768319,0,,,,/evidence/windows-ntfs-mft-nist/nist-hacking-case.mft,,,
30,30,True,17,17,.\WIN98,DRIVER16.CAB,.CAB,1802240,1,,False,False,False,False,True,False,Archive,DosWindows,1999-04-23 22:22:00.0000000,,1999-04-23 22:22:00.0000000,,2004-08-19 17:02:21.7338048,1999-04-23 22:22:00.0000000,2004-08-18 00:00:00.0000000,,0,9768431,0,,,,/evidence/windows-ntfs-mft-nist/nist-hacking-case.mft,,,
31,31,True,17,17,.\WIN98,DRIVER17.CAB,.CAB,1802240,1,,False,False,False,False,True,False,Archive,DosWindows,1999-04-23 22:22:00.0000000,,1999-04-23 22:22:00.0000000,,2004-08-19 17:02:21.7638480,1999-04-23 22:22:00.0000000,2004-08-18 00:00:00.0000000,,0,9768551,0,,,,/evidence/windows-ntfs-mft-nist/nist-hacking-case.mft,,,
32,32,True,17,17,.\WIN98,DRIVER18.CAB,.CAB,1802240,1,,False,False,False,False,True,False,Archive,DosWindows,1999-04-23 22:22:00.0000000,,1999-04-23 22:22:00.0000000,,2004-08-19 17:02:21.7638480,1999-04-23 22:22:00.0000000,2004-08-18 00:00:00.0000000,,0,9768663,0,,,,/evidence/windows-ntfs-mft-nist/nist-hacking-case.mft,,,
33,33,True,17,17,.\WIN98,DRIVER19.CAB,.CAB,1802240,1,,False,False,False,False,True,False,Archive,DosWindows,1999-04-23 22:22:00.0000000,,1999-04-23 22:22:00.0000000,,2004-08-19 17:02:21.7638480,1999-04-23 22:22:00.0000000,2004-08-18 00:00:00.0000000,,0,9768775,0,,,,/evidence/windows-ntfs-mft-nist/nist-hacking-case.mft,,,
34,34,True,17,17,.\WIN98,DRIVER20.CAB,.CAB,1796408,1,,False,False,False,False,True,False,Archive,DosWindows,1999-04-23 22:22:00.0000000,,1999-04-23 22:22:00.0000000,,2004-08-19 17:02:21.7638480,1999-04-23 22:22:00.0000000,2004-08-18 00:00:00.0000000,,0,9768887,0,,,,/evidence/windows-ntfs-mft-nist/nist-hacking-case.mft,,,
35,35,True,17,17,.\WIN98,EXTRACT.EXE,.EXE,93242,1,,False,False,False,False,True,False,Archive,DosWindows,1999-04-23 22:22:00.0000000,,1999-04-23 22:22:00.0000000,,2004-08-19 17:02:21.8940352,1999-04-23 22:22:00.0000000,2004-08-18 00:00:00.0000000,,0,9769234,0,,,,/evidence/windows-ntfs-mft-nist/nist-hacking-case.mft,,,
36,36,True,17,17,.\WIN98,FORMAT.COM,.COM,49575,1,,False,False,False,False,True,False,Archive,DosWindows,1999-04-23 22:22:00.0000000,,1999-04-23 22:22:00.0000000,,2004-08-19 17:02:21.8940352,1999-04-23 22:22:00.0000000,2004-08-18 00:00:00.0000000,,0,9769346,0,,,,/evidence/windows-ntfs-mft-nist/nist-hacking-case.mft,,,
37,37,True,17,17,.\WIN98,INTL.TXT,.TXT,6594,1,,False,False,False,False,True,False,Archive,DosWindows,1999-04-23 22:22:00.0000000,,1999-04-23 22:22:00.0000000,,2004-08-19 17:02:21.8940352,1999-04-23 22:22:00.0000000,2004-08-18 00:00:00.0000000,,0,9769458,0,,,,/evidence/windows-ntfs-mft-nist/nist-hacking-case.mft,,,
38,38,True,17,17,.\WIN98,MINI.CAB,.CAB,686042,1,,False,False,False,False,True,False,Archive,DosWindows,1999-04-23 22:22:00.0000000,,1999-04-23 22:22:00.0000000,,2004-08-19 17:02:21.8940352,1999-04-23 22:22:00.0000000,2004-08-18 00:00:00.0000000,,0,9769578,0,,,,/evidence/windows-ntfs-mft-nist/nist-hacking-case.mft,,,
39,39,True,17,17,.\WIN98,NET10.CAB,.CAB,339473,1,,False,False,False,False,True,False,Archive,DosWindows,1999-04-23 22:22:00.0000000,,1999-04-23 22:22:00.0000000,,2004-08-19 17:02:21.9340928,1999-04-23 22:22:00.0000000,2004-08-18 00:00:00.0000000,,0,9769690,0,,,,/evidence/windows-ntfs-mft-nist/nist-hacking-case.mft,,,
40,40,True,17,17,.\WIN98,NET7.CAB,.CAB,1610240,1,,False,False,False,False,True,False,Archive,DosWindows,1999-04-23 22:22:00.0000000,,1999-04-23 22:22:00.0000000,,2004-08-19 17:02:21.9340928,1999-04-23 22:22:00.0000000,2004-08-18 00:00:00.0000000,,0,9769802,0,,,,/evidence/windows-ntfs-mft-nist/nist-hacking-case.mft,,,
41,41,True,17,17,.\WIN98,NET8.CAB,.CAB,1802240,1,,False,False,False,False,True,False,Archive,DosWindows,1999-04-23 22:22:00.0000000,,1999-04-23 22:22:00.0000000,,2004-08-19 17:02:21.9340928,1999-04-23 22:22:00.0000000,2004-08-18 00:00:00.0000000,,0,9769914,0,,,,/evidence/windows-ntfs-mft-nist/nist-hacking-case.mft,,,
42,42,True,17,17,.\WIN98,NET9.CAB,.CAB,1802240,1,,False,False,False,False,True,False,Archive,DosWindows,1999-04-23 22:22:00.0000000,,1999-04-23 22:22:00.0000000,,2004-08-19 17:02:21.9340928,1999-04-23 22:22:00.0000000,2004-08-18 00:00:00.0000000,,0,9770034,0,,,,/evidence/windows-ntfs-mft-nist/nist-hacking-case.mft,,,
43,43,True,17,17,.\WIN98,OEMSETUP.BIN,.BIN,3270,1,,False,False,False,False,True,False,Archive,DosWindows,1999-04-23 22:22:00.0000000,,1999-04-23 22:22:00.0000000,,2004-08-19 17:02:21.9941792,1999-04-23 22:22:00.0000000,2004-08-18 00:00:00.0000000,,0,9770304,0,,,,/evidence/windows-ntfs-mft-nist/nist-hacking-case.mft,,,
44,44,True,17,17,.\WIN98,OEMSETUP.EXE,.EXE,78720,1,,False,False,False,False,True,False,Archive,DosWindows,1999-04-23 22:22:00.0000000,,1999-04-23 22:22:00.0000000,,2004-08-19 17:02:21.9941792,1999-04-23 22:22:00.0000000,2004-08-18 00:00:00.0000000,,0,9770416,0,,,,/evidence/windows-ntfs-mft-nist/nist-hacking-case.mft,,,
45,45,True,17,17,.\WIN98,PRECOPY1.CAB,.CAB,1331200,1,,False,False,False,False,True,False,Archive,DosWindows,1999-04-23 22:22:00.0000000,,1999-04-23 22:22:00.0000000,,2004-08-19 17:02:21.9941792,1999-04-23 22:22:00.0000000,2004-08-18 00:00:00.0000000,,0,9770536,0,,,,/evidence/windows-ntfs-mft-nist/nist-hacking-case.mft,,,
46,46,True,17,17,.\WIN98,PRECOPY2.CAB,.CAB,1335443,1,,False,False,False,False,True,False,Archive,DosWindows,1999-04-23 22:22:00.0000000,,1999-04-23 22:22:00.0000000,,2004-08-19 17:02:21.9941792,1999-04-23 22:22:00.0000000,2004-08-18 00:00:00.0000000,,0,9770648,0,,,,/evidence/windows-ntfs-mft-nist/nist-hacking-case.mft,,,
47,47,True,17,17,.\WIN98,SAVE32.COM,.COM,920,1,,False,False,False,False,True,False,Archive,DosWindows,1999-04-23 22:22:00.0000000,,1999-04-23 22:22:00.0000000,,2004-08-19 17:02:22.0242224,1999-04-23 22:22:00.0000000,2004-08-18 00:00:00.0000000,,0,9770760,0,,,,/evidence/windows-ntfs-mft-nist/nist-hacking-case.mft,,,
48,48,True,17,17,.\WIN98,SCANDISK.EXE,.EXE,143818,1,,False,False,False,False,True,False,Archive,DosWindows,1999-04-23 22:22:00.0000000,,1999-04-23 22:22:00.0000000,,2004-08-19 17:02:22.0242224,1999-04-23 22:22:00.0000000,2004-08-18 00:00:00.0000000,,0,9770872,0,,,,/evidence/windows-ntfs-mft-nist/nist-hacking-case.mft,,,
49,49,True,17,17,.\WIN98,SCANDISK.PIF,.PIF,995,1,,False,False,False,False,True,False,Archive,DosWindows,1999-04-23 22:22:00.0000000,,1999-04-23 22:22:00.0000000,,2004-08-19 17:02:22.0242224,1999-04-23 22:22:00.0000000,2004-08-18 00:00:00.0000000,,0,9770984,0,,,,/evidence/windows-ntfs-mft-nist/nist-hacking-case.mft,,,
50,50,True,17,17,.\WIN98,SCANPROG.EXE,.EXE,4438,1,,False,False,False,False,True,False,Archive,DosWindows,1999-04-23 22:22:00.0000000,,1999-04-23 22:22:00.0000000,,2004-08-19 17:02:22.0242224,1999-04-23 22:22:00.0000000,2004-08-18 00:00:00.0000000,,0,9771108,0,,,,/evidence/windows-ntfs-mft-nist/nist-hacking-case.mft,,,
51,51,True,17,17,.\WIN98,SCANREG.EXE,.EXE,165502,1,,False,False,False,False,True,False,Archive,DosWindows,1999-04-23 22:22:00.0000000,,1999-04-23 22:22:00.0000000,,2004-08-19 17:02:22.0442512,1999-04-23 22:22:00.0000000,2004-08-18 00:00:00.0000000,,0,9771791,0,,,,/evidence/windows-ntfs-mft-nist/nist-hacking-case.mft,,,
52,52,True,17,17,.\WIN98,SETUP.EXE,.EXE,5712,1,,False,False,False,False,True,False,Archive,DosWindows,1999-04-23 22:22:00.0000000,,1999-04-23 22:22:00.0000000,,2004-08-19 17:02:22.0542656,1999-04-23 22:22:00.0000000,2004-08-18 00:00:00.0000000,,0,9771903,0,,,,/evidence/windows-ntfs-mft-nist/nist-hacking-case.mft,,,
53,53,True,17,17,.\WIN98,SETUP.TXT,.TXT,52294,1,,False,False,False,False,True,False,Archive,DosWindows,1999-04-23 22:22:00.0000000,,1999-04-23 22:22:00.0000000,,2004-08-19 17:02:22.0542656,1999-04-23 22:22:00.0000000,2004-08-18 00:00:00.0000000,,0,9772015,0,,,,/evidence/windows-ntfs-mft-nist/nist-hacking-case.mft,,,
54,54,True,17,17,.\WIN98,SETUP0.WAV,.WAV,439824,1,,False,False,False,False,True,False,Archive,DosWindows,1999-04-23 22:22:00.0000000,,1999-04-23 22:22:00.0000000,,2004-08-19 17:02:22.0542656,1999-04-23 22:22:00.0000000,2004-08-18 00:00:00.0000000,,0,9772135,0,,,,/evidence/windows-ntfs-mft-nist/nist-hacking-case.mft,,,
55,55,True,17,17,.\WIN98,SETUP1.WAV,.WAV,14924,1,,False,False,False,False,True,False,Archive,DosWindows,1999-04-23 22:22:00.0000000,,1999-04-23 22:22:00.0000000,,2004-08-19 17:02:22.0642800,1999-04-23 22:22:00.0000000,2004-08-18 00:00:00.0000000,,0,9772276,0,,,,/evidence/windows-ntfs-mft-nist/nist-hacking-case.mft,,,
56,56,True,17,17,.\WIN98,SETUP2.WAV,.WAV,14992,1,,False,False,False,False,True,False,Archive,DosWindows,1999-04-23 22:22:00.0000000,,1999-04-23 22:22:00.0000000,,2004-08-19 17:02:22.0642800,1999-04-23 22:22:00.0000000,2004-08-18 00:00:00.0000000,,0,9772388,0,,,,/evidence/windows-ntfs-mft-nist/nist-hacking-case.mft,,,
57,57,True,17,17,.\WIN98,SMARTDRV.EXE,.EXE,45379,1,,False,False,False,False,True,False,Archive,DosWindows,1999-04-23 22:22:00.0000000,,1999-04-23 22:22:00.0000000,,2004-08-19 17:02:22.0642800,1999-04-23 22:22:00.0000000,2004-08-18 00:00:00.0000000,,0,9772500,0,,,,/evidence/windows-ntfs-mft-nist/nist-hacking-case.mft,,,
58,58,True,17,17,.\WIN98,SUBACK.BIN,.BIN,229680,1,,False,False,False,False,True,False,Archive,DosWindows,1999-04-23 22:22:00.0000000,,1999-04-23 22:22:00.0000000,,2004-08-19 17:02:22.0642800,1999-04-23 22:22:00.0000000,2004-08-18 00:00:00.0000000,,0,9772620,0,,,,/evidence/windows-ntfs-mft-nist/nist-hacking-case.mft,,,
59,59,True,17,17,.\WIN98,SUCATREG.EXE,.EXE,77824,1,,False,False,False,False,True,False,Archive,DosWindows,1999-04-23 22:22:00.0000000,,1999-04-23 22:22:00.0000000,,2004-08-19 17:02:22.0642800,1999-04-23 22:22:00.0000000,2004-08-18 00:00:00.0000000,,0,9772732,0,,,,/evidence/windows-ntfs-mft-nist/nist-hacking-case.mft,,,
60,60,True,17,17,.\WIN98,SUHELPER.BIN,.BIN,1472,1,,False,False,False,False,True,False,Archive,DosWindows,1999-04-23 22:22:00.0000000,,1999-04-23 22:22:00.0000000,,2004-08-19 17:02:22.0642800,1999-04-23 22:22:00.0000000,2004-08-18 00:00:00.0000000,,0,9772844,0,,,,/evidence/windows-ntfs-mft-nist/nist-hacking-case.mft,,,
61,61,True,17,17,.\WIN98,W98SETUP.BIN,.BIN,168096,1,,False,False,False,False,True,False,Archive,DosWindows,1999-04-23 22:22:00.0000000,,1999-04-23 22:22:00.0000000,,2004-08-19 17:02:22.0742944,1999-04-23 22:22:00.0000000,2004-08-18 00:00:00.0000000,,0,9772956,0,,,,/evidence/windows-ntfs-mft-nist/nist-hacking-case.mft,,,
62,62,True,17,17,.\WIN98,WB16OFF.EXE,.EXE,537,1,,False,False,False,False,True,False,Archive,DosWindows,1999-04-23 22:22:00.0000000,,1999-04-23 22:22:00.0000000,,2004-08-19 17:02:22.0742944,1999-04-23 22:22:00.0000000,2004-08-18 00:00:00.0000000,,0,9773076,0,,,,/evidence/windows-ntfs-mft-nist/nist-hacking-case.mft,,,
63,63,True,17,17,.\WIN98,WIN98_21.CAB,.CAB,5632,1,,False,False,False,False,True,False,Archive,DosWindows,1999-04-23 22:22:00.0000000,,1999-04-23 22:22:00.0000000,,2004-08-19 17:02:22.0742944,1999-04-23 22:22:00.0000000,2004-08-18 00:00:00.0000000,,0,9773188,0,,,,/evidence/windows-ntfs-mft-nist/nist-hacking-case.mft,,,
64,64,True,17,17,.\WIN98,WIN98_22.CAB,.CAB,1802240,1,,False,False,False,False,True,False,Archive,DosWindows,1999-04-23 22:22:00.0000000,,1999-04-23 22:22:00.0000000,,2004-08-19 17:02:22.0742944,1999-04-23 22:22:00.0000000,2004-08-18 00:00:00.0000000,,0,9773300,0,,,,/evidence/windows-ntfs-mft-nist/nist-hacking-case.mft,,,
65,65,True,17,17,.\WIN98,WIN98_23.CAB,.CAB,1802240,1,,False,False,False,False,True,False,Archive,DosWindows,1999-04-23 22:22:00.0000000,,1999-04-23 22:22:00.0000000,,2004-08-19 17:02:22.0742944,1999-04-23 22:22:00.0000000,2004-08-18 00:00:00.0000000,,0,9773412,0,,,,/evidence/windows-ntfs-mft-nist/nist-hacking-case.mft,,,
66,66,True,17,17,.\WIN98,WIN98_24.CAB,.CAB,1802240,1,,False,False,False,False,True,False,Archive,DosWindows,1999-04-23 22:22:00.0000000,,1999-04-23 22:22:00.0000000,,2004-08-19 17:02:22.0742944,1999-04-23 22:22:00.0000000,2004-08-18 00:00:00.0000000,,0,9773524,0,,,,/evidence/windows-ntfs-mft-nist/nist-hacking-case.mft,,,
67,67,True,17,17,.\WIN98,WIN98_25.CAB,.CAB,1802240,1,,False,False,False,False,True,False,Archive,DosWindows,1999-04-23 22:22:00.0000000,,1999-04-23 22:22:00.0000000,,2004-08-19 17:02:22.0742944,1999-04-23 22:22:00.0000000,2004-08-18 00:00:00.0000000,,0,9773644,0,,,,/evidence/windows-ntfs-mft-nist/nist-hacking-case.mft,,,
68,68,True,17,17,.\WIN98,WIN98_26.CAB,.CAB,1802240,1,,False,False,False,False,True,False,Archive,DosWindows,1999-04-23 22:22:00.0000000,,1999-04-23 22:22:00.0000000,,2004-08-19 17:02:22.0742944,1999-04-23 22:22:00.0000000,2004-08-18 00:00:00.0000000,,0,9773756,0,,,,/evidence/windows-ntfs-mft-nist/nist-hacking-case.mft,,,
69,69,True,17,17,.\WIN98,WIN98_27.CAB,.CAB,1802240,1,,False,False,False,False,True,False,Archive,DosWindows,1999-04-23 22:22:00.0000000,,1999-04-23 22:22:00.0000000,,2004-08-19 17:02:22.0742944,1999-04-23 22:22:00.0000000,2004-08-18 00:00:00.0000000,,0,9773868,0,,,,/evidence/windows-ntfs-mft-nist/nist-hacking-case.mft,,,
70,70,True,17,17,.\WIN98,WIN98_28.CAB,.CAB,1802240,1,,False,False,False,False,True,False,Archive,DosWindows,1999-04-23 22:22:00.0000000,,1999-04-23 22:22:00.0000000,,2004-08-19 17:02:22.0742944,1999-04-23 22:22:00.0000000,2004-08-18 00:00:00.0000000,,0,9773980,0,,,,/evidence/windows-ntfs-mft-nist/nist-hacking-case.mft,,,
71,71,True,17,17,.\WIN98,WIN98_29.CAB,.CAB,1802240,1,,False,False,False,False,True,False,Archive,DosWindows,1999-04-23 22:22:00.0000000,,1999-04-23 22:22:00.0000000,,2004-08-19 17:02:22.0742944,1999-04-23 22:22:00.0000000,2004-08-18 00:00:00.0000000,,0,9774100,0,,,,/evidence/windows-ntfs-mft-nist/nist-hacking-case.mft,,,
72,72,True,17,17,.\WIN98,WIN98_30.CAB,.CAB,1802240,1,,False,False,False,False,True,False,Archive,DosWindows,1999-04-23 22:22:00.0000000,,1999-04-23 22:22:00.0000000,,2004-08-19 17:02:22.0742944,1999-04-23 22:22:00.0000000,2004-08-18 00:00:00.0000000,,0,9774212,0,,,,/evidence/windows-ntfs-mft-nist/nist-hacking-case.mft,,,
73,73,True,17,17,.\WIN98,WIN98_31.CAB,.CAB,1802240,1,,False,False,False,False,True,False,Archive,DosWindows,1999-04-23 22:22:00.0000000,,1999-04-23 22:22:00.0000000,,2004-08-19 17:02:22.0742944,1999-04-23 22:22:00.0000000,2004-08-18 00:00:00.0000000,,0,9774324,0,,,,/evidence/windows-ntfs-mft-nist/nist-hacking-case.mft,,,
74,74,True,17,17,.\WIN98,WIN98_32.CAB,.CAB,1802240,1,,False,False,False,False,True,False,Archive,DosWindows,1999-04-23 22:22:00.0000000,,1999-04-23 22:22:00.0000000,,2004-08-19 17:02:22.1043376,1999-04-23 22:22:00.0000000,2004-08-18 00:00:00.0000000,,0,9774436,0,,,,/evidence/windows-ntfs-mft-nist/nist-hacking-case.mft,,,
75,75,True,17,17,.\WIN98,WIN98_33.CAB,.CAB,1802240,1,,False,False,False,False,True,False,Archive,DosWindows,1999-04-23 22:22:00.0000000,,1999-04-23 22:22:00.0000000,,2004-08-19 17:02:22.1043376,1999-04-23 22:22:00.0000000,2004-08-18 00:00:00.0000000,,0,9774548,0,,,,/evidence/windows-ntfs-mft-nist/nist-hacking-case.mft,,,
76,76,True,17,17,.\WIN98,WIN98_34.CAB,.CAB,1802240,1,,False,False,False,False,True,False,Archive,DosWindows,1999-04-23 22:22:00.0000000,,1999-04-23 22:22:00.0000000,,2004-08-19 17:02:22.1043376,1999-04-23 22:22:00.0000000,2004-08-18 00:00:00.0000000,,0,9774668,0,,,,/evidence/windows-ntfs-mft-nist/nist-hacking-case.mft,,,
77,77,True,17,17,.\WIN98,WIN98_35.CAB,.CAB,1802240,1,,False,False,False,False,True,False,Archive,DosWindows,1999-04-23 22:22:00.0000000,,1999-04-23 22:22:00.0000000,,2004-08-19 17:02:22.1043376,1999-04-23 22:22:00.0000000,2004-08-18 00:00:00.0000000,,0,9774780,0,,,,/evidence/windows-ntfs-mft-nist/nist-hacking-case.mft,,,
78,78,True,17,17,.\WIN98,WIN98_36.CAB,.CAB,1802240,1,,False,False,False,False,True,False,Archive,DosWindows,1999-04-23 22:22:00.0000000,,1999-04-23 22:22:00.0000000,,2004-08-19 17:02:22.1043376,1999-04-23 22:22:00.0000000,2004-08-18 00:00:00.0000000,,0,9774892,0,,,,/evidence/windows-ntfs-mft-nist/nist-hacking-case.mft,,,
79,79,True,17,17,.\WIN98,WIN98_37.CAB,.CAB,1802240,1,,False,False,False,False,True,False,Archive,DosWindows,1999-04-23 22:22:00.0000000,,1999-04-23 22:22:00.0000000,,2004-08-19 17:02:22.1143520,1999-04-23 22:22:00.0000000,2004-08-18 00:00:00.0000000,,0,9775004,0,,,,/evidence/windows-ntfs-mft-nist/nist-hacking-case.mft,,,
80,80,True,17,17,.\WIN98,WIN98_38.CAB,.CAB,1802240,1,,False,False,False,False,True,False,Archive,DosWindows,1999-04-23 22:22:00.0000000,,1999-04-23 22:22:00.0000000,,2004-08-19 17:02:22.1143520,1999-04-23 22:22:00.0000000,2004-08-18 00:00:00.0000000,,0,9775124,0,,,,/evidence/windows-ntfs-mft-nist/nist-hacking-case.mft,,,
81,81,True,17,17,.\WIN98,WIN98_39.CAB,.CAB,1802240,1,,False,False,False,False,True,False,Archive,DosWindows,1999-04-23 22:22:00.0000000,,1999-04-23 22:22:00.0000000,,2004-08-19 17:02:22.1143520,1999-04-23 22:22:00.0000000,2004-08-18 00:00:00.0000000,,0,9775236,0,,,,/evidence/windows-ntfs-mft-nist/nist-hacking-case.mft,,,
82,82,True,17,17,.\WIN98,WIN98_40.CAB,.CAB,1802240,1,,False,False,False,False,True,False,Archive,DosWindows,1999-04-23 22:22:00.0000000,,1999-04-23 22:22:00.0000000,,2004-08-19 17:02:22.1143520,1999-04-23 22:22:00.0000000,2004-08-18 00:00:00.0000000,,0,9775348,0,,,,/evidence/windows-ntfs-mft-nist/nist-hacking-case.mft,,,
83,83,True,17,17,.\WIN98,WIN98_41.CAB,.CAB,1802240,1,,False,False,False,False,True,False,Archive,DosWindows,1999-04-23 22:22:00.0000000,,1999-04-23 22:22:00.0000000,,2004-08-19 17:02:22.1143520,1999-04-23 22:22:00.0000000,2004-08-18 00:00:00.0000000,,0,9775460,0,,,,/evidence/windows-ntfs-mft-nist/nist-hacking-case.mft,,,
84,84,True,17,17,.\WIN98,WIN98_42.CAB,.CAB,1802240,1,,False,False,False,False,True,False,Archive,DosWindows,1999-04-23 22:22:00.0000000,,1999-04-23 22:22:00.0000000,,2004-08-19 17:02:22.1143520,1999-04-23 22:22:00.0000000,2004-08-18 00:00:00.0000000,,0,9775572,0,,,,/evidence/windows-ntfs-mft-nist/nist-hacking-case.mft,,,
85,85,True,17,17,.\WIN98,WIN98_43.CAB,.CAB,1802240,1,,False,False,False,False,True,False,Archive,DosWindows,1999-04-23 22:22:00.0000000,,1999-04-23 22:22:00.0000000,,2004-08-19 17:02:22.1143520,1999-04-23 22:22:00.0000000,2004-08-18 00:00:00.0000000,,0,9775692,0,,,,/evidence/windows-ntfs-mft-nist/nist-hacking-case.mft,,,
86,86,True,17,17,.\WIN98,WIN98_44.CAB,.CAB,1802240,1,,False,False,False,False,True,False,Archive,DosWindows,1999-04-23 22:22:00.0000000,,1999-04-23 22:22:00.0000000,,2004-08-19 17:02:22.1143520,1999-04-23 22:22:00.0000000,2004-08-18 00:00:00.0000000,,0,9775804,0,,,,/evidence/windows-ntfs-mft-nist/nist-hacking-case.mft,,,
87,87,True,17,17,.\WIN98,WIN98_45.CAB,.CAB,1802240,1,,False,False,False,False,True,False,Archive,DosWindows,1999-04-23 22:22:00.0000000,,1999-04-23 22:22:00.0000000,,2004-08-19 17:02:22.1143520,1999-04-23 22:22:00.0000000,2004-08-18 00:00:00.0000000,,0,9775916,0,,,,/evidence/windows-ntfs-mft-nist/nist-hacking-case.mft,,,
88,88,True,17,17,.\WIN98,WIN98_46.CAB,.CAB,1802240,1,,False,False,False,False,True,False,Archive,DosWindows,1999-04-23 22:22:00.0000000,,1999-04-23 22:22:00.0000000,,2004-08-19 17:02:22.1143520,1999-04-23 22:22:00.0000000,2004-08-18 00:00:00.0000000,,0,9776028,0,,,,/evidence/windows-ntfs-mft-nist/nist-hacking-case.mft,,,
89,89,True,17,17,.\WIN98,WIN98_47.CAB,.CAB,1802240,1,,False,False,False,False,True,False,Archive,DosWindows,1999-04-23 22:22:00.0000000,,1999-04-23 22:22:00.0000000,,2004-08-19 17:02:22.1143520,1999-04-23 22:22:00.0000000,2004-08-18 00:00:00.0000000,,0,9776148,0,,,,/evidence/windows-ntfs-mft-nist/nist-hacking-case.mft,,,
90,90,True,17,17,.\WIN98,WIN98_48.CAB,.CAB,1802240,1,,False,False,False,False,True,False,Archive,DosWindows,1999-04-23 22:22:00.0000000,,1999-04-23 22:22:00.0000000,,2004-08-19 17:02:22.1143520,1999-04-23 22:22:00.0000000,2004-08-18 00:00:00.0000000,,0,9776260,0,,,,/evidence/windows-ntfs-mft-nist/nist-hacking-case.mft,,,
91,91,True,17,17,.\WIN98,WIN98_49.CAB,.CAB,1802240,1,,False,False,False,False,True,False,Archive,DosWindows,1999-04-23 22:22:00.0000000,,1999-04-23 22:22:00.0000000,,2004-08-19 17:02:22.1343808,1999-04-23 22:22:00.0000000,2004-08-18 00:00:00.0000000,,0,9776372,0,,,,/evidence/windows-ntfs-mft-nist/nist-hacking-case.mft,,,
92,92,True,17,17,.\WIN98,WIN98_50.CAB,.CAB,1802240,1,,False,False,False,False,True,False,Archive,DosWindows,1999-04-23 22:22:00.0000000,,1999-04-23 22:22:00.0000000,,2004-08-19 17:02:22.1343808,1999-04-23 22:22:00.0000000,2004-08-18 00:00:00.0000000,,0,9776589,0,,,,/evidence/windows-ntfs-mft-nist/nist-hacking-case.mft,,,
93,93,True,17,17,.\WIN98,WIN98_51.CAB,.CAB,1802240,1,,False,False,False,False,True,False,Archive,DosWindows,1999-04-23 22:22:00.0000000,,1999-04-23 22:22:00.0000000,,2004-08-19 17:02:22.1744384,1999-04-23 22:22:00.0000000,2004-08-18 00:00:00.0000000,,0,9776709,0,,,,/evidence/windows-ntfs-mft-nist/nist-hacking-case.mft,,,
94,94,True,17,17,.\WIN98,WIN98_52.CAB,.CAB,1802240,1,,False,False,False,False,True,False,Archive,DosWindows,1999-04-23 22:22:00.0000000,,1999-04-23 22:22:00.0000000,,2004-08-19 17:02:22.1744384,1999-04-23 22:22:00.0000000,2004-08-18 00:00:00.0000000,,0,9776821,0,,,,/evidence/windows-ntfs-mft-nist/nist-hacking-case.mft,,,
95,95,True,17,17,.\WIN98,WIN98_53.CAB,.CAB,1802240,1,,False,False,False,False,True,False,Archive,DosWindows,1999-04-23 22:22:00.0000000,,1999-04-23 22:22:00.0000000,,2004-08-19 17:02:22.1944672,1999-04-23 22:22:00.0000000,2004-08-18 00:00:00.0000000,,0,9776933,0,,,,/evidence/windows-ntfs-mft-nist/nist-hacking-case.mft,,,
96,96,True,17,17,.\WIN98,WIN98_54.CAB,.CAB,1802240,1,,False,False,False,False,True,False,Archive,DosWindows,1999-04-23 22:22:00.0000000,,1999-04-23 22:22:00.0000000,,2004-08-19 17:02:22.1944672,1999-04-23 22:22:00.0000000,2004-08-18 00:00:00.0000000,,0,9777045,0,,,,/evidence/windows-ntfs-mft-nist/nist-hacking-case.mft,,,
97,97,True,17,17,.\WIN98,WIN98_55.CAB,.CAB,1802240,1,,False,False,False,False,True,False,Archive,DosWindows,1999-04-23 22:22:00.0000000,,1999-04-23 22:22:00.0000000,,2004-08-19 17:02:22.1944672,1999-04-23 22:22:00.0000000,2004-08-18 00:00:00.0000000,,0,9777165,0,,,,/evidence/windows-ntfs-mft-nist/nist-hacking-case.mft,,,
98,98,True,17,17,.\WIN98,WIN98_56.CAB,.CAB,1802240,1,,False,False,False,False,True,False,Archive,DosWindows,1999-04-23 22:22:00.0000000,,1999-04-23 22:22:00.0000000,,2004-08-19 17:02:22.1944672,1999-04-23 22:22:00.0000000,2004-08-18 00:00:00.0000000,,0,9777277,0,,,,/evidence/windows-ntfs-mft-nist/nist-hacking-case.mft,,,
99,99,True,17,17,.\WIN98,WIN98_57.CAB,.CAB,1802240,1,,False,False,False,False,True,False,Archive,DosWindows,1999-04-23 22:22:00.0000000,,1999-04-23 22:22:00.0000000,,2004-08-19 17:02:22.2245104,1999-04-23 22:22:00.0000000,2004-08-18 00:00:00.0000000,,0,9777389,0,,,,/evidence/windows-ntfs-mft-nist/nist-hacking-case.mft,,,
100,100,True,17,17,.\WIN98,WIN98_58.CAB,.CAB,1802240,1,,False,False,False,False,True,False,Archive,DosWindows,1999-04-23 22:22:00.0000000,,1999-04-23 22:22:00.0000000,,2004-08-19 17:02:22.2245104,1999-04-23 22:22:00.0000000,2004-08-18 00:00:00.0000000,,0,9777501,0,,,,/evidence/windows-ntfs-mft-nist/nist-hacking-case.mft,,,
101,101,True,17,17,.\WIN98,WIN98_59.CAB,.CAB,1802240,1,,False,False,False,False,True,False,Archive,DosWindows,1999-04-23 22:22:00.0000000,,1999-04-23 22:22:00.0000000,,2004-08-19 17:02:22.2245104,1999-04-23 22:22:00.0000000,2004-08-18 00:00:00.0000000,,0,9777613,0,,,,/evidence/windows-ntfs-mft-nist/nist-hacking-case.mft,,,
102,102,True,17,17,.\WIN98,WIN98_60.CAB,.CAB,1802240,1,,False,False,False,False,True,False,Archive,DosWindows,1999-04-23 22:22:00.0000000,,1999-04-23 22:22:00.0000000,,2004-08-19 17:02:22.2245104,1999-04-23 22:22:00.0000000,2004-08-18 00:00:00.0000000,,0,9777733,0,,,,/evidence/windows-ntfs-mft-nist/nist-hacking-case.mft,,,
103,103,True,17,17,.\WIN98,WIN98_61.CAB,.CAB,1802240,1,,False,False,False,False,True,False,Archive,DosWindows,1999-04-23 22:22:00.0000000,,1999-04-23 22:22:00.0000000,,2004-08-19 17:02:22.2545536,1999-04-23 22:22:00.0000000,2004-08-18 00:00:00.0000000,,0,9777845,0,,,,/evidence/windows-ntfs-mft-nist/nist-hacking-case.mft,,,
104,104,True,17,17,.\WIN98,WIN98_62.CAB,.CAB,1802240,1,,False,False,False,False,True,False,Archive,DosWindows,1999-04-23 22:22:00.0000000,,1999-04-23 22:22:00.0000000,,2004-08-19 17:02:22.2545536,1999-04-23 22:22:00.0000000,2004-08-18 00:00:00.0000000,,0,9777957,0,,,,/evidence/windows-ntfs-mft-nist/nist-hacking-case.mft,,,
105,105,True,17,17,.\WIN98,WIN98_63.CAB,.CAB,1802240,1,,False,False,False,False,True,False,Archive,DosWindows,1999-04-23 22:22:00.0000000,,1999-04-23 22:22:00.0000000,,2004-08-19 17:02:22.2545536,1999-04-23 22:22:00.0000000,2004-08-18 00:00:00.0000000,,0,9778069,0,,,,/evidence/windows-ntfs-mft-nist/nist-hacking-case.mft,,,
106,106,True,17,17,.\WIN98,WIN98_64.CAB,.CAB,1802240,1,,False,False,False,False,True,False,Archive,DosWindows,1999-04-23 22:22:00.0000000,,1999-04-23 22:22:00.0000000,,2004-08-19 17:02:22.2545536,1999-04-23 22:22:00.0000000,2004-08-18 00:00:00.0000000,,0,9778189,0,,,,/evidence/windows-ntfs-mft-nist/nist-hacking-case.mft,,,
107,107,True,17,17,.\WIN98,WIN98_65.CAB,.CAB,1802240,1,,False,False,False,False,True,False,Archive,DosWindows,1999-04-23 22:22:00.0000000,,1999-04-23 22:22:00.0000000,,2004-08-19 17:02:22.2845968,1999-04-23 22:22:00.0000000,2004-08-18 00:00:00.0000000,,0,9778301,0,,,,/evidence/windows-ntfs-mft-nist/nist-hacking-case.mft,,,
108,108,True,17,17,.\WIN98,WIN98_66.CAB,.CAB,1802240,1,,False,False,False,False,True,False,Archive,DosWindows,1999-04-23 22:22:00.0000000,,1999-04-23 22:22:00.0000000,,2004-08-19 17:02:22.2845968,1999-04-23 22:22:00.0000000,2004-08-18 00:00:00.0000000,,0,9778413,0,,,,/evidence/windows-ntfs-mft-nist/nist-hacking-case.mft,,,
109,109,True,17,17,.\WIN98,WIN98_67.CAB,.CAB,1802240,1,,False,False,False,False,True,False,Archive,DosWindows,1999-04-23 22:22:00.0000000,,1999-04-23 22:22:00.0000000,,2004-08-19 17:02:22.2845968,1999-04-23 22:22:00.0000000,2004-08-18 00:00:00.0000000,,0,9778525,0,,,,/evidence/windows-ntfs-mft-nist/nist-hacking-case.mft,,,
110,110,True,17,17,.\WIN98,WIN98_68.CAB,.CAB,1802240,1,,False,False,False,False,True,False,Archive,DosWindows,1999-04-23 22:22:00.0000000,,1999-04-23 22:22:00.0000000,,2004-08-19 17:02:22.2845968,1999-04-23 22:22:00.0000000,2004-08-18 00:00:00.0000000,,0,9778637,0,,,,/evidence/windows-ntfs-mft-nist/nist-hacking-case.mft,,,
111,111,True,17,17,.\WIN98,WIN98_69.CAB,.CAB,1802240,1,,False,False,False,False,True,False,Archive,DosWindows,1999-04-23 22:22:00.0000000,,1999-04-23 22:22:00.0000000,,2004-08-19 17:02:22.3146400,1999-04-23 22:22:00.0000000,2004-08-18 00:00:00.0000000,,0,9778757,0,,,,/evidence/windows-ntfs-mft-nist/nist-hacking-case.mft,,,
112,112,True,17,17,.\WIN98,WIN98_70.CAB,.CAB,1802240,1,,False,False,False,False,True,False,Archive,DosWindows,1999-04-23 22:22:00.0000000,,1999-04-23 22:22:00.0000000,,2004-08-19 17:02:22.3146400,1999-04-23 22:22:00.0000000,2004-08-18 00:00:00.0000000,,0,9778869,0,,,,/evidence/windows-ntfs-mft-nist/nist-hacking-case.mft,,,
113,113,True,17,17,.\WIN98,WIN98_71.CAB,.CAB,1802240,1,,False,False,False,False,True,False,Archive,DosWindows,1999-04-23 22:22:00.0000000,,1999-04-23 22:22:00.0000000,,2004-08-19 17:02:22.3146400,1999-04-23 22:22:00.0000000,2004-08-18 00:00:00.0000000,,0,9778981,0,,,,/evidence/windows-ntfs-mft-nist/nist-hacking-case.mft,,,
114,114,True,17,17,.\WIN98,WIN98_72.CAB,.CAB,1802240,1,,False,False,False,False,True,False,Archive,DosWindows,1999-04-23 22:22:00.0000000,,1999-04-23 22:22:00.0000000,,2004-08-19 17:02:22.3146400,1999-04-23 22:22:00.0000000,2004-08-18 00:00:00.0000000,,0,9779093,0,,,,/evidence/windows-ntfs-mft-nist/nist-hacking-case.mft,,,
115,115,True,17,17,.\WIN98,WIN98_73.CAB,.CAB,1802240,1,,False,False,False,False,True,False,Archive,DosWindows,1999-04-23 22:22:00.0000000,,1999-04-23 22:22:00.0000000,,2004-08-19 17:02:22.3146400,1999-04-23 22:22:00.0000000,2004-08-18 00:00:00.0000000,,0,9779213,0,,,,/evidence/windows-ntfs-mft-nist/nist-hacking-case.mft,,,
116,116,True,17,17,.\WIN98,WIN98_74.CAB,.CAB,1056537,1,,False,False,False,False,True,False,Archive,DosWindows,1999-04-23 22:22:00.0000000,,1999-04-23 22:22:00.0000000,,2004-08-19 17:02:22.3146400,1999-04-23 22:22:00.0000000,2004-08-18 00:00:00.0000000,,0,9779325,0,,,,/evidence/windows-ntfs-mft-nist/nist-hacking-case.mft,,,
117,117,True,17,17,.\WIN98,WIN98_OL.CAB,.CAB,1708985,1,,False,False,False,False,True,False,Archive,DosWindows,1999-04-23 22:22:00.0000000,,1999-04-23 22:22:00.0000000,,2004-08-19 17:02:22.3146400,1999-04-23 22:22:00.0000000,2004-08-18 00:00:00.0000000,,0,9779437,0,,,,/evidence/windows-ntfs-mft-nist/nist-hacking-case.mft,,,
118,118,True,17,17,.\WIN98,XMSMMGR.EXE,.EXE,14144,1,,False,False,False,False,True,False,Archive,DosWindows,1999-04-23 22:22:00.0000000,,1999-04-23 22:22:00.0000000,,2004-08-19 17:02:22.3146400,1999-04-23 22:22:00.0000000,2004-08-18 00:00:00.0000000,,0,9779610,0,,,,/evidence/windows-ntfs-mft-nist/nist-hacking-case.mft,,,
119,119,True,5,5,.,BOOTLOG.TXT,.TXT,41727,1,,False,False,False,False,True,False,Hidden|System,DosWindows,2004-08-19 15:39:26.0000000,,2004-08-19 15:39:26.0000000,,2004-08-19 22:40:19.6483344,2004-08-19 15:39:26.0000000,2004-08-19 00:00:00.0000000,,0,19105246,0,,,,/evidence/windows-ntfs-mft-nist/nist-hacking-case.mft,,,
120,120,True,5,5,.,COMMAND.COM,.COM,93890,1,,False,False,False,False,True,False,Hidden|System,DosWindows,1999-04-23 22:22:00.0000000,,1999-04-23 22:22:00.0000000,,2004-08-19 22:40:19.6483344,1999-04-23 22:22:00.0000000,2004-08-18 00:00:00.0000000,,0,19104778,0,,,,/evidence/windows-ntfs-mft-nist/nist-hacking-case.mft,,,
121,121,True,5,5,.,SUHDLOG.DAT,.DAT,5166,1,,False,False,False,False,True,False,Hidden|System,DosWindows,2004-08-18 16:40:56.0000000,,2004-08-18 16:40:56.0000000,,2004-08-19 22:40:19.6483344,2004-08-18 16:40:56.0000000,2004-08-18 00:00:00.0000000,,0,19105713,0,,,,/evidence/windows-ntfs-mft-nist/nist-hacking-case.mft,,,
122,122,True,5,5,.,FRUNLOG.TXT,.TXT,1012,1,,False,False,False,False,True,False,Archive,DosWindows,2004-08-18 16:42:21.1700000,,2004-08-18 16:46:48.0000000,,2004-08-19 17:02:21.5535456,2004-08-18 16:46:48.0000000,2004-08-18 00:00:00.0000000,,0,9765643,0,,,,/evidence/windows-ntfs-mft-nist/nist-hacking-case.mft,,,
123,123,True,5,5,.,MSDOS.---,.---,22,1,,False,False,False,False,True,False,Hidden|System,DosWindows,2004-08-18 16:31:34.0000000,,2004-08-18 16:31:34.0000000,,2004-08-19 22:40:19.6483344,2004-08-18 16:31:34.0000000,2004-08-18 00:00:00.0000000,,0,19104895,0,,,,/evidence/windows-ntfs-mft-nist/nist-hacking-case.mft,,,
124,124,True,5,5,.,SETUPLOG.TXT,.TXT,99731,1,,False,False,False,False,True,False,Hidden|System,DosWindows,2004-08-18 16:53:16.0000000,,2004-08-18 16:53:16.0000000,,2004-08-19 22:40:19.6483344,2004-08-18 16:53:16.0000000,2004-08-18 00:00:00.0000000,,0,19105596,0,,,,/evidence/windows-ntfs-mft-nist/nist-hacking-case.mft,,,
125,125,True,5,5,.,NETLOG.TXT,.TXT,3345,1,,False,False,False,False,True,False,Hidden|System,DosWindows,2004-08-18 16:53:16.0000000,,2004-08-18 16:53:16.0000000,,2004-08-19 22:40:19.6583488,2004-08-18 16:53:16.0000000,2004-08-18 00:00:00.0000000,,0,19105991,0,,,,/evidence/windows-ntfs-mft-nist/nist-hacking-case.mft,,,
126,126,True,5,5,.,MSDOS.SYS,.SYS,1676,1,,False,False,False,False,True,False,ReadOnly|Hidden|System|Archive,DosWindows,2004-08-18 16:50:14.0000000,,2004-08-18 16:50:14.0000000,,2004-08-19 17:02:21.5535456,2004-08-18 16:50:14.0000000,2004-08-18 00:00:00.0000000,,0,9765988,0,,,,/evidence/windows-ntfs-mft-nist/nist-hacking-case.mft,,,
127,127,True,5,5,.,AUTOEXEC.BAT,.BAT,0,1,,False,False,False,False,True,False,Archive,DosWindows,2004-08-18 16:53:34.5500000,,2004-08-18 16:53:36.0000000,,2004-08-19 17:02:10.9783392,2004-08-18 16:53:36.0000000,2004-08-19 00:00:00.0000000,,0,9230969,0,,,,/evidence/windows-ntfs-mft-nist/nist-hacking-case.mft,,,
128,128,True,5,5,.,DETLOG.TXT,.TXT,70936,1,,False,False,False,False,True,False,Hidden|System,DosWindows,2004-08-18 16:47:01.7100000,,2004-08-18 16:50:00.0000000,,2004-08-19 22:40:19.6483344,2004-08-18 16:50:00.0000000,2004-08-18 00:00:00.0000000,,0,19105491,0,,,,/evidence/windows-ntfs-mft-nist/nist-hacking-case.mft,,,
129,129,True,5,5,.,CONFIG.SYS,.SYS,30,1,,False,False,False,False,True,False,Archive,DosWindows,2004-08-18 16:54:54.1700000,,2004-08-18 16:54:56.0000000,,2004-08-19 17:02:10.9783392,2004-08-18 16:54:56.0000000,2004-08-19 22:38:21.6987312,2004-08-19 00:00:00.0000000,0,19260776,0,,,,/evidence/windows-ntfs-mft-nist/nist-hacking-case.mft,,,
130,130,True,5,5,.,BOOTLOG.PRV,.PRV,46251,1,,False,False,False,False,True,False,Hidden|System,DosWindows,2004-08-18 16:56:12.0000000,,2004-08-18 16:56:12.0000000,,2004-08-19 22:40:19.6483344,2004-08-18 16:56:12.0000000,2004-08-18 00:00:00.0000000,,0,19105374,0,,,,/evidence/windows-ntfs-mft-nist/nist-hacking-case.mft,,,
131,131,True,5,5,.,VIDEOROM.BIN,.BIN,49152,1,,False,False,False,False,True,False,Hidden|System|Archive,DosWindows,2004-08-18 16:54:36.0000000,,2004-08-18 16:54:36.0000000,,2004-08-19 17:02:21.5735744,2004-08-18 16:54:36.0000000,2004-08-18 16:54:36.0000000,,0,9766941,0,,,,/evidence/windows-ntfs-mft-nist/nist-hacking-case.mft,,,
132,132,True,5,5,.,SYSTEM.1ST,.1ST,446496,1,,False,False,False,False,True,False,Hidden|System,DosWindows,2004-08-18 16:40:54.0000000,,2004-08-18 16:40:54.0000000,,2004-08-19 22:40:19.6583488,2004-08-18 16:40:54.0000000,2004-08-18 00:00:00.0000000,,0,19105917,0,,,,/evidence/windows-ntfs-mft-nist/nist-hacking-case.mft,,,
133,133,True,5,5,.,IO.SYS,.SYS,222390,1,,False,False,False,False,True,False,ReadOnly|Hidden|System|Archive,DosWindows,1999-04-23 22:22:00.0000000,,1999-04-23 22:22:00.0000000,,2004-08-19 17:02:21.5535456,1999-04-23 22:22:00.0000000,2004-08-18 00:00:00.0000000,,0,9765755,0,,,,/evidence/windows-ntfs-mft-nist/nist-hacking-case.mft,,,
134,134,True,5,5,.,Program Files,,0,1,,True,False,False,False,True,False,ReadOnly|Directory,Windows,2004-08-18 16:31:52.0000000,,2004-08-27 15:28:49.7727000,2004-08-18 16:31:52.0000000,2004-08-27 15:28:49.7727000,2004-08-18 16:31:52.0000000,2004-08-27 15:29:18.1234664,2004-08-18 00:00:00.0000000,0,38957907,0,,,,/evidence/windows-ntfs-mft-nist/nist-hacking-case.mft,,,
135,135,True,134,134,.\Program Files,Common Files,,0,1,,True,False,False,False,True,False,ReadOnly|Directory,Windows,2004-08-18 16:31:54.0000000,,2004-08-19 22:29:24.5463440,2004-08-18 16:31:54.0000000,2004-08-19 22:29:24.5463440,2004-08-18 16:31:54.0000000,2004-08-27 15:08:06.0894752,2004-08-18 00:00:00.0000000,0,37978553,0,,,,/evidence/windows-ntfs-mft-nist/nist-hacking-case.mft,,,
136,136,True,135,135,.\Program Files\Common Files,SYSTEM,,0,1,,True,False,False,False,True,False,Directory,DosWindows,2004-08-18 16:34:30.0000000,,2004-08-19 22:29:23.8553504,2004-08-18 16:34:30.0000000,2004-08-19 22:29:23.8553504,2004-08-18 16:34:30.0000000,2004-08-20 15:12:01.7599200,2004-08-18 00:00:00.0000000,0,36778161,0,,,,/evidence/windows-ntfs-mft-nist/nist-hacking-case.mft,,,
137,137,True,136,136,.\Program Files\Common Files\SYSTEM,ADO,,0,1,,True,False,False,False,True,False,Directory,DosWindows,2004-08-18 16:34:30.0000000,,2004-08-19 22:29:03.3358448,2004-08-18 16:34:30.0000000,2004-08-19 22:29:03.3358448,2004-08-18 16:34:30.0000000,2004-08-19 22:29:03.3358448,2004-08-18 00:00:00.0000000,0,14392775,0,,,,/evidence/windows-ntfs-mft-nist/nist-hacking-case.mft,,,
138,138,True,137,137,.\Program Files\Common Files\SYSTEM\ADO,MAKAPT15.BAT,.BAT,26,1,,False,False,False,False,True,False,Archive,DosWindows,1999-04-23 22:22:00.0000000,,1999-04-23 22:22:00.0000000,,2004-08-19 17:02:11.1085264,1999-04-23 22:22:00.0000000,2004-08-18 00:00:00.0000000,,0,9240083,0,,,,/evidence/windows-ntfs-mft-nist/nist-hacking-case.mft,,,
139,139,True,137,137,.\Program Files\Common Files\SYSTEM\ADO,MAKFRE15.BAT,.BAT,26,1,,False,False,False,False,True,False,Archive,DosWindows,1999-04-23 22:22:00.0000000,,1999-04-23 22:22:00.0000000,,2004-08-19 17:02:11.1085264,1999-04-23 22:22:00.0000000,2004-08-18 00:00:00.0000000,,0,9240198,0,,,,/evidence/windows-ntfs-mft-nist/nist-hacking-case.mft,,,
140,142,True,137,137,.\Program Files\Common Files\SYSTEM\ADO,msado15.dll,.dll,487424,1,,False,False,False,False,True,True,Archive,DosWindows,2004-08-19 22:29:01.9138000,,2001-08-23 18:00:00.0000000,,2004-08-19 22:29:02.2142320,2004-08-19 22:29:02.1741744,2004-08-19 22:41:34.4058304,2004-08-19 22:29:02.1741744,0,19734010,0,,,,/evidence/windows-ntfs-mft-nist/nist-hacking-case.mft,,,
141,143,True,137,137,.\Program Files\Common Files\SYSTEM\ADO,msado20.tlb,.tlb,61440,1,,False,False,False,False,True,True,Archive,DosWindows,2004-08-19 22:29:02.2843328,,2001-08-23 18:00:00.0000000,,2004-08-19 22:29:02.3143760,2004-08-19 22:29:02.2943472,2004-08-19 22:41:34.4458880,2004-08-19 22:29:02.2943472,0,19734053,0,,,,/evidence/windows-ntfs-mft-nist/nist-hacking-case.mft,,,
142,144,True,137,137,.\Program Files\Common Files\SYSTEM\ADO,msador15.dll,.dll,49152,1,,False,False,False,False,True,True,Archive,DosWindows,2004-08-19 22:29:02.7950672,,2001-08-23 18:00:00.0000000,,2004-08-19 22:29:02.9452832,2004-08-19 22:29:02.8050816,2004-08-19 22:41:34.7062624,2004-08-19 22:29:02.8050816,0,19734158,0,,,,/evidence/windows-ntfs-mft-nist/nist-hacking-case.mft,,,
143,145,True,137,137,.\Program Files\Common Files\SYSTEM\ADO,msadox.dll,.dll,180224,1,,False,False,False,False,True,True,Archive,DosWindows,2004-08-19 22:29:03.0253984,,2001-08-23 18:00:00.0000000,,2004-08-19 22:29:03.0854848,2004-08-19 22:29:03.0554416,2004-08-19 22:41:35.0267232,2004-08-19 22:29:03.0554416,0,19734193,0,,,,/evidence/windows-ntfs-mft-nist/nist-hacking-case.mft,,,
144,146,True,137,137,.\Program Files\Common Files\SYSTEM\ADO,msadrh15.dll,.dll,53248,1,,False,False,False,False,True,True,Archive,DosWindows,2004-08-19 22:29:03.1555856,,2001-08-23 18:00:00.0000000,,2004-08-19 22:29:03.1756144,2004-08-19 22:29:03.1555856,2004-08-19 22:41:35.1068384,2004-08-19 22:29:03.1555856,0,19734228,0,,,,/evidence/windows-ntfs-mft-nist/nist-hacking-case.mft,,,
145,147,True,137,137,.\Program Files\Common Files\SYSTEM\ADO,msjro.dll,.dll,90112,1,,False,False,False,False,True,True,Archive,DosWindows,2004-08-19 22:29:03.3058016,,2001-08-23 18:00:00.0000000,,2004-08-19 22:29:03.3458592,2004-08-19 22:29:03.3258304,2004-08-19 22:41:38.2413456,2004-08-19 22:29:03.3258304,0,19795270,0,,,,/evidence/windows-ntfs-mft-nist/nist-hacking-case.mft,,,
146,148,True,176,176,.\Program Files\Common Files\SYSTEM\ole db,msdadc.dll,.dll,4096,1,,False,False,False,False,True,True,Archive,DosWindows,2004-08-19 22:29:03.4760464,,2001-08-23 18:00:00.0000000,,2004-08-19 22:29:03.4960752,2004-08-19 22:29:03.4760464,2004-08-19 22:41:35.2270112,2004-08-19 22:29:03.4760464,0,19734263,0,,,,/evidence/windows-ntfs-mft-nist/nist-hacking-case.mft,,,
147,149,True,137,137,.\Program Files\Common Files\SYSTEM\ADO,adovbs.inc,.inc,14792,1,,False,False,False,False,True,True,Archive,DosWindows,2004-08-19 22:29:01.4831808,,2001-08-23 18:00:00.0000000,,2004-08-19 22:29:01.5032096,2004-08-19 22:29:01.4831808,2004-08-19 22:29:01.4931952,2004-08-19 22:29:01.4831808,0,14420077,0,,,,/evidence/windows-ntfs-mft-nist/nist-hacking-case.mft,,,
148,150,True,137,137,.\Program Files\Common Files\SYSTEM\ADO,MDACReadme.htm,.htm,543,1,,False,False,False,False,True,True,Archive,Windows,2004-08-19 22:29:01.6634400,,2001-08-23 18:00:00.0000000,,2004-08-19 22:29:01.6734544,2004-08-19 22:29:01.6634400,2004-08-19 22:29:01.6634400,,0,14421236,0,,,,/evidence/windows-ntfs-mft-nist/nist-hacking-case.mft,,,
149,149,True,137,137,.\Program Files\Common Files\SYSTEM\ADO,ADOAPT15.REG,.REG,667,1,,False,False,False,False,True,False,Archive,DosWindows,1999-04-23 22:22:00.0000000,,1999-04-23 22:22:00.0000000,,2004-08-19 17:02:11.0985120,1999-04-23 22:22:00.0000000,2004-08-18 00:00:00.0000000,,0,9238990,0,,,,/evidence/windows-ntfs-mft-nist/nist-hacking-case.mft,,,
150,150,True,137,137,.\Program Files\Common Files\SYSTEM\ADO,ADOFRE15.REG,.REG,640,1,,False,False,False,False,True,False,Archive,DosWindows,1999-04-23 22:22:00.0000000,,1999-04-23 22:22:00.0000000,,2004-08-19 17:02:11.0985120,1999-04-23 22:22:00.0000000,2004-08-18 00:00:00.0000000,,0,9239131,0,,,,/evidence/windows-ntfs-mft-nist/nist-hacking-case.mft,,,
151,153,True,137,137,.\Program Files\Common Files\SYSTEM\ADO,msado21.tlb,.tlb,61440,1,,False,False,False,False,True,True,Archive,DosWindows,2004-08-19 22:29:02.3744624,,2001-08-23 18:00:00.0000000,,2004-08-19 22:29:02.4045056,2004-08-19 22:29:02.3844768,2004-08-19 22:41:34.5660608,2004-08-19 22:29:02.3844768,0,19734088,0,,,,/evidence/windows-ntfs-mft-nist/nist-hacking-case.mft,,,
152,157,True,687,690,.\Documents and Settings\Default User\Application Data\Microsoft\Internet Explorer,brndlog.bak,.bak,113,1,,False,False,False,False,False,True,Archive,DosWindows,2004-08-19 22:37:31.2662128,,2004-08-19 22:36:04.5615376,2004-08-19 22:37:31.2662128,2004-08-19 22:36:04.5615376,2004-08-19 22:37:31.2662128,2004-08-19 22:37:31.2662128,,0,18355748,0,,,,/evidence/windows-ntfs-mft-nist/nist-hacking-case.mft,,,
153,156,True,459,459,.\WINDOWS\system32,mapi32.dll,.dll,112128,1,,False,False,False,False,True,True,Archive,DosWindows,2004-08-19 22:37:32.1975520,,2001-08-23 18:00:00.0000000,2004-08-19 22:37:32.1975520,2004-08-19 17:02:17.1972816,2004-08-19 22:37:32.1975520,2004-08-25 16:11:16.1707456,2004-08-19 22:37:32.1975520,0,35756249,0,,,,/evidence/windows-ntfs-mft-nist/nist-hacking-case.mft,,,
154,157,True,246,246,.\Program Files\Internet Explorer,IEXPLORE.EXE,.EXE,91136,1,,False,False,False,False,True,True,Archive,DosWindows,2004-08-19 22:28:57.3672624,,2001-08-23 18:00:00.0000000,,2004-08-27 15:42:48.8175088,2004-08-19 22:28:57.3872912,2004-08-27 15:42:41.7473424,2004-08-19 22:28:57.3872912,0,39364960,0,170b2752-f234-11d8-b0f8-0010a4933e09,,,/evidence/windows-ntfs-mft-nist/nist-hacking-case.mft,,,
155,157,True,246,246,.\Program Files\Internet Explorer,HMMAPI.DLL,.DLL,36352,1,,False,False,False,False,True,True,Archive,DosWindows,2004-08-19 22:28:57.5174784,,2001-08-23 18:00:00.0000000,,2004-08-19 22:28:57.5475216,2004-08-19 22:28:57.5274928,2004-08-20 15:25:33.5271840,2004-08-19 22:28:57.5274928,0,31204071,0,,,,/evidence/windows-ntfs-mft-nist/nist-hacking-case.mft,,,
156,156,True,136,136,.\Program Files\Common Files\SYSTEM,MSADC,,0,1,,True,False,False,False,True,False,Directory,DosWindows,2004-08-18 16:35:24.0000000,,2004-08-19 22:29:01.2828928,2004-08-18 16:35:24.0000000,2004-08-19 22:29:01.2828928,2004-08-18 16:35:24.0000000,2004-08-19 22:29:01.2828928,2004-08-18 00:00:00.0000000,0,14368542,0,,,,/evidence/windows-ntfs-mft-nist/nist-hacking-case.mft,,,
157,159,True,156,156,.\Program Files\Common Files\SYSTEM\MSADC,msadcer.dll,.dll,20480,1,,False,False,False,False,True,True,Archive,DosWindows,2004-08-19 22:28:59.9609920,,2001-08-23 18:00:00.0000000,,2004-08-19 22:28:59.9910352,2004-08-19 22:28:59.9710064,2004-08-19 22:41:33.2842176,2004-08-19 22:28:59.9710064,0,19724354,0,,,,/evidence/windows-ntfs-mft-nist/nist-hacking-case.mft,,,
159,161,True,156,156,.\Program Files\Common Files\SYSTEM\MSADC,msadcfr.dll,.dll,16384,1,,False,False,False,False,True,True,Archive,DosWindows,2004-08-19 22:29:00.1512656,,2001-08-23 18:00:00.0000000,,2004-08-19 22:29:00.1712944,2004-08-19 22:29:00.1512656,2004-08-19 22:41:33.3443040,2004-08-19 22:29:00.1512656,0,19727613,0,,,,/evidence/windows-ntfs-mft-nist/nist-hacking-case.mft,,,
160,162,True,156,156,.\Program Files\Common Files\SYSTEM\MSADC,msadco.dll,.dll,131072,1,,False,False,False,False,True,True,Archive,DosWindows,2004-08-19 22:29:00.2514096,,2001-08-23 18:00:00.0000000,,2004-08-19 22:29:00.2914672,2004-08-19 22:29:00.2714384,2004-08-19 22:41:33.6747792,2004-08-19 22:29:00.2614240,0,19732311,0,,,,/evidence/windows-ntfs-mft-nist/nist-hacking-case.mft,,,
161,163,True,156,156,.\Program Files\Common Files\SYSTEM\MSADC,msadcor.dll,.dll,16384,1,,False,False,False,False,True,True,Archive,DosWindows,2004-08-19 22:29:00.3515536,,2001-08-23 18:00:00.0000000,,2004-08-19 22:29:00.3715824,2004-08-19 22:29:00.3615680,2004-08-19 22:41:33.7248512,2004-08-19 22:29:00.3615680,0,19732581,0,,,,/evidence/windows-ntfs-mft-nist/nist-hacking-case.mft,,,
162,164,True,156,156,.\Program Files\Common Files\SYSTEM\MSADC,msadcs.dll,.dll,53248,1,,False,False,False,False,True,True,Archive,DosWindows,2004-08-19 22:29:00.4416832,,2001-08-23 18:00:00.0000000,,2004-08-19 22:29:00.4717264,2004-08-19 22:29:00.4516976,2004-08-19 22:41:33.9752112,2004-08-19 22:29:00.4516976,0,19732616,0,,,,/evidence/windows-ntfs-mft-nist/nist-hacking-case.mft,,,
163,165,True,156,156,.\Program Files\Common Files\SYSTEM\MSADC,msadds.dll,.dll,147456,1,,False,False,False,False,True,True,Archive,DosWindows,2004-08-19 22:29:00.5618560,,2001-08-23 18:00:00.0000000,,2004-08-19 22:29:00.6019136,2004-08-19 22:29:00.5818848,2004-08-19 22:41:34.0653408,2004-08-19 22:29:00.5818848,0,19733119,0,,,,/evidence/windows-ntfs-mft-nist/nist-hacking-case.mft,,,
164,166,True,156,156,.\Program Files\Common Files\SYSTEM\MSADC,msaddsr.dll,.dll,24576,1,,False,False,False,False,True,True,Archive,DosWindows,2004-08-19 22:29:00.6820288,,2001-08-23 18:00:00.0000000,,2004-08-19 22:29:00.7120720,2004-08-19 22:29:00.6920432,2004-08-19 22:41:34.2355856,2004-08-19 22:29:00.6920432,0,19733940,0,,,,/evidence/windows-ntfs-mft-nist/nist-hacking-case.mft,,,
165,167,True,156,156,.\Program Files\Common Files\SYSTEM\MSADC,msdaprsr.dll,.dll,16384,1,,False,False,False,False,True,True,Archive,DosWindows,2004-08-19 22:29:00.8022016,,2001-08-23 18:00:00.0000000,,2004-08-19 22:29:00.8222304,2004-08-19 22:29:00.8022016,2004-08-19 22:41:35.4272992,2004-08-19 22:29:00.8022016,0,19740306,0,,,,/evidence/windows-ntfs-mft-nist/nist-hacking-case.mft,,,
166,168,True,156,156,.\Program Files\Common Files\SYSTEM\MSADC,msdaprst.dll,.dll,180224,1,,False,False,False,False,True,True,Archive,DosWindows,2004-08-19 22:29:00.9023456,,2001-08-23 18:00:00.0000000,,2004-08-19 22:29:00.9624320,2004-08-19 22:29:00.9323888,2004-08-19 22:41:35.5474720,2004-08-19 22:29:00.9323888,0,19740372,0,,,,/evidence/windows-ntfs-mft-nist/nist-hacking-case.mft,,,
167,169,True,156,156,.\Program Files\Common Files\SYSTEM\MSADC,msdfmap.dll,.dll,32768,1,,False,False,False,False,True,True,Archive,DosWindows,2004-08-19 22:29:01.0425472,,2001-08-23 18:00:00.0000000,,2004-08-19 22:29:01.0625760,2004-08-19 22:29:01.0425472,2004-08-19 22:41:36.3386096,2004-08-19 22:29:01.0425472,0,19773392,0,,,,/evidence/windows-ntfs-mft-nist/nist-hacking-case.mft,,,
168,170,True,137,137,.\Program Files\Common Files\SYSTEM\ADO,adojavas.inc,.inc,14459,1,,False,False,False,False,True,True,Archive,DosWindows,2004-08-19 22:29:01.4230944,,2001-08-23 18:00:00.0000000,,2004-08-19 22:29:01.4531376,2004-08-19 22:29:01.4331088,2004-08-19 22:29:01.4331088,,0,14420019,0,,,,/evidence/windows-ntfs-mft-nist/nist-hacking-case.mft,,,
169,171,True,156,156,.\Program Files\Common Files\SYSTEM\MSADC,msdarem.dll,.dll,110592,1,,False,False,False,False,True,True,Archive,DosWindows,2004-08-19 22:29:01.2528496,,2001-08-23 18:00:00.0000000,,2004-08-19 22:29:01.2929072,2004-08-19 22:29:01.2728784,2004-08-19 22:41:35.7177168,2004-08-19 22:29:01.2728784,0,19749225,0,,,,/evidence/windows-ntfs-mft-nist/nist-hacking-case.mft,,,
170,172,True,156,156,.\Program Files\Common Files\SYSTEM\MSADC,msdaremr.dll,.dll,16384,1,,False,False,False,False,True,True,Archive,DosWindows,2004-08-19 22:29:01.1326768,,2001-08-23 18:00:00.0000000,,2004-08-19 22:29:01.1527056,2004-08-19 22:29:01.1426912,2004-08-19 22:41:35.7377456,2004-08-19 22:29:01.1426912,0,19772388,0,,,,/evidence/windows-ntfs-mft-nist/nist-hacking-case.mft,,,
171,171,True,156,156,.\Program Files\Common Files\SYSTEM\MSADC,ADCJAVAS.INC,.INC,596,1,,False,False,False,False,True,False,Archive,DosWindows,1999-04-23 22:22:00.0000000,,1999-04-23 22:22:00.0000000,,2004-08-19 17:02:11.0784832,1999-04-23 22:22:00.0000000,2004-08-18 00:00:00.0000000,,0,9309151,0,,,,/evidence/windows-ntfs-mft-nist/nist-hacking-case.mft,,,
172,172,True,156,156,.\Program Files\Common Files\SYSTEM\MSADC,ADCVBS.INC,.INC,589,1,,False,False,False,False,True,False,Archive,DosWindows,1999-04-23 22:22:00.0000000,,1999-04-23 22:22:00.0000000,,2004-08-19 17:02:11.0884976,1999-04-23 22:22:00.0000000,2004-08-18 00:00:00.0000000,,0,9309223,0,,,,/evidence/windows-ntfs-mft-nist/nist-hacking-case.mft,,,
173,173,True,156,156,.\Program Files\Common Files\SYSTEM\MSADC,HANDLER.REG,.REG,518,1,,False,False,False,False,True,False,Archive,DosWindows,1999-04-23 22:22:00.0000000,,1999-04-23 22:22:00.0000000,,2004-08-19 17:02:11.0884976,1999-04-23 22:22:00.0000000,2004-08-18 00:00:00.0000000,,0,9236590,0,,,,/evidence/windows-ntfs-mft-nist/nist-hacking-case.mft,,,
174,174,True,156,156,.\Program Files\Common Files\SYSTEM\MSADC,HANDSAFE.REG,.REG,588,1,,False,False,False,False,True,False,Archive,DosWindows,1999-04-23 22:22:00.0000000,,1999-04-23 22:22:00.0000000,,2004-08-19 17:02:11.0884976,1999-04-23 22:22:00.0000000,2004-08-18 00:00:00.0000000,,0,9309295,0,,,,/evidence/windows-ntfs-mft-nist/nist-hacking-case.mft,,,
175,175,True,156,156,.\Program Files\Common Files\SYSTEM\MSADC,HANDUNSF.REG,.REG,573,1,,False,False,False,False,True,False,Archive,DosWindows,1999-04-23 22:22:00.0000000,,1999-04-23 22:22:00.0000000,,2004-08-19 17:02:11.0884976,1999-04-23 22:22:00.0000000,2004-08-18 00:00:00.0000000,,0,9309324,0,,,,/evidence/windows-ntfs-mft-nist/nist-hacking-case.mft,,,
176,176,True,136,136,.\Program Files\Common Files\SYSTEM,ole db,,0,1,,True,False,False,False,True,False,Directory,Windows,2004-08-18 16:34:44.0000000,,2004-08-19 23:04:49.9951952,2004-08-18 16:34:44.0000000,2004-08-19 23:04:49.9951952,2004-08-18 16:34:44.0000000,2004-08-20 15:12:01.7699344,2004-08-18 00:00:00.0000000,0,37856506,0,,,,/evidence/windows-ntfs-mft-nist/nist-hacking-case.mft,,,
177,179,True,204,204,.\Program Files\Common Files\Microsoft Shared\TEXTCONV,html32.cnv,.cnv,401480,1,,False,False,False,False,True,True,Archive,DosWindows,2004-08-19 22:28:57.6877232,,2001-08-23 18:00:00.0000000,,2004-08-19 22:28:57.8279248,2004-08-19 22:28:57.7878672,2004-08-19 22:28:57.8179104,2004-08-19 22:28:57.7878672,0,14360903,0,,,,/evidence/windows-ntfs-mft-nist/nist-hacking-case.mft,,,
178,180,True,176,176,.\Program Files\Common Files\SYSTEM\ole db,msdaenum.dll,.dll,4096,1,,False,False,False,False,True,True,Archive,DosWindows,2004-08-19 22:29:03.5561616,,2001-08-23 18:00:00.0000000,,2004-08-19 22:29:03.5761904,2004-08-19 22:29:03.5561616,2004-08-19 22:41:35.2370256,2004-08-19 22:29:03.5561616,0,19734298,0,,,,/evidence/windows-ntfs-mft-nist/nist-hacking-case.mft,,,
179,181,True,176,176,.\Program Files\Common Files\SYSTEM\ole db,msdaer.dll,.dll,4096,1,,False,False,False,False,True,True,Archive,DosWindows,2004-08-19 22:29:03.6462912,,2001-08-23 18:00:00.0000000,,2004-08-19 22:29:03.6563056,2004-08-19 22:29:03.6462912,2004-08-19 22:41:35.2670688,2004-08-19 22:29:03.6462912,0,19734333,0,,,,/evidence/windows-ntfs-mft-nist/nist-hacking-case.mft,,,
180,182,True,176,176,.\Program Files\Common Files\SYSTEM\ole db,msdaora.dll,.dll,221184,1,,False,False,False,False,True,True,Archive,DosWindows,2004-08-19 22:29:03.7464352,,2001-08-23 18:00:00.0000000,,2004-08-19 22:29:03.9967952,2004-08-19 22:29:03.7764784,2004-08-19 22:41:35.3571984,2004-08-19 22:29:03.7764784,0,19734813,0,,,,/evidence/windows-ntfs-mft-nist/nist-hacking-case.mft,,,
181,183,True,176,176,.\Program Files\Common Files\SYSTEM\ole db,msdaorar.dll,.dll,16384,1,,False,False,False,False,True,True,Archive,DosWindows,2004-08-19 22:29:04.0568816,,2001-08-23 18:00:00.0000000,,2004-08-19 22:29:04.0769104,2004-08-19 22:29:04.0568816,2004-08-19 22:29:04.0568816,,0,14461265,0,,,,/evidence/windows-ntfs-mft-nist/nist-hacking-case.mft,,,
182,184,True,176,176,.\Program Files\Common Files\SYSTEM\ole db,msdatl3.dll,.dll,86016,1,,False,False,False,False,True,True,Archive,DosWindows,2004-08-19 22:29:05.2085376,,2001-08-23 18:00:00.0000000,,2004-08-19 22:29:05.2385808,2004-08-19 22:29:05.2185520,2004-08-19 22:45:07.8227088,2004-08-19 22:29:05.2185520,0,23058060,0,,,,/evidence/windows-ntfs-mft-nist/nist-hacking-case.mft,,,
183,185,True,176,176,.\Program Files\Common Files\SYSTEM\ole db,msdaosp.dll,.dll,73728,1,,False,False,False,False,True,True,Archive,DosWindows,2004-08-19 22:29:05.0783504,,2001-08-23 18:00:00.0000000,,2004-08-19 22:29:05.1184080,2004-08-19 22:29:05.0883648,2004-08-19 22:41:35.3972560,2004-08-19 22:29:05.0883648,0,19738652,0,,,,/evidence/windows-ntfs-mft-nist/nist-hacking-case.mft,,,
184,186,True,176,176,.\Program Files\Common Files\SYSTEM\ole db,msdasql.dll,.dll,303104,1,,False,False,False,False,True,True,Archive,DosWindows,2004-08-19 22:29:04.2571696,,2001-08-23 18:00:00.0000000,,2004-08-19 22:29:04.3673280,2004-08-19 22:29:04.3372848,2004-08-19 22:41:36.2184368,2004-08-19 22:29:04.3372848,0,19772756,0,,,,/evidence/windows-ntfs-mft-nist/nist-hacking-case.mft,,,
185,187,True,176,176,.\Program Files\Common Files\SYSTEM\ole db,msdasqlr.dll,.dll,16384,1,,False,False,False,False,True,True,Archive,DosWindows,2004-08-19 22:29:04.4374288,,2001-08-23 18:00:00.0000000,,2004-08-19 22:29:04.4574576,2004-08-19 22:29:04.4374288,2004-08-19 22:41:36.2484800,2004-08-19 22:29:04.4374288,0,19772791,0,,,,/evidence/windows-ntfs-mft-nist/nist-hacking-case.mft,,,
186,188,True,176,176,.\Program Files\Common Files\SYSTEM\ole db,msdatt.dll,.dll,16384,1,,False,False,False,False,True,True,Archive,DosWindows,2004-08-19 22:29:04.5175440,,2001-08-23 18:00:00.0000000,,2004-08-19 22:29:04.5475872,2004-08-19 22:29:04.5275584,2004-08-19 22:41:36.2885376,2004-08-19 22:29:04.5275584,0,19772855,0,,,,/evidence/windows-ntfs-mft-nist/nist-hacking-case.mft,,,
187,187,True,176,176,.\Program Files\Common Files\SYSTEM\ole db,MSDATL2.DLL,.DLL,62736,1,,False,False,False,False,True,False,Archive,DosWindows,1999-04-23 22:22:00.0000000,,1999-04-23 22:22:00.0000000,,2004-08-19 17:02:11.0784832,1999-04-23 22:22:00.0000000,2004-08-18 00:00:00.0000000,,0,9234570,0,,,,/evidence/windows-ntfs-mft-nist/nist-hacking-case.mft,,,
188,190,True,176,176,.\Program Files\Common Files\SYSTEM\ole db,msdaurl.dll,.dll,4096,1,,False,False,False,False,True,True,Archive,DosWindows,2004-08-19 22:29:04.6076736,,2001-08-23 18:00:00.0000000,,2004-08-19 22:29:04.6277024,2004-08-19 22:29:04.6076736,2004-08-19 22:41:36.2985520,2004-08-19 22:29:04.6076736,0,19772890,0,,,,/evidence/windows-ntfs-mft-nist/nist-hacking-case.mft,,,
189,191,True,176,176,.\Program Files\Common Files\SYSTEM\ole db,msdaps.dll,.dll,188416,1,,False,False,False,False,True,True,Archive,DosWindows,2004-08-19 22:29:04.9281344,,2001-08-23 18:00:00.0000000,,2004-08-19 22:29:04.9882208,2004-08-19 22:29:04.9581776,2004-08-19 22:41:35.6476160,2004-08-19 22:29:04.9581776,0,19740407,0,,,,/evidence/windows-ntfs-mft-nist/nist-hacking-case.mft,,,
190,192,True,176,176,.\Program Files\Common Files\SYSTEM\ole db,oledb32r.dll,.dll,65536,1,,False,False,False,False,True,True,Archive,DosWindows,2004-08-19 22:29:05.7092576,,2001-08-23 18:00:00.0000000,,2004-08-19 22:29:05.7393008,2004-08-19 22:29:05.7192720,2004-08-19 23:04:33.7318096,2004-08-19 22:29:05.7192720,0,37861802,0,,,,/evidence/windows-ntfs-mft-nist/nist-hacking-case.mft,,,
191,193,True,176,176,.\Program Files\Common Files\SYSTEM\ole db,oledbjvs.inc,.inc,9804,1,,False,False,False,False,True,True,Archive,DosWindows,2004-08-19 22:29:05.8194160,,2001-08-23 18:00:00.0000000,,2004-08-19 22:29:05.8895168,2004-08-19 22:29:05.8194160,2004-08-19 22:29:05.8194160,,0,14475993,0,,,,/evidence/windows-ntfs-mft-nist/nist-hacking-case.mft,,,
192,194,True,204,204,.\Program Files\Common Files\Microsoft Shared\TEXTCONV,msconv97.dll,.dll,143434,1,,False,False,False,False,True,True,Archive,DosWindows,2004-08-19 22:28:58.0081840,,2001-08-23 18:00:00.0000000,,2004-08-19 22:28:58.0482416,2004-08-19 22:28:58.0282128,2004-08-19 22:28:58.0382272,2004-08-19 22:28:58.0282128,0,14360932,0,,,,/evidence/windows-ntfs-mft-nist/nist-hacking-case.mft,,,
193,195,True,176,176,.\Program Files\Common Files\SYSTEM\ole db,sqloledb.rll,.rll,61440,1,,False,False,False,False,True,True,Archive,DosWindows,2004-08-19 22:29:06.4302944,,2001-08-23 18:00:00.0000000,,2004-08-19 22:29:06.4603376,2004-08-19 22:29:06.4403088,2004-08-19 22:29:06.4403088,,0,14484177,0,,,,/evidence/windows-ntfs-mft-nist/nist-hacking-case.mft,,,
194,196,True,204,204,.\Program Files\Common Files\Microsoft Shared\TEXTCONV,mswrd632.wpc,.wpc,213066,1,,False,False,False,False,True,True,Archive,DosWindows,2004-08-19 22:28:58.2184864,,2001-08-23 18:00:00.0000000,,2004-08-19 22:28:58.2785728,2004-08-19 22:28:58.2585440,2004-08-19 22:28:58.2485296,,0,14374950,0,,,,/evidence/windows-ntfs-mft-nist/nist-hacking-case.mft,,,
195,197,True,204,204,.\Program Files\Common Files\Microsoft Shared\TEXTCONV,mswrd832.cnv,.cnv,278602,1,,False,False,False,False,True,True,Archive,DosWindows,2004-08-19 22:28:58.3687024,,2001-08-23 18:00:00.0000000,,2004-08-19 22:28:58.4488176,2004-08-19 22:28:58.4187744,2004-08-19 22:28:58.4187744,,0,14386184,0,,,,/evidence/windows-ntfs-mft-nist/nist-hacking-case.mft,,,
196,198,True,204,204,.\Program Files\Common Files\Microsoft Shared\TEXTCONV,write32.wpc,.wpc,110665,1,,False,False,False,False,True,True,Archive,DosWindows,2004-08-19 22:28:58.6491056,,2001-08-23 18:00:00.0000000,,2004-08-19 22:28:58.6791488,2004-08-19 22:28:58.6591200,2004-08-19 22:28:58.6591200,,0,14386242,0,,,,/evidence/windows-ntfs-mft-nist/nist-hacking-case.mft,,,
197,199,True,253,253,.\Program Files\Internet Explorer\SIGNUP,INSTALL.INS,.INS,1363,1,,False,False,False,False,True,True,Archive,DosWindows,2004-08-19 22:28:58.8293648,,2001-08-23 18:00:00.0000000,,2004-08-19 22:28:58.8493936,2004-08-19 22:28:58.8393792,2004-08-19 23:04:57.9866864,2004-08-19 22:28:58.8393792,0,37867496,0,,,,/evidence/windows-ntfs-mft-nist/nist-hacking-case.mft,,,
198,199,True,8432,3,.\Documents and Settings\Mr. Evil\Application Data\Microsoft,Windows,,0,1,,True,False,False,False,False,False,None,DosWindows,2004-08-19 23:06:21.9273872,,2004-08-19 23:06:21.9374016,2004-08-19 23:06:21.9273872,2004-08-19 23:06:21.9374016,2004-08-19 23:06:21.9273872,2004-08-20 15:17:59.3741440,2004-08-19 23:06:21.9273872,0,28128898,296,,,,/evidence/windows-ntfs-mft-nist/nist-hacking-case.mft,,,
199,200,True,198,199,.\Documents and Settings\Mr. Evil\Application Data\Microsoft\Windows,Themes,,0,1,,True,False,False,False,False,False,None,DosWindows,2004-08-19 23:06:21.9374016,,2004-08-19 23:06:21.9474160,2004-08-19 23:06:21.9374016,2004-08-19 23:06:21.9474160,2004-08-19 23:06:21.9374016,2004-08-20 15:17:59.3741440,2004-08-19 23:06:21.9374016,0,28128965,296,,,,/evidence/windows-ntfs-mft-nist/nist-hacking-case.mft,,,
200,202,True,176,176,.\Program Files\Common Files\SYSTEM\ole db,msxactps.dll,.dll,24576,1,,False,False,False,False,True,True,Archive,DosWindows,2004-08-19 22:29:04.7578896,,2001-08-23 18:00:00.0000000,,2004-08-19 22:29:04.7879328,2004-08-19 22:29:04.7679040,2004-08-19 22:41:41.1555360,2004-08-19 22:29:04.7679040,0,19894352,0,,,,/evidence/windows-ntfs-mft-nist/nist-hacking-case.mft,,,
201,203,True,207,207,.\Program Files\Common Files\Microsoft Shared\TRIEDIT,DHTMLED.OCX,.OCX,116224,1,,False,False,False,False,True,True,Archive,DosWindows,2004-08-19 22:28:59.0196384,,2001-08-23 18:00:00.0000000,,2004-08-19 22:28:59.0596960,2004-08-19 22:28:59.0396672,2004-08-19 22:42:42.7641248,2004-08-19 22:28:59.0296528,0,21416575,0,,,,/evidence/windows-ntfs-mft-nist/nist-hacking-case.mft,,,
202,204,True,207,207,.\Program Files\Common Files\Microsoft Shared\TRIEDIT,TRIEDIT.DLL,.DLL,145920,1,,False,False,False,False,True,True,Archive,DosWindows,2004-08-19 22:28:59.2900272,,2001-08-23 18:00:00.0000000,,2004-08-19 22:28:59.3400992,2004-08-19 22:28:59.3100560,2004-08-19 22:47:36.6266784,2004-08-19 22:28:59.3100560,0,25742875,0,,,,/evidence/windows-ntfs-mft-nist/nist-hacking-case.mft,,,
203,203,True,135,135,.\Program Files\Common Files,Microsoft Shared,,0,1,,True,False,False,False,True,False,ReadOnly|Directory,Windows,2004-08-18 16:31:54.0000000,,2004-08-19 22:29:16.5548528,2004-08-18 16:31:54.0000000,2004-08-19 22:29:16.5548528,2004-08-18 16:31:54.0000000,2004-08-27 15:08:06.0894752,2004-08-18 00:00:00.0000000,0,37978675,0,,,,/evidence/windows-ntfs-mft-nist/nist-hacking-case.mft,,,
204,204,True,203,203,.\Program Files\Common Files\Microsoft Shared,TEXTCONV,,0,1,,True,False,False,False,True,False,Directory,DosWindows,2004-08-18 16:34:44.0000000,,2004-08-19 22:28:58.6691344,2004-08-18 16:34:44.0000000,2004-08-19 22:28:58.6691344,2004-08-18 16:34:44.0000000,2004-08-19 22:28:58.6691344,2004-08-18 00:00:00.0000000,0,14337517,0,,,,/evidence/windows-ntfs-mft-nist/nist-hacking-case.mft,,,
205,207,True,210,210,.\Program Files\Common Files\Microsoft Shared\MSINFO,IEINFO5.OCX,.OCX,93184,1,,False,False,False,False,True,True,Archive,DosWindows,2004-08-19 22:28:59.4803008,,2001-08-23 18:00:00.0000000,,2004-08-19 22:28:59.5103440,2004-08-19 22:28:59.4903152,2004-08-19 22:44:01.9880432,2004-08-19 22:28:59.4903152,0,22549019,0,,,,/evidence/windows-ntfs-mft-nist/nist-hacking-case.mft,,,
206,208,True,210,210,.\Program Files\Common Files\Microsoft Shared\MSINFO,IEFILES5.INF,.INF,617,1,,False,False,False,False,True,True,Archive,DosWindows,2004-08-19 22:28:59.5804448,,2001-08-23 18:00:00.0000000,,2004-08-19 22:28:59.6004736,2004-08-19 22:28:59.5804448,2004-08-19 22:28:59.5804448,,0,14398836,0,,,,/evidence/windows-ntfs-mft-nist/nist-hacking-case.mft,,,
207,207,True,203,203,.\Program Files\Common Files\Microsoft Shared,TRIEDIT,,0,1,,True,False,False,False,True,False,Directory,DosWindows,2004-08-18 16:36:12.0000000,,2004-08-19 22:28:59.3300848,2004-08-18 16:36:12.0000000,2004-08-19 22:28:59.3300848,2004-08-18 16:36:12.0000000,2004-08-19 22:28:59.3300848,2004-08-18 00:00:00.0000000,0,14342493,0,,,,/evidence/windows-ntfs-mft-nist/nist-hacking-case.mft,,,
208,210,True,156,156,.\Program Files\Common Files\SYSTEM\MSADC,msadce.dll,.dll,307200,1,,False,False,False,False,True,True,Archive,DosWindows,2004-08-19 22:28:59.7907472,,2001-08-23 18:00:00.0000000,,2004-08-19 22:28:59.9009056,2004-08-19 22:28:59.8608480,2004-08-19 22:41:33.2041024,2004-08-19 22:28:59.8608480,0,19724319,0,,,,/evidence/windows-ntfs-mft-nist/nist-hacking-case.mft,,,
209,211,True,156,156,.\Program Files\Common Files\SYSTEM\MSADC,msadcf.dll,.dll,57344,1,,False,False,False,False,True,True,Archive,DosWindows,2004-08-19 22:29:00.0611360,,2001-08-23 18:00:00.0000000,,2004-08-19 22:29:00.0911792,2004-08-19 22:29:00.0711504,2004-08-19 22:41:33.3342896,2004-08-19 22:29:00.0711504,0,19727578,0,,,,/evidence/windows-ntfs-mft-nist/nist-hacking-case.mft,,,
210,210,True,203,203,.\Program Files\Common Files\Microsoft Shared,MSINFO,,0,1,,True,False,False,False,True,False,Directory,DosWindows,2004-08-18 16:36:28.0000000,,2004-08-19 22:29:26.3088784,2004-08-18 16:36:28.0000000,2004-08-19 22:29:26.3088784,2004-08-18 16:36:28.0000000,2004-08-27 15:12:25.8521728,2004-08-18 00:00:00.0000000,0,38273935,0,,,,/evidence/windows-ntfs-mft-nist/nist-hacking-case.mft,,,
211,213,True,279,279,.\Program Files\NetMeeting,cb32.exe,.exe,12288,1,,False,False,False,False,True,True,Archive,DosWindows,2004-08-19 22:29:26.4590944,,2001-08-23 18:00:00.0000000,,2004-08-19 22:29:26.4791232,2004-08-19 22:29:26.4691088,2004-08-19 22:42:08.4848336,2004-08-19 22:29:26.4691088,0,21119730,0,,,,/evidence/windows-ntfs-mft-nist/nist-hacking-case.mft,,,
212,212,True,210,210,.\Program Files\Common Files\Microsoft Shared\MSINFO,MSIAV.OCX,.OCX,38912,1,,False,False,False,False,True,False,Archive,DosWindows,1999-04-23 22:22:00.0000000,,1999-04-23 22:22:00.0000000,,2004-08-19 17:02:11.1485840,1999-04-23 22:22:00.0000000,2004-08-18 00:00:00.0000000,,0,9246420,0,,,,/evidence/windows-ntfs-mft-nist/nist-hacking-case.mft,,,
213,213,True,210,210,.\Program Files\Common Files\Microsoft Shared\MSINFO,MSICDROM.OCX,.OCX,43520,1,,False,False,False,False,True,False,Archive,DosWindows,1999-04-23 22:22:00.0000000,,1999-04-23 22:22:00.0000000,,2004-08-19 17:02:11.1485840,1999-04-23 22:22:00.0000000,2004-08-18 00:00:00.0000000,,0,9246553,0,,,,/evidence/windows-ntfs-mft-nist/nist-hacking-case.mft,,,
214,214,True,210,210,.\Program Files\Common Files\Microsoft Shared\MSINFO,MSIOLERG.OCX,.OCX,35840,1,,False,False,False,False,True,False,Archive,DosWindows,1999-04-23 22:22:00.0000000,,1999-04-23 22:22:00.0000000,,2004-08-19 17:02:11.1485840,1999-04-23 22:22:00.0000000,2004-08-18 00:00:00.0000000,,0,9246791,0,,,,/evidence/windows-ntfs-mft-nist/nist-hacking-case.mft,,,
215,215,True,210,210,.\Program Files\Common Files\Microsoft Shared\MSINFO,MSIPRINT.OCX,.OCX,34304,1,,False,False,False,False,True,False,Archive,DosWindows,1999-04-23 22:22:00.0000000,,1999-04-23 22:22:00.0000000,,2004-08-19 17:02:11.1485840,1999-04-23 22:22:00.0000000,2004-08-18 00:00:00.0000000,,0,9246906,0,,,,/evidence/windows-ntfs-mft-nist/nist-hacking-case.mft,,,
216,216,True,210,210,.\Program Files\Common Files\Microsoft Shared\MSINFO,MSISYS.OCX,.OCX,136192,1,,False,False,False,False,True,False,Archive,DosWindows,1999-04-23 22:22:00.0000000,,1999-04-23 22:22:00.0000000,,2004-08-19 17:02:11.1485840,1999-04-23 22:22:00.0000000,2004-08-18 00:00:00.0000000,,0,9247021,0,,,,/evidence/windows-ntfs-mft-nist/nist-hacking-case.mft,,,
217,217,True,210,210,.\Program Files\Common Files\Microsoft Shared\MSINFO,MSUPDATE.OCX,.OCX,30208,1,,False,False,False,False,True,False,Archive,DosWindows,1999-04-23 22:22:00.0000000,,1999-04-23 22:22:00.0000000,,2004-08-19 17:02:11.1485840,1999-04-23 22:22:00.0000000,2004-08-18 00:00:00.0000000,,0,9247136,0,,,,/evidence/windows-ntfs-mft-nist/nist-hacking-case.mft,,,
218,218,True,210,210,.\Program Files\Common Files\Microsoft Shared\MSINFO,TXTVIEW.OCX,.OCX,28672,1,,False,False,False,False,True,False,Archive,DosWindows,1999-04-23 22:22:00.0000000,,1999-04-23 22:22:00.0000000,,2004-08-19 17:02:11.1485840,1999-04-23 22:22:00.0000000,2004-08-18 00:00:00.0000000,,0,9247259,0,,,,/evidence/windows-ntfs-mft-nist/nist-hacking-case.mft,,,
219,219,True,203,203,.\Program Files\Common Files\Microsoft Shared,VGX,,0,1,,True,False,False,False,True,False,Directory,DosWindows,2004-08-18 16:39:42.0000000,,2004-08-19 22:31:21.5646080,2004-08-18 16:39:42.0000000,2004-08-19 22:31:21.5646080,2004-08-18 16:39:42.0000000,2004-08-19 22:31:21.5646080,2004-08-18 00:00:00.0000000,0,15538124,0,,,,/evidence/windows-ntfs-mft-nist/nist-hacking-case.mft,,,
220,221,True,458,458,.\WINDOWS,srchasst,,0,1,,True,False,False,False,False,False,None,DosWindows,2004-08-19 22:31:21.6146800,,2004-08-19 22:31:27.7635216,2004-08-19 22:31:21.6146800,2004-08-19 22:31:27.7635216,2004-08-19 22:31:21.6146800,2004-08-19 22:31:27.7635216,2004-08-19 22:31:21.6146800,0,16980251,0,,,,/evidence/windows-ntfs-mft-nist/nist-hacking-case.mft,,,
221,221,True,203,203,.\Program Files\Common Files\Microsoft Shared,Web Folders,,0,1,,True,False,False,False,True,False,Directory,Windows,2004-08-18 16:39:20.0000000,,2004-08-19 23:04:50.1253824,2004-08-18 16:39:20.0000000,2004-08-19 23:04:50.1253824,2004-08-18 16:39:20.0000000,2004-08-20 15:12:05.5553776,2004-08-18 00:00:00.0000000,0,28323722,0,,,,/evidence/windows-ntfs-mft-nist/nist-hacking-case.mft,,,
222,223,True,199,200,.\Documents and Settings\Mr. Evil\Application Data\Microsoft\Windows\Themes,Custom.theme,.theme,5629,1,,False,False,False,False,False,False,Archive,Windows,2004-08-19 23:06:21.9474160,,2004-08-19 23:06:22.4381216,2004-08-19 23:06:21.9474160,2004-08-19 23:06:22.4381216,2004-08-19 23:06:21.9474160,2004-08-19 23:06:22.4381216,2004-08-19 23:06:21.9474160,0,37862690,295,,,,/evidence/windows-ntfs-mft-nist/nist-hacking-case.mft,,,
223,223,True,221,221,.\Program Files\Common Files\Microsoft Shared\Web Folders,RAGENT.DLL,.DLL,598073,1,,False,False,False,False,True,False,Archive,DosWindows,1999-04-23 22:22:00.0000000,,1999-04-23 22:22:00.0000000,,2004-08-19 17:02:11.1385696,1999-04-23 22:22:00.0000000,2004-08-18 00:00:00.0000000,,0,9244301,0,,,,/evidence/windows-ntfs-mft-nist/nist-hacking-case.mft,,,
224,224,True,203,203,.\Program Files\Common Files\Microsoft Shared,Web Server Extensions,,0,1,,True,False,False,False,True,False,Directory,Windows,2004-08-18 16:39:06.0000000,,2004-08-18 16:39:06.0000000,,2004-08-18 16:39:06.0000000,,2004-08-27 15:08:06.0894752,2004-08-18 00:00:00.0000000,0,37978786,0,,,,/evidence/windows-ntfs-mft-nist/nist-hacking-case.mft,,,
225,225,True,224,224,.\Program Files\Common Files\Microsoft Shared\Web Server Extensions,40,,0,1,,True,False,False,False,True,False,Directory,DosWindows,2004-08-18 16:39:06.0000000,,2004-08-18 16:39:06.0000000,,2004-08-18 16:39:06.0000000,,2004-08-27 15:08:06.0894752,2004-08-18 00:00:00.0000000,0,37978897,0,,,,/evidence/windows-ntfs-mft-nist/nist-hacking-case.mft,,,
226,226,True,225,225,.\Program Files\Common Files\Microsoft Shared\Web Server Extensions\40,BIN,,0,1,,True,False,False,False,True,False,Directory,DosWindows,2004-08-18 16:39:06.0000000,,2004-08-19 23:04:48.9837408,2004-08-18 16:39:06.0000000,2004-08-19 23:04:48.9837408,2004-08-18 16:39:06.0000000,2004-08-20 15:12:01.7599200,2004-08-18 00:00:00.0000000,0,27921131,0,,,,/evidence/windows-ntfs-mft-nist/nist-hacking-case.mft,,,
227,227,True,226,226,.\Program Files\Common Files\Microsoft Shared\Web Server Extensions\40\BIN,FP4ANWI.DLL,.DLL,65645,1,,False,False,False,False,True,False,Archive,DosWindows,1999-04-23 22:22:00.0000000,,1999-04-23 22:22:00.0000000,,2004-08-19 17:02:11.1285552,1999-04-23 22:22:00.0000000,2004-08-18 00:00:00.0000000,,0,9243498,0,,,,/evidence/windows-ntfs-mft-nist/nist-hacking-case.mft,,,
228,229,True,5,5,.,pagefile.sys,.sys,201326592,1,,False,False,False,False,False,False,Hidden|System|Archive,DosWindows,2004-08-19 16:50:37.2100000,,2004-08-27 15:08:14.3313264,2004-08-19 22:50:30.4500592,2004-08-27 15:08:14.3313264,2004-08-19 22:50:30.4500592,2004-08-27 15:08:14.3313264,2004-08-19 22:50:30.4500592,0,37996317,258,,,,/evidence/windows-ntfs-mft-nist/nist-hacking-case.mft,,,
229,230,True,432,433,.\WINDOWS\Prefetch,RUNDLL32.EXE-26DA8C9B.pf,.pf,20590,1,,False,False,False,False,False,False,Archive|NotContentIndexed,Windows,2004-08-19 23:06:31.5111680,,2004-08-19 23:06:31.5111680,,2004-08-19 23:06:31.5111680,,2004-08-19 23:06:31.5111680,,0,27137183,277,,,,/evidence/windows-ntfs-mft-nist/nist-hacking-case.mft,,,
230,230,True,226,226,.\Program Files\Common Files\Microsoft Shared\Web Server Extensions\40\BIN,1033,,0,1,,True,False,False,False,True,False,Directory,DosWindows,2004-08-18 16:40:16.0000000,,2004-08-19 23:04:49.1439712,2004-08-18 16:40:16.0000000,2004-08-19 23:04:49.1439712,2004-08-18 16:40:16.0000000,2004-08-20 15:12:05.5653920,2004-08-18 00:00:00.0000000,0,34791990,0,,,,/evidence/windows-ntfs-mft-nist/nist-hacking-case.mft,,,
231,232,True,9819,1,.\Documents and Settings\Mr. Evil\Application Data\Microsoft\Internet Explorer\Quick Launch,Show Desktop.scf,.scf,79,1,,False,False,False,False,False,False,Archive,Windows,2004-08-19 23:04:51.8278304,,2004-08-19 23:04:51.8278304,,2004-08-19 23:04:51.8278304,,2004-08-19 23:04:51.8278304,,0,27000361,295,,,,/evidence/windows-ntfs-mft-nist/nist-hacking-case.mft,,,
232,232,True,134,134,.\Program Files,CHAT,,0,1,,True,False,False,False,True,False,Directory,DosWindows,2004-08-18 16:31:54.0000000,,2004-08-18 16:31:54.0000000,,2004-08-18 16:31:54.0000000,,2004-08-20 15:26:37.6305027,2004-08-18 00:00:00.0000000,0,29957751,0,,,,/evidence/windows-ntfs-mft-nist/nist-hacking-case.mft,,,
233,233,True,134,134,.\Program Files,folder.htt,.htt,11079,1,,False,False,False,False,True,False,Hidden|Archive,DosWindows,2004-08-18 16:52:09.6300000,,2004-08-18 16:52:10.0000000,,2004-08-19 17:02:11.1686128,2004-08-18 16:52:10.0000000,2004-08-18 00:00:00.0000000,,0,9247916,0,,,,/evidence/windows-ntfs-mft-nist/nist-hacking-case.mft,,,
234,234,True,134,134,.\Program Files,PLUS!,,0,1,,True,False,False,False,True,False,Directory,DosWindows,2004-08-18 16:31:54.0000000,,2004-08-18 16:31:54.0000000,,2004-08-18 16:31:54.0000000,,2004-08-20 15:26:37.5503875,2004-08-18 00:00:00.0000000,0,29957194,0,,,,/evidence/windows-ntfs-mft-nist/nist-hacking-case.mft,,,
235,235,True,234,234,.\Program Files\PLUS!,THEMES,,0,1,,True,False,False,False,True,False,Directory,DosWindows,2004-08-18 16:31:54.0000000,,2004-08-18 16:31:54.0000000,,2004-08-18 16:31:54.0000000,,2004-08-19 23:06:30.5297568,2004-08-18 00:00:00.0000000,0,27163543,0,,,,/evidence/windows-ntfs-mft-nist/nist-hacking-case.mft,,,
236,236,True,234,234,.\Program Files\PLUS!,SYSAGENT.EXE,.EXE,36864,1,,False,False,False,False,True,True,Archive,DosWindows,2004-08-18 16:53:06.4500000,,1999-04-23 22:22:00.0000000,,2004-08-19 17:02:11.2186848,1999-04-23 22:22:00.0000000,2004-08-18 00:00:00.0000000,,0,9253428,0,,,,/evidence/windows-ntfs-mft-nist/nist-hacking-case.mft,,,
237,237,True,134,134,.\Program Files,Online Services,,0,1,,True,False,False,False,True,False,Directory,Windows,2004-08-18 16:38:26.0000000,,2004-08-19 22:31:59.8997312,2004-08-18 16:38:26.0000000,2004-08-19 22:31:59.8997312,2004-08-18 16:38:26.0000000,2004-08-20 15:26:37.5604019,2004-08-18 00:00:00.0000000,0,29957330,0,,,,/evidence/windows-ntfs-mft-nist/nist-hacking-case.mft,,,
238,238,True,237,237,.\Program Files\Online Services,MSN50,,0,1,,True,False,False,False,True,False,Directory,DosWindows,2004-08-18 16:38:26.0000000,,2004-08-18 16:38:26.0000000,,2004-08-18 16:38:26.0000000,,2004-08-19 17:02:11.1986560,2004-08-18 00:00:00.0000000,0,9252850,0,,,,/evidence/windows-ntfs-mft-nist/nist-hacking-case.mft,,,
239,239,True,238,238,.\Program Files\Online Services\MSN50,MSN50.CAB,.CAB,1708985,1,,False,False,False,False,True,False,Archive,DosWindows,1999-04-23 22:22:00.0000000,,1999-04-23 22:22:00.0000000,,2004-08-19 17:02:11.1986560,1999-04-23 22:22:00.0000000,2004-08-18 00:00:00.0000000,,0,9252575,0,,,,/evidence/windows-ntfs-mft-nist/nist-hacking-case.mft,,,
240,240,True,238,238,.\Program Files\Online Services\MSN50,OCX,,0,1,,True,False,False,False,True,False,Directory,DosWindows,2004-08-18 16:40:42.0000000,,2004-08-18 16:40:42.0000000,,2004-08-18 16:40:42.0000000,,2004-08-19 17:02:11.1986560,2004-08-18 00:00:00.0000000,0,9253088,0,,,,/evidence/windows-ntfs-mft-nist/nist-hacking-case.mft,,,
241,241,True,240,240,.\Program Files\Online Services\MSN50\OCX,MSNSETUP.DLL,.DLL,88016,1,,False,False,False,False,True,False,Archive,DosWindows,1999-04-23 22:22:00.0000000,,1999-04-23 22:22:00.0000000,,2004-08-19 17:02:11.1986560,1999-04-23 22:22:00.0000000,2004-08-18 00:00:00.0000000,,0,9253031,0,,,,/evidence/windows-ntfs-mft-nist/nist-hacking-case.mft,,,
242,242,True,238,238,.\Program Files\Online Services\MSN50,MSNBOOT.EXE,.EXE,32768,1,,False,False,False,False,True,False,Archive,DosWindows,1999-04-23 22:22:00.0000000,,1999-04-23 22:22:00.0000000,,2004-08-19 17:02:11.1986560,1999-04-23 22:22:00.0000000,2004-08-18 00:00:00.0000000,,0,9252684,0,,,,/evidence/windows-ntfs-mft-nist/nist-hacking-case.mft,,,
243,243,True,238,238,.\Program Files\Online Services\MSN50,MSNLOGO.ICO,.ICO,4710,1,,False,False,False,False,True,False,Archive,DosWindows,1999-04-23 22:22:00.0000000,,1999-04-23 22:22:00.0000000,,2004-08-19 17:02:11.1986560,1999-04-23 22:22:00.0000000,2004-08-18 00:00:00.0000000,,0,9252793,0,,,,/evidence/windows-ntfs-mft-nist/nist-hacking-case.mft,,,
244,244,True,134,134,.\Program Files,Accessories,,0,1,,True,False,False,False,True,False,ReadOnly|Directory,Windows,2004-08-18 16:31:54.0000000,,2004-08-18 16:31:54.0000000,,2004-08-18 16:31:54.0000000,,2004-08-20 15:26:37.6605459,2004-08-18 00:00:00.0000000,0,29957812,0,,,,/evidence/windows-ntfs-mft-nist/nist-hacking-case.mft,,,
245,245,True,244,244,.\Program Files\Accessories,HyperTerminal,,0,1,,True,False,False,False,True,False,ReadOnly|Directory,Windows,2004-08-18 16:31:54.0000000,,2004-08-18 16:31:54.0000000,,2004-08-18 16:31:54.0000000,,2004-08-19 17:02:11.0284112,2004-08-18 00:00:00.0000000,0,9231898,0,,,,/evidence/windows-ntfs-mft-nist/nist-hacking-case.mft,,,
246,246,True,134,134,.\Program Files,Internet Explorer,,0,1,,True,False,False,False,True,False,Directory,Windows,2004-08-18 16:31:54.0000000,,2004-08-19 22:28:57.5375072,2004-08-18 16:31:54.0000000,2004-08-19 22:28:57.5375072,2004-08-18 16:31:54.0000000,2004-08-27 15:08:47.7886128,2004-08-18 00:00:00.0000000,0,38082212,0,,,,/evidence/windows-ntfs-mft-nist/nist-hacking-case.mft,,,
247,247,True,246,246,.\Program Files\Internet Explorer,PLUGINS,,0,1,,True,False,False,False,True,False,Directory,DosWindows,2004-08-18 16:51:26.8900000,,2004-08-18 16:51:28.0000000,,2004-08-18 16:51:28.0000000,,2004-08-27 15:18:01.9955232,2004-08-18 00:00:00.0000000,0,39219939,0,,,,/evidence/windows-ntfs-mft-nist/nist-hacking-case.mft,,,
248,248,True,246,246,.\Program Files\Internet Explorer,IESETUP.CIF,.CIF,44570,1,,False,False,False,False,True,False,Archive,DosWindows,1999-04-23 22:22:00.0000000,,1999-04-23 22:22:00.0000000,,2004-08-19 17:02:11.1686128,1999-04-23 22:22:00.0000000,2004-08-18 00:00:00.0000000,,0,9248468,0,,,,/evidence/windows-ntfs-mft-nist/nist-hacking-case.mft,,,
249,251,True,137,137,.\Program Files\Common Files\SYSTEM\ADO,msader15.dll,.dll,24576,1,,False,False,False,False,True,True,Archive,DosWindows,2004-08-19 22:29:01.8036416,,2001-08-23 18:00:00.0000000,,2004-08-19 22:29:01.8336848,2004-08-19 22:29:01.8136560,2004-08-19 22:41:34.3056864,2004-08-19 22:29:01.8136560,0,19733975,0,,,,/evidence/windows-ntfs-mft-nist/nist-hacking-case.mft,,,
250,250,True,246,246,.\Program Files\Internet Explorer,IE4.DLL,.DLL,143360,1,,False,False,False,False,True,False,Archive,DosWindows,1999-04-23 22:22:00.0000000,,1999-04-23 22:22:00.0000000,,2004-08-19 17:02:11.1686128,1999-04-23 22:22:00.0000000,2004-08-20 15:25:33.6173136,2004-08-18 00:00:00.0000000,0,31204106,0,,,,/evidence/windows-ntfs-mft-nist/nist-hacking-case.mft,,,
251,251,True,246,246,.\Program Files\Internet Explorer,IEDETECT.DLL,.DLL,32768,1,,False,False,False,False,True,False,Archive,DosWindows,1999-04-23 22:22:00.0000000,,1999-04-23 22:22:00.0000000,,2004-08-19 17:02:11.1686128,1999-04-23 22:22:00.0000000,2004-08-20 15:25:33.6473568,2004-08-18 00:00:00.0000000,0,31204135,0,,,,/evidence/windows-ntfs-mft-nist/nist-hacking-case.mft,,,
252,254,True,137,137,.\Program Files\Common Files\SYSTEM\ADO,msado25.tlb,.tlb,81920,1,,False,False,False,False,True,True,Archive,DosWindows,2004-08-19 22:29:02.4746064,,2001-08-23 18:00:00.0000000,,2004-08-19 22:29:02.5046496,2004-08-19 22:29:02.4846208,2004-08-19 22:45:06.2504480,2004-08-19 22:29:02.4846208,0,23057651,0,,,,/evidence/windows-ntfs-mft-nist/nist-hacking-case.mft,,,
253,253,True,246,246,.\Program Files\Internet Explorer,SIGNUP,,0,1,,True,False,False,False,True,False,Directory,DosWindows,2004-08-18 16:37:16.0000000,,2004-08-19 22:28:58.8393792,2004-08-18 16:37:16.0000000,2004-08-19 22:28:58.8393792,2004-08-18 16:37:16.0000000,2004-08-20 15:25:34.1781200,2004-08-18 00:00:00.0000000,0,29725490,0,,,,/evidence/windows-ntfs-mft-nist/nist-hacking-case.mft,,,
254,256,True,137,137,.\Program Files\Common Files\SYSTEM\ADO,msado26.tlb,.tlb,81920,1,,False,False,False,False,True,True,Archive,DosWindows,2004-08-19 22:29:02.5647360,,2001-08-23 18:00:00.0000000,,2004-08-19 22:29:02.5947792,2004-08-19 22:29:02.5847648,2004-08-19 22:45:06.6810672,2004-08-19 22:29:02.5847648,0,23057686,0,,,,/evidence/windows-ntfs-mft-nist/nist-hacking-case.mft,,,
255,255,True,246,246,.\Program Files\Internet Explorer,Connection Wizard,,0,1,,True,False,False,False,True,False,ReadOnly|Directory,Windows,2004-08-18 16:31:54.0000000,,2004-08-19 22:29:10.9968608,2004-08-18 16:31:54.0000000,2004-08-19 22:29:10.9968608,2004-08-18 16:31:54.0000000,2004-08-27 15:12:25.8421584,2004-08-18 00:00:00.0000000,0,38273656,0,,,,/evidence/windows-ntfs-mft-nist/nist-hacking-case.mft,,,
256,258,True,255,255,.\Program Files\Internet Explorer\Connection Wizard,icwutil.dll,.dll,45056,1,,False,False,False,False,True,True,Archive,DosWindows,2004-08-19 22:29:08.9439088,,2001-08-23 18:00:00.0000000,,2004-08-19 22:29:08.9739520,2004-08-19 22:29:08.9539232,2004-08-20 15:25:35.0093152,2004-08-19 22:29:08.9539232,0,36714799,0,,,,/evidence/windows-ntfs-mft-nist/nist-hacking-case.mft,,,
257,259,True,137,137,.\Program Files\Common Files\SYSTEM\ADO,msadomd.dll,.dll,159744,1,,False,False,False,False,True,True,Archive,DosWindows,2004-08-19 22:29:02.6748944,,2001-08-23 18:00:00.0000000,,2004-08-19 22:29:02.7249664,2004-08-19 22:29:02.7049376,2004-08-19 22:41:34.6662048,2004-08-19 22:29:02.6949232,0,19734123,0,,,,/evidence/windows-ntfs-mft-nist/nist-hacking-case.mft,,,
258,260,True,255,255,.\Program Files\Internet Explorer\Connection Wizard,icwconn.dll,.dll,57344,1,,False,False,False,False,True,True,Archive,DosWindows,2004-08-19 22:29:08.8037072,,2001-08-23 18:00:00.0000000,,2004-08-19 22:29:08.8738080,2004-08-19 22:29:08.8137216,2004-08-20 15:25:35.1795600,2004-08-19 22:29:08.8137216,0,36714862,0,,,,/evidence/windows-ntfs-mft-nist/nist-hacking-case.mft,,,
259,261,True,255,255,.\Program Files\Internet Explorer\Connection Wizard,icwrmind.exe,.exe,24576,1,,False,False,False,False,True,True,Archive,DosWindows,2004-08-19 22:29:09.1141536,,2001-08-23 18:00:00.0000000,,2004-08-19 22:29:09.1341824,2004-08-19 22:29:09.1241680,2004-08-20 15:25:34.0579472,2004-08-19 22:29:09.1241680,0,31204376,0,,,,/evidence/windows-ntfs-mft-nist/nist-hacking-case.mft,,,
260,262,True,255,255,.\Program Files\Internet Explorer\Connection Wizard,icwres.dll,.dll,61440,1,,False,False,False,False,True,True,Archive,DosWindows,2004-08-19 22:29:09.0340384,,2001-08-23 18:00:00.0000000,,2004-08-19 22:29:09.0640816,2004-08-19 22:29:09.0440528,2004-08-20 15:25:35.1995888,2004-08-19 22:29:09.0440528,0,36715193,0,,,,/evidence/windows-ntfs-mft-nist/nist-hacking-case.mft,,,
261,263,True,255,255,.\Program Files\Internet Explorer\Connection Wizard,icwdl.dll,.dll,24576,1,,False,False,False,False,True,True,Archive,DosWindows,2004-08-19 22:29:09.4947008,,2001-08-23 18:00:00.0000000,,2004-08-19 22:29:09.5147296,2004-08-19 22:29:09.5047152,2004-08-20 15:25:33.8576592,2004-08-19 22:29:09.5047152,0,31204234,0,,,,/evidence/windows-ntfs-mft-nist/nist-hacking-case.mft,,,
262,264,True,176,176,.\Program Files\Common Files\SYSTEM\ole db,msdasc.dll,.dll,4096,1,,False,False,False,False,True,True,Archive,DosWindows,2004-08-19 22:29:04.1470112,,2001-08-23 18:00:00.0000000,,2004-08-19 22:29:04.1670400,2004-08-19 22:29:04.1570256,2004-08-19 22:41:35.9780912,2004-08-19 22:29:04.1570256,0,19772435,0,,,,/evidence/windows-ntfs-mft-nist/nist-hacking-case.mft,,,
263,265,True,176,176,.\Program Files\Common Files\SYSTEM\ole db,oledb32.dll,.dll,413696,1,,False,False,False,False,True,True,Archive,DosWindows,2004-08-19 22:29:05.4188400,,2001-08-23 18:00:00.0000000,,2004-08-19 22:29:05.6291424,2004-08-19 22:29:05.5289984,2004-08-19 23:04:33.6216512,2004-08-19 22:29:05.5289984,0,37861610,0,,,,/evidence/windows-ntfs-mft-nist/nist-hacking-case.mft,,,
264,266,True,176,176,.\Program Files\Common Files\SYSTEM\ole db,oledbvbs.inc,.inc,9975,1,,False,False,False,False,True,True,Archive,DosWindows,2004-08-19 22:29:05.9596176,,2001-08-23 18:00:00.0000000,,2004-08-19 22:29:05.9696320,2004-08-19 22:29:05.9596176,2004-08-19 22:29:05.9596176,,0,14476022,0,,,,/evidence/windows-ntfs-mft-nist/nist-hacking-case.mft,,,
265,267,True,176,176,.\Program Files\Common Files\SYSTEM\ole db,sqloledb.dll,.dll,450560,1,,False,False,False,False,True,True,Archive,DosWindows,2004-08-19 22:29:06.1498912,,2001-08-23 18:00:00.0000000,,2004-08-19 22:29:06.3401648,2004-08-19 22:29:06.2900928,2004-08-19 22:31:49.2043520,2004-08-19 22:29:06.2900928,0,16830765,0,,,,/evidence/windows-ntfs-mft-nist/nist-hacking-case.mft,,,
266,268,True,176,176,.\Program Files\Common Files\SYSTEM\ole db,sqlxmlx.dll,.dll,213075,1,,False,False,False,False,True,True,Archive,DosWindows,2004-08-19 22:29:06.5805104,,2001-08-23 18:00:00.0000000,,2004-08-19 22:29:06.6506112,2004-08-19 22:29:06.6205680,2004-08-19 22:47:14.9955744,2004-08-19 22:29:06.6205680,0,25510642,0,,,,/evidence/windows-ntfs-mft-nist/nist-hacking-case.mft,,,
267,269,True,176,176,.\Program Files\Common Files\SYSTEM\ole db,sqlxmlx.rll,.rll,28672,1,,False,False,False,False,True,True,Archive,DosWindows,2004-08-19 22:29:06.7307264,,2001-08-23 18:00:00.0000000,,2004-08-19 22:29:06.7707840,2004-08-19 22:29:06.7307264,2004-08-19 22:31:49.6249568,2004-08-19 22:29:06.7307264,0,16830835,0,,,,/evidence/windows-ntfs-mft-nist/nist-hacking-case.mft,,,
268,268,True,255,255,.\Program Files\Internet Explorer\Connection Wizard,ICWOOBE.EXE,.EXE,188416,1,,False,False,False,False,True,False,Archive,DosWindows,1999-04-23 22:22:00.0000000,,1999-04-23 22:22:00.0000000,,2004-08-19 17:02:11.1786272,1999-04-23 22:22:00.0000000,2004-08-20 15:25:34.0178896,2004-08-18 00:00:00.0000000,0,31204304,0,,,,/evidence/windows-ntfs-mft-nist/nist-hacking-case.mft,,,
269,271,True,255,255,.\Program Files\Internet Explorer\Connection Wizard,trialoc.dll,.dll,40960,1,,False,False,False,False,True,True,Archive,DosWindows,2004-08-19 22:29:09.3344704,,2001-08-23 18:00:00.0000000,,2004-08-19 22:29:09.3544992,2004-08-19 22:29:09.3444848,2004-08-20 15:25:34.1781200,2004-08-19 22:29:09.3444848,0,31204516,0,,,,/evidence/windows-ntfs-mft-nist/nist-hacking-case.mft,,,
270,272,True,255,255,.\Program Files\Internet Explorer\Connection Wizard,icwhelp.dll,.dll,155648,1,,False,False,False,False,True,True,Archive,DosWindows,2004-08-19 22:29:08.6835344,,2001-08-23 18:00:00.0000000,,2004-08-19 22:29:08.7235920,2004-08-19 22:29:08.7035632,2004-08-20 15:25:34.9592432,2004-08-19 22:29:08.7035632,0,36714735,0,,,,/evidence/windows-ntfs-mft-nist/nist-hacking-case.mft,,,
271,273,True,176,176,.\Program Files\Common Files\SYSTEM\ole db,sqlsoldb.chm,.chm,35631,1,,False,False,False,False,True,True,Archive,DosWindows,2004-08-19 22:29:06.8709280,,2001-08-23 18:00:00.0000000,,2004-08-19 22:29:06.9109856,2004-08-19 22:29:06.8809424,2004-08-19 22:29:06.8809424,,0,14491269,0,,,,/evidence/windows-ntfs-mft-nist/nist-hacking-case.mft,,,
272,273,True,203,203,.\Program Files\Common Files\Microsoft Shared,DAO,,0,1,,True,False,False,False,False,False,None,DosWindows,2004-08-19 22:29:06.9410288,,2004-08-19 22:29:07.2614896,2004-08-19 22:29:06.9410288,2004-08-19 22:29:07.2614896,2004-08-19 22:29:06.9410288,2004-08-19 22:29:07.2614896,2004-08-19 22:29:06.9410288,0,14433074,0,,,,/evidence/windows-ntfs-mft-nist/nist-hacking-case.mft,,,
273,275,True,272,273,.\Program Files\Common Files\Microsoft Shared\DAO,dao360.dll,.dll,557128,1,,False,False,False,False,True,True,Archive,DosWindows,2004-08-19 22:29:07.1012592,,2001-08-23 18:00:00.0000000,,2004-08-19 22:29:07.2715040,2004-08-19 22:29:07.2314464,2004-08-19 22:41:31.6518704,2004-08-19 22:29:07.2314464,0,19704539,0,,,,/evidence/windows-ntfs-mft-nist/nist-hacking-case.mft,,,
274,275,True,135,135,.\Program Files\Common Files,MSSoap,,0,1,,True,False,False,False,False,False,None,DosWindows,2004-08-19 22:29:07.3115616,,2004-08-19 22:29:07.3115616,,2004-08-19 22:29:07.3115616,,2004-08-27 15:08:06.0894752,2004-08-19 22:29:07.3115616,0,37978952,0,,,,/evidence/windows-ntfs-mft-nist/nist-hacking-case.mft,,,
275,276,True,274,275,.\Program Files\Common Files\MSSoap,Binaries,,0,1,,True,False,False,False,False,False,None,DosWindows,2004-08-19 22:29:07.3115616,,2004-08-19 22:29:07.7822384,2004-08-19 22:29:07.3115616,2004-08-19 22:29:07.7822384,2004-08-19 22:29:07.3115616,2004-08-19 22:29:07.7822384,2004-08-19 22:29:07.3115616,0,15658461,0,,,,/evidence/windows-ntfs-mft-nist/nist-hacking-case.mft,,,
276,278,True,275,276,.\Program Files\Common Files\MSSoap\Binaries,mssoap1.dll,.dll,235520,1,,False,False,False,False,True,True,Archive,DosWindows,2004-08-19 22:29:07.4617776,,2001-08-23 18:00:00.0000000,,2004-08-19 22:29:07.5318784,2004-08-19 22:29:07.5018352,2004-08-19 22:45:28.2721136,2004-08-19 22:29:07.5018352,0,23298820,0,,,,/evidence/windows-ntfs-mft-nist/nist-hacking-case.mft,,,
277,279,True,275,276,.\Program Files\Common Files\MSSoap\Binaries,wisc10.dll,.dll,25088,1,,False,False,False,False,True,True,Archive,DosWindows,2004-08-19 22:29:07.7121376,,2001-08-23 18:00:00.0000000,,2004-08-19 22:29:07.7421808,2004-08-19 22:29:07.7221520,2004-08-19 22:48:08.5525856,2004-08-19 22:29:07.7221520,0,26071784,0,,,,/evidence/windows-ntfs-mft-nist/nist-hacking-case.mft,,,
278,280,True,255,255,.\Program Files\Internet Explorer\Connection Wizard,state.icw,.icw,851,1,,False,False,False,False,True,True,Archive,DosWindows,2004-08-19 22:29:10.4260400,,2001-08-23 18:00:00.0000000,,2004-08-19 22:29:10.4460688,2004-08-19 22:29:10.4260400,2004-08-19 22:29:10.4260400,,0,14504765,0,,,,/evidence/windows-ntfs-mft-nist/nist-hacking-case.mft,,,
279,279,True,134,134,.\Program Files,NetMeeting,,0,1,,True,False,False,False,True,False,ReadOnly|Directory,Windows,2004-08-18 16:31:54.0000000,,2004-08-19 22:29:30.5449696,2004-08-18 16:31:54.0000000,2004-08-19 22:29:30.5449696,2004-08-18 16:31:54.0000000,2004-08-27 15:12:25.7920864,2004-08-18 00:00:00.0000000,0,38273423,0,,,,/evidence/windows-ntfs-mft-nist/nist-hacking-case.mft,,,
280,280,True,134,134,.\Program Files,Outlook Express,,0,1,,True,False,False,False,True,False,ReadOnly|Directory,Windows,2004-08-18 16:31:54.0000000,,2004-08-19 22:29:24.4862576,2004-08-18 16:31:54.0000000,2004-08-19 22:29:24.4862576,2004-08-18 16:31:54.0000000,2004-08-27 15:12:25.8521728,2004-08-18 00:00:00.0000000,0,38273842,0,,,,/evidence/windows-ntfs-mft-nist/nist-hacking-case.mft,,,
281,281,True,134,134,.\Program Files,Windows Media Player,,0,1,,True,False,False,False,True,False,ReadOnly|Directory,Windows,2004-08-18 16:31:54.0000000,,2004-08-19 23:04:32.6702832,2004-08-18 16:31:54.0000000,2004-08-19 23:04:32.6702832,2004-08-18 16:31:54.0000000,2004-08-27 15:12:25.8521728,2004-08-18 00:00:00.0000000,0,38273749,0,,,,/evidence/windows-ntfs-mft-nist/nist-hacking-case.mft,,,
282,283,True,275,276,.\Program Files\Common Files\MSSoap\Binaries,Resources,,0,1,,True,False,False,False,False,False,None,Windows,2004-08-19 22:29:07.7822384,,2004-08-19 22:29:07.7822384,,2004-08-19 22:29:07.7822384,,2004-08-19 22:29:07.7822384,,0,14924888,0,,,,/evidence/windows-ntfs-mft-nist/nist-hacking-case.mft,,,
283,284,True,282,283,.\Program Files\Common Files\MSSoap\Binaries\Resources,1033,,0,1,,True,False,False,False,False,False,None,DosWindows,2004-08-19 22:29:07.7822384,,2004-08-19 22:29:07.9024112,2004-08-19 22:29:07.7822384,2004-08-19 22:29:07.9024112,2004-08-19 22:29:07.7822384,2004-08-19 22:29:07.9024112,2004-08-19 22:29:07.7822384,0,14437907,0,,,,/evidence/windows-ntfs-mft-nist/nist-hacking-case.mft,,,
284,286,True,281,281,.\Program Files\Windows Media Player,npdsplay.dll,.dll,364544,1,,False,False,False,False,True,True,Archive,DosWindows,2004-08-19 22:29:33.5092320,,2001-08-23 18:00:00.0000000,,2004-08-19 22:29:33.5993616,2004-08-19 22:29:33.5693184,2004-08-19 22:41:41.4058960,2004-08-19 22:29:33.5693184,0,19902562,0,,,,/evidence/windows-ntfs-mft-nist/nist-hacking-case.mft,,,
285,285,True,134,134,.\Program Files,Uninstall Information,,0,1,,True,False,False,False,True,False,Directory,Windows,2004-08-18 16:51:09.6200000,,2004-08-18 16:51:10.0000000,,2004-08-18 16:51:10.0000000,,2004-08-20 15:26:37.5303587,2004-08-18 00:00:00.0000000,0,29957093,0,,,,/evidence/windows-ntfs-mft-nist/nist-hacking-case.mft,,,
286,286,True,285,285,.\Program Files\Uninstall Information,IE40.Comctl32,,0,1,,True,False,False,False,True,False,Directory,Windows,2004-08-18 16:51:09.6200000,,2004-08-18 16:51:10.0000000,,2004-08-18 16:51:10.0000000,,2004-08-19 17:02:11.2787712,2004-08-18 00:00:00.0000000,0,9257046,0,,,,/evidence/windows-ntfs-mft-nist/nist-hacking-case.mft,,,
287,287,True,286,286,.\Program Files\Uninstall Information\IE40.Comctl32,AINF0000,,8192,1,,False,False,False,False,True,False,ReadOnly|Hidden|Archive,DosWindows,2004-08-18 16:51:09.6300000,,2004-08-18 16:51:10.0000000,,2004-08-19 17:02:11.2787712,2004-08-18 16:51:10.0000000,2004-08-18 00:00:00.0000000,,0,9256989,0,,,,/evidence/windows-ntfs-mft-nist/nist-hacking-case.mft,,,
288,288,True,285,285,.\Program Files\Uninstall Information,IE40.BrowseUI,,0,1,,True,False,False,False,True,False,Directory,Windows,2004-08-18 16:51:11.5200000,,2004-08-18 16:51:12.0000000,,2004-08-18 16:51:12.0000000,,2004-08-19 17:02:11.2787712,2004-08-18 00:00:00.0000000,0,9257314,0,,,,/evidence/windows-ntfs-mft-nist/nist-hacking-case.mft,,,
289,289,True,288,288,.\Program Files\Uninstall Information\IE40.BrowseUI,AINF0000,,57344,1,,False,False,False,False,True,False,ReadOnly|Hidden|Archive,DosWindows,2004-08-18 16:51:12.4500000,,2004-08-18 16:51:14.0000000,,2004-08-19 17:02:11.2787712,2004-08-18 16:51:14.0000000,2004-08-18 00:00:00.0000000,,0,9257257,0,,,,/evidence/windows-ntfs-mft-nist/nist-hacking-case.mft,,,
290,290,True,285,285,.\Program Files\Uninstall Information,IE40.Controls,,0,1,,True,False,False,False,True,False,Directory,Windows,2004-08-18 16:51:14.6100000,,2004-08-18 16:51:16.0000000,,2004-08-18 16:51:16.0000000,,2004-08-19 17:02:11.2687568,2004-08-18 00:00:00.0000000,0,9256770,0,,,,/evidence/windows-ntfs-mft-nist/nist-hacking-case.mft,,,
291,291,True,290,290,.\Program Files\Uninstall Information\IE40.Controls,AINF0000,,4096,1,,False,False,False,False,True,False,ReadOnly|Hidden|Archive,DosWindows,2004-08-18 16:51:14.6100000,,2004-08-18 16:51:16.0000000,,2004-08-19 17:02:11.2687568,2004-08-18 16:51:16.0000000,2004-08-18 00:00:00.0000000,,0,9256713,0,,,,/evidence/windows-ntfs-mft-nist/nist-hacking-case.mft,,,
292,292,True,285,285,.\Program Files\Uninstall Information,IE40.Assoc,,0,1,,True,False,False,False,True,False,Directory,Windows,2004-08-18 16:51:15.5500000,,2004-08-18 16:51:16.0000000,,2004-08-18 16:51:16.0000000,,2004-08-19 17:02:11.2787712,2004-08-18 00:00:00.0000000,0,9257858,0,,,,/evidence/windows-ntfs-mft-nist/nist-hacking-case.mft,,,
293,293,True,292,292,.\Program Files\Uninstall Information\IE40.Assoc,AINF0000,,12288,1,,False,False,False,False,True,False,ReadOnly|Hidden|Archive,DosWindows,2004-08-18 16:51:15.6600000,,2004-08-18 16:51:16.0000000,,2004-08-19 17:02:11.2787712,2004-08-18 16:51:16.0000000,2004-08-18 00:00:00.0000000,,0,9257801,0,,,,/evidence/windows-ntfs-mft-nist/nist-hacking-case.mft,,,
294,294,True,285,285,.\Program Files\Uninstall Information,IE40.Browser,,0,1,,True,False,False,False,True,False,Directory,Windows,2004-08-18 16:51:15.9200000,,2004-08-18 16:51:16.0000000,,2004-08-18 16:51:16.0000000,,2004-08-19 17:02:11.2787712,2004-08-18 00:00:00.0000000,0,9257590,0,,,,/evidence/windows-ntfs-mft-nist/nist-hacking-case.mft,,,
295,295,True,294,294,.\Program Files\Uninstall Information\IE40.Browser,AINF0000,,65536,1,,False,False,False,False,True,False,ReadOnly|Hidden|Archive,DosWindows,2004-08-18 16:51:17.3800000,,2004-08-18 16:51:18.0000000,,2004-08-19 17:02:11.2787712,2004-08-18 16:51:18.0000000,2004-08-18 00:00:00.0000000,,0,9257533,0,,,,/evidence/windows-ntfs-mft-nist/nist-hacking-case.mft,,,
296,296,True,285,285,.\Program Files\Uninstall Information,IE40.Shell,,0,1,,True,False,False,False,True,False,Directory,Windows,2004-08-18 16:51:17.7700000,,2004-08-18 16:51:18.0000000,,2004-08-18 16:51:18.0000000,,2004-08-19 17:02:11.2687568,2004-08-18 00:00:00.0000000,0,9256226,0,,,,/evidence/windows-ntfs-mft-nist/nist-hacking-case.mft,,,
297,297,True,296,296,.\Program Files\Uninstall Information\IE40.Shell,AINF0000,,8192,1,,False,False,False,False,True,False,ReadOnly|Hidden|Archive,DosWindows,2004-08-18 16:51:17.8700000,,2004-08-18 16:51:18.0000000,,2004-08-19 17:02:11.2687568,2004-08-18 16:51:18.0000000,2004-08-18 00:00:00.0000000,,0,9256169,0,,,,/evidence/windows-ntfs-mft-nist/nist-hacking-case.mft,,,
298,298,True,285,285,.\Program Files\Uninstall Information,mshtml.DllReg,,0,1,,True,False,False,False,True,False,Directory,Windows,2004-08-18 16:51:22.6200000,,2004-08-18 16:51:24.0000000,,2004-08-18 16:51:24.0000000,,2004-08-19 17:02:11.2487280,2004-08-18 00:00:00.0000000,0,9254539,0,,,,/evidence/windows-ntfs-mft-nist/nist-hacking-case.mft,,,
299,299,True,298,298,.\Program Files\Uninstall Information\mshtml.DllReg,AINF0000,,65536,1,,False,False,False,False,True,False,ReadOnly|Hidden|Archive,DosWindows,2004-08-18 16:51:24.5700000,,2004-08-18 16:51:26.0000000,,2004-08-19 17:02:11.2487280,2004-08-18 16:51:26.0000000,2004-08-18 00:00:00.0000000,,0,9254482,0,,,,/evidence/windows-ntfs-mft-nist/nist-hacking-case.mft,,,
300,300,True,285,285,.\Program Files\Uninstall Information,IEContentAdvisor.Assoc,,0,1,,True,False,False,False,True,False,Directory,Windows,2004-08-18 16:51:25.9300000,,2004-08-18 16:51:26.0000000,,2004-08-18 16:51:26.0000000,,2004-08-19 17:02:11.2487280,2004-08-18 00:00:00.0000000,0,9254807,0,,,,/evidence/windows-ntfs-mft-nist/nist-hacking-case.mft,,,
301,301,True,300,300,.\Program Files\Uninstall Information\IEContentAdvisor.Assoc,AINF0000,,8192,1,,False,False,False,False,True,False,ReadOnly|Hidden|Archive,DosWindows,2004-08-18 16:51:25.9800000,,2004-08-18 16:51:26.0000000,,2004-08-19 17:02:11.2487280,2004-08-18 16:51:26.0000000,2004-08-18 00:00:00.0000000,,0,9254750,0,,,,/evidence/windows-ntfs-mft-nist/nist-hacking-case.mft,,,
302,302,True,285,285,.\Program Files\Uninstall Information,mshtml.Install,,0,1,,True,False,False,False,True,False,Directory,Windows,2004-08-18 16:51:30.6000000,,2004-08-18 16:51:32.0000000,,2004-08-18 16:51:32.0000000,,2004-08-19 17:02:11.2487280,2004-08-18 00:00:00.0000000,0,9254263,0,,,,/evidence/windows-ntfs-mft-nist/nist-hacking-case.mft,,,
303,303,True,302,302,.\Program Files\Uninstall Information\mshtml.Install,AINF0000,,28672,1,,False,False,False,False,True,False,ReadOnly|Hidden|Archive,DosWindows,2004-08-18 16:51:31.0200000,,2004-08-18 16:51:32.0000000,,2004-08-19 17:02:11.2487280,2004-08-18 16:51:32.0000000,2004-08-18 00:00:00.0000000,,0,9254206,0,,,,/evidence/windows-ntfs-mft-nist/nist-hacking-case.mft,,,
304,304,True,285,285,.\Program Files\Uninstall Information,IE40.Shdoc401,,0,1,,True,False,False,False,True,False,Directory,Windows,2004-08-18 16:51:34.6100000,,2004-08-18 16:51:36.0000000,,2004-08-18 16:51:36.0000000,,2004-08-19 17:02:11.2687568,2004-08-18 00:00:00.0000000,0,9256502,0,,,,/evidence/windows-ntfs-mft-nist/nist-hacking-case.mft,,,
305,305,True,304,304,.\Program Files\Uninstall Information\IE40.Shdoc401,AINF0000,,94208,1,,False,False,False,False,True,False,ReadOnly|Hidden|Archive,DosWindows,2004-08-18 16:51:36.1000000,,2004-08-18 16:51:38.0000000,,2004-08-19 17:02:11.2687568,2004-08-18 16:51:38.0000000,2004-08-18 00:00:00.0000000,,0,9256437,0,,,,/evidence/windows-ntfs-mft-nist/nist-hacking-case.mft,,,
306,306,True,285,285,.\Program Files\Uninstall Information,IE40.UserAgent,,0,1,,True,False,False,False,True,False,Directory,Windows,2004-08-18 16:52:06.2300000,,2004-08-18 16:52:08.0000000,,2004-08-18 16:52:08.0000000,,2004-08-19 17:02:11.2687568,2004-08-18 00:00:00.0000000,0,9255682,0,,,,/evidence/windows-ntfs-mft-nist/nist-hacking-case.mft,,,
307,307,True,306,306,.\Program Files\Uninstall Information\IE40.UserAgent,AINF0000,,4096,1,,False,False,False,False,True,False,ReadOnly|Hidden|Archive,DosWindows,2004-08-18 16:52:06.2400000,,2004-08-18 16:52:08.0000000,,2004-08-19 17:02:11.2687568,2004-08-18 16:52:08.0000000,2004-08-18 00:00:00.0000000,,0,9255625,0,,,,/evidence/windows-ntfs-mft-nist/nist-hacking-case.mft,,,
308,308,True,285,285,.\Program Files\Uninstall Information,ConnectionConfiguration,,0,1,,True,False,False,False,True,False,Directory,Windows,2004-08-18 16:52:06.5100000,,2004-08-18 16:52:08.0000000,,2004-08-18 16:52:08.0000000,,2004-08-19 17:02:11.2887856,2004-08-18 00:00:00.0000000,0,9259273,0,,,,/evidence/windows-ntfs-mft-nist/nist-hacking-case.mft,,,
309,309,True,308,308,.\Program Files\Uninstall Information\ConnectionConfiguration,AINF0000,,4096,1,,False,False,False,False,True,False,ReadOnly|Hidden|Archive,DosWindows,2004-08-18 16:52:06.5200000,,2004-08-18 16:52:08.0000000,,2004-08-19 17:02:11.2887856,2004-08-18 16:52:08.0000000,2004-08-18 00:00:00.0000000,,0,9259216,0,,,,/evidence/windows-ntfs-mft-nist/nist-hacking-case.mft,,,
310,310,True,285,285,.\Program Files\Uninstall Information,IE.HKLMZoneInfo,,0,1,,True,False,False,False,True,False,Directory,Windows,2004-08-18 16:52:06.7500000,,2004-08-18 16:52:08.0000000,,2004-08-18 16:52:08.0000000,,2004-08-19 17:02:11.2787712,2004-08-18 00:00:00.0000000,0,9258134,0,,,,/evidence/windows-ntfs-mft-nist/nist-hacking-case.mft,,,
311,311,True,310,310,.\Program Files\Uninstall Information\IE.HKLMZoneInfo,AINF0000,,8192,1,,False,False,False,False,True,False,ReadOnly|Hidden|Archive,DosWindows,2004-08-18 16:52:06.7700000,,2004-08-18 16:52:08.0000000,,2004-08-19 17:02:11.2787712,2004-08-18 16:52:08.0000000,2004-08-18 00:00:00.0000000,,0,9258077,0,,,,/evidence/windows-ntfs-mft-nist/nist-hacking-case.mft,,,
312,312,True,285,285,.\Program Files\Uninstall Information,IE40.Shell32,,0,1,,True,False,False,False,True,False,Directory,Windows,2004-08-18 16:52:08.1800000,,2004-08-18 16:52:10.0000000,,2004-08-18 16:52:10.0000000,,2004-08-19 17:02:11.2687568,2004-08-18 00:00:00.0000000,0,9255958,0,,,,/evidence/windows-ntfs-mft-nist/nist-hacking-case.mft,,,
313,313,True,312,312,.\Program Files\Uninstall Information\IE40.Shell32,AINF0000,,16384,1,,False,False,False,False,True,False,ReadOnly|Hidden|Archive,DosWindows,2004-08-18 16:52:08.3600000,,2004-08-18 16:52:10.0000000,,2004-08-19 17:02:11.2687568,2004-08-18 16:52:10.0000000,2004-08-18 00:00:00.0000000,,0,9255893,0,,,,/evidence/windows-ntfs-mft-nist/nist-hacking-case.mft,,,
314,314,True,285,285,.\Program Files\Uninstall Information,MSIEFTP,,0,1,,True,False,False,False,True,False,Directory,DosWindows,2004-08-18 16:52:10.9500000,,2004-08-18 16:52:12.0000000,,2004-08-18 16:52:12.0000000,,2004-08-19 17:02:11.2487280,2004-08-18 00:00:00.0000000,0,9254009,0,,,,/evidence/windows-ntfs-mft-nist/nist-hacking-case.mft,,,
315,315,True,314,314,.\Program Files\Uninstall Information\MSIEFTP,AINF0000,,12288,1,,False,False,False,False,True,False,ReadOnly|Hidden|Archive,DosWindows,2004-08-18 16:52:11.0700000,,2004-08-18 16:52:12.0000000,,2004-08-19 17:02:11.2487280,2004-08-18 16:52:12.0000000,2004-08-18 00:00:00.0000000,,0,9253952,0,,,,/evidence/windows-ntfs-mft-nist/nist-hacking-case.mft,,,
316,316,True,285,285,.\Program Files\Uninstall Information,IE UserData,,0,1,,True,False,False,False,True,False,Directory,Windows,2004-08-18 16:55:24.9800000,,2004-08-18 16:55:26.0000000,,2004-08-18 16:55:26.0000000,,2004-08-19 17:02:11.2787712,2004-08-18 00:00:00.0000000,0,9258997,0,,,,/evidence/windows-ntfs-mft-nist/nist-hacking-case.mft,,,
317,317,True,316,316,.\Program Files\Uninstall Information\IE UserData,AINF0000,,4096,1,,False,False,False,False,True,False,ReadOnly|Hidden|Archive,DosWindows,2004-08-18 16:55:24.9800000,,2004-08-18 16:55:26.0000000,,2004-08-19 17:02:11.2787712,2004-08-18 16:55:26.0000000,2004-08-18 00:00:00.0000000,,0,9258622,0,,,,/evidence/windows-ntfs-mft-nist/nist-hacking-case.mft,,,
318,318,True,316,316,.\Program Files\Uninstall Information\IE UserData,IE UserData.DAT,.DAT,0,1,,False,False,False,False,True,False,ReadOnly|Hidden|Archive,Windows,2004-08-18 16:55:25.2100000,,2004-08-18 16:55:26.0000000,,2004-08-19 17:02:11.2787712,2004-08-18 16:55:26.0000000,2004-08-18 00:00:00.0000000,,0,9258755,0,,,,/evidence/windows-ntfs-mft-nist/nist-hacking-case.mft,,,
319,319,True,316,316,.\Program Files\Uninstall Information\IE UserData,IE UserData.INI,.INI,587,1,,False,False,False,False,True,False,ReadOnly|Hidden|Archive,Windows,2004-08-18 16:55:25.2100000,,2004-08-18 16:55:26.0000000,,2004-08-19 17:02:11.2787712,2004-08-18 16:55:26.0000000,2004-08-18 00:00:00.0000000,,0,9258902,0,,,,/evidence/windows-ntfs-mft-nist/nist-hacking-case.mft,,,
320,320,True,285,285,.\Program Files\Uninstall Information,IE.HKCUZoneInfo,,0,1,,True,False,False,False,True,False,Directory,Windows,2004-08-18 16:55:26.6600000,,2004-08-18 16:55:28.0000000,,2004-08-18 16:55:28.0000000,,2004-08-19 17:02:11.2787712,2004-08-18 00:00:00.0000000,0,9258402,0,,,,/evidence/windows-ntfs-mft-nist/nist-hacking-case.mft,,,
321,321,True,320,320,.\Program Files\Uninstall Information\IE.HKCUZoneInfo,AINF0000,,4096,1,,False,False,False,False,True,False,ReadOnly|Hidden|Archive,DosWindows,2004-08-18 16:55:26.6700000,,2004-08-18 16:55:28.0000000,,2004-08-19 17:02:11.2787712,2004-08-18 16:55:28.0000000,2004-08-18 00:00:00.0000000,,0,9258345,0,,,,/evidence/windows-ntfs-mft-nist/nist-hacking-case.mft,,,
322,322,True,285,285,.\Program Files\Uninstall Information,IE4Shell95UserData,,0,1,,True,False,False,False,True,False,Hidden|Directory,Windows,2004-08-18 16:55:29.4800000,,2004-08-18 16:55:30.0000000,,2004-08-18 16:55:30.0000000,,2004-08-19 17:02:11.2687568,2004-08-18 00:00:00.0000000,0,9255401,0,,,,/evidence/windows-ntfs-mft-nist/nist-hacking-case.mft,,,
323,323,True,322,322,.\Program Files\Uninstall Information\IE4Shell95UserData,IE4Shell95UserData.DAT,.DAT,220,1,,False,False,False,False,True,False,ReadOnly|Hidden|Archive,Windows,2004-08-18 16:55:29.4800000,,2004-08-18 16:55:30.0000000,,2004-08-19 17:02:11.2687568,2004-08-18 16:55:30.0000000,2004-08-18 00:00:00.0000000,,0,9255159,0,,,,/evidence/windows-ntfs-mft-nist/nist-hacking-case.mft,,,
324,324,True,322,322,.\Program Files\Uninstall Information\IE4Shell95UserData,IE4Shell95UserData.INI,.INI,204,1,,False,False,False,False,True,False,ReadOnly|Hidden|Archive,Windows,2004-08-18 16:55:29.5000000,,2004-08-18 16:55:30.0000000,,2004-08-19 17:02:11.2687568,2004-08-18 16:55:30.0000000,2004-08-18 00:00:00.0000000,,0,9255306,0,,,,/evidence/windows-ntfs-mft-nist/nist-hacking-case.mft,,,
325,325,True,322,322,.\Program Files\Uninstall Information\IE4Shell95UserData,AINF0000,,4096,1,,False,False,False,False,True,False,ReadOnly|Hidden|Archive,DosWindows,2004-08-18 16:55:29.5300000,,2004-08-18 16:55:30.0000000,,2004-08-19 17:02:11.2687568,2004-08-18 16:55:30.0000000,2004-08-18 00:00:00.0000000,,0,9255026,0,,,,/evidence/windows-ntfs-mft-nist/nist-hacking-case.mft,,,
326,326,True,134,134,.\Program Files,desktop.ini,.ini,266,1,,False,False,False,False,True,False,Hidden|System,DosWindows,2004-08-18 16:52:09.6400000,,2004-08-18 16:52:10.0000000,,2004-08-19 22:33:04.0720064,2004-08-18 16:52:10.0000000,2004-08-27 15:29:44.1609064,2004-08-18 00:00:00.0000000,0,39282871,0,,,,/evidence/windows-ntfs-mft-nist/nist-hacking-case.mft,,,
327,327,True,134,134,.\Program Files,DirectX,,0,1,,True,False,False,False,True,False,Directory,DosWindows,2004-08-18 16:53:08.5700000,,2004-08-18 16:53:10.0000000,,2004-08-18 16:53:10.0000000,,2004-08-20 15:26:37.6104739,2004-08-18 00:00:00.0000000,0,29957583,0,,,,/evidence/windows-ntfs-mft-nist/nist-hacking-case.mft,,,
328,328,True,327,327,.\Program Files\DirectX,Setup,,0,1,,True,False,False,False,True,False,Directory,DosWindows,2004-08-18 16:53:08.5700000,,2004-08-18 16:53:10.0000000,,2004-08-18 16:53:10.0000000,,2004-08-19 17:02:11.1686128,2004-08-18 00:00:00.0000000,0,9247809,0,,,,/evidence/windows-ntfs-mft-nist/nist-hacking-case.mft,,,
329,329,True,328,328,.\Program Files\DirectX\Setup,DxDiag.lnk,.lnk,311,1,,False,False,False,False,True,False,Archive,DosWindows,2004-08-18 16:53:08.5800000,,2004-08-18 16:53:10.0000000,,2004-08-19 17:02:11.1686128,2004-08-18 16:53:10.0000000,2004-08-18 00:00:00.0000000,,0,9247752,0,,,,/evidence/windows-ntfs-mft-nist/nist-hacking-case.mft,,,
330,330,True,5,5,.,My Documents,,0,1,,True,False,False,False,False,False,Directory,Windows,2004-08-18 16:55:24.5500000,,2004-08-20 15:21:05.9724592,2004-08-18 16:55:26.0000000,2004-08-20 15:21:05.9724592,2004-08-18 16:55:26.0000000,2004-08-20 15:21:09.5075424,2004-08-18 00:00:00.0000000,0,29648840,0,,,,/evidence/windows-ntfs-mft-nist/nist-hacking-case.mft,,,
331,331,True,330,330,.\My Documents,desktop.ini,.ini,125,1,,False,False,False,False,True,False,Hidden|System|Archive,DosWindows,2004-08-18 16:55:24.5900000,,2004-08-18 16:55:26.0000000,,2004-08-19 17:02:21.5635600,2004-08-18 16:55:26.0000000,2004-08-20 15:18:03.7804800,2004-08-19 00:00:00.0000000,0,29731728,0,,,,/evidence/windows-ntfs-mft-nist/nist-hacking-case.mft,,,
332,333,True,3714,1,.\Documents and Settings\Default User\Application Data,desktop.ini,.ini,62,1,,False,False,False,False,False,False,Hidden|System|Archive,DosWindows,2004-08-19 17:00:09.3534512,,2004-08-19 17:00:09.3734800,2004-08-19 17:00:09.3534512,2004-08-19 17:02:21.5235024,2004-08-19 17:00:09.3534512,2004-08-19 22:38:18.5041376,2004-08-19 17:00:09.3534512,0,19224285,0,,,,/evidence/windows-ntfs-mft-nist/nist-hacking-case.mft,,,
333,334,True,458,458,.\WINDOWS,bootstat.dat,.dat,2048,1,,False,False,False,False,False,False,System|Archive,DosWindows,2004-08-19 22:49:17.1111680,,2004-08-27 15:46:30.8359488,2004-08-19 22:49:17.1111680,2004-08-27 15:46:30.8359488,2004-08-19 22:49:17.1111680,2004-08-27 15:46:30.8359488,2004-08-19 22:49:17.1111680,0,39448435,0,,,,/evidence/windows-ntfs-mft-nist/nist-hacking-case.mft,,,
334,335,True,460,460,.\WINDOWS\system32\config,system,,2621440,1,,False,False,False,True,False,False,Archive,DosWindows,2004-08-19 16:56:06.5500000,2004-08-19 22:49:17.2613840,2004-08-27 15:46:33.8302544,2004-08-19 22:49:18.2027376,2004-08-27 15:31:44.2227184,2004-08-19 22:49:18.2027376,2004-08-27 15:46:33.8302544,2004-08-19 22:49:18.2027376,0,39455570,0,,,,/evidence/windows-ntfs-mft-nist/nist-hacking-case.mft,,,
336,337,True,460,460,.\WINDOWS\system32\config,software,,8650752,1,,False,False,False,True,False,False,Archive,DosWindows,2004-08-19 16:56:08.3200000,2004-08-19 22:49:18.5231984,2004-08-27 15:46:33.8202400,2004-08-19 22:49:37.4904720,2004-08-27 15:29:44.3011080,2004-08-19 22:49:37.4904720,2004-08-27 15:46:33.8202400,2004-08-19 22:49:37.4904720,0,39454135,0,,,,/evidence/windows-ntfs-mft-nist/nist-hacking-case.mft,,,
337,341,True,3618,3618,.\WINDOWS\Debug,oakley.log.sav,.sav,0,1,,False,False,False,False,False,False,Archive,Windows,2004-08-19 22:53:06.2941520,,2004-08-26 14:58:22.4860592,,2004-08-27 15:08:33.6491040,2004-08-26 14:58:22.4860592,2004-08-26 14:58:22.4860592,,0,38041636,259,,,,/evidence/windows-ntfs-mft-nist/nist-hacking-case.mft,,,
338,339,True,460,460,.\WINDOWS\system32\config,default,,262144,1,,False,False,False,True,False,False,Archive,DosWindows,2004-08-19 16:56:08.4200000,2004-08-19 22:49:37.9311056,2004-08-27 15:46:33.8202400,2004-08-19 22:49:38.0713072,2004-08-19 22:53:22.7870384,2004-08-19 22:49:38.0713072,2004-08-27 15:46:33.8202400,2004-08-19 22:49:38.0713072,0,39454818,0,,,,/evidence/windows-ntfs-mft-nist/nist-hacking-case.mft,,,
339,341,True,458,458,.\WINDOWS,REGLOCS.OLD,.OLD,8192,1,,False,False,False,False,False,False,Archive,DosWindows,2004-08-19 22:51:01.6148720,,2004-08-19 22:51:01.6849728,2004-08-19 22:51:01.6148720,2004-08-19 22:51:01.6849728,2004-08-19 22:51:01.6148720,2004-08-19 22:51:01.6849728,2004-08-19 22:51:01.6148720,0,26353141,259,,,,/evidence/windows-ntfs-mft-nist/nist-hacking-case.mft,,,
340,341,True,11,11,.\$Extend,$Quota,,0,1,,False,False,False,False,False,False,Hidden|System|Archive|IsIndexView,DosWindows,2004-08-19 22:50:21.6574160,,2004-08-19 22:50:21.6574160,,2004-08-19 22:50:21.6574160,,2004-08-19 22:50:21.6574160,,0,26241176,257,,,,/evidence/windows-ntfs-mft-nist/nist-hacking-case.mft,,,
341,342,True,11,11,.\$Extend,$ObjId,,0,1,,False,False,False,False,False,False,Hidden|System|Archive|IsIndexView,DosWindows,2004-08-19 22:50:21.6574160,,2004-08-19 22:50:21.6574160,,2004-08-19 22:50:21.6574160,,2004-08-19 22:50:21.6574160,,0,36165967,257,,,,/evidence/windows-ntfs-mft-nist/nist-hacking-case.mft,,,
342,343,True,11,11,.\$Extend,$Reparse,,0,1,,False,False,False,False,False,False,Hidden|System|Archive|IsIndexView,DosWindows,2004-08-19 22:50:21.6574160,,2004-08-19 22:50:21.6574160,,2004-08-19 22:50:21.6574160,,2004-08-27 15:08:18.9379504,2004-08-19 22:50:21.6574160,0,38008043,257,,,,/evidence/windows-ntfs-mft-nist/nist-hacking-case.mft,,,
343,345,True,5,5,.,hiberfil.sys,.sys,133730304,1,,False,False,False,False,False,False,Hidden|System|Archive,DosWindows,2004-08-19 23:04:01.9661328,,2004-08-27 15:08:16.0037312,2004-08-19 23:04:01.9661328,2004-08-27 15:08:16.0037312,2004-08-19 23:04:01.9661328,2004-08-27 15:08:16.0037312,2004-08-19 23:04:01.9661328,0,38001020,258,,,,/evidence/windows-ntfs-mft-nist/nist-hacking-case.mft,,,
344,346,True,3671,1,.\Documents and Settings,Mr. Evil,,0,1,,True,False,False,False,False,False,None,Windows,2004-08-19 23:04:05.1907696,,2004-08-27 15:41:00.1913120,2004-08-19 23:04:05.1907696,2004-08-27 15:41:00.1913120,2004-08-19 23:04:05.1907696,2004-08-27 15:41:00.1913120,2004-08-19 23:04:05.1907696,0,39355272,294,,,,/evidence/windows-ntfs-mft-nist/nist-hacking-case.mft,,,
345,347,True,344,346,.\Documents and Settings\Mr. Evil,NTUSER.DAT,.DAT,786432,1,,False,False,False,False,False,False,Hidden|Archive,DosWindows,2004-08-19 23:04:05.2107984,,2004-08-27 15:46:23.7457536,2004-08-19 22:38:47.7361712,2004-08-27 15:46:13.9324496,2004-08-19 22:38:47.7762288,2004-08-27 15:46:23.7457536,2004-08-19 23:04:05.2107984,0,39436969,295,,,,/evidence/windows-ntfs-mft-nist/nist-hacking-case.mft,,,
346,348,True,344,346,.\Documents and Settings\Mr. Evil,Templates,,0,1,,True,False,False,False,False,True,Hidden,Windows,2004-08-19 23:04:05.3009280,,2004-08-19 22:24:35.2403424,2004-08-19 23:04:05.3009280,2004-08-19 23:04:06.7530160,2004-08-19 23:04:05.3009280,2004-08-20 15:17:59.4342304,2004-08-19 23:04:05.3009280,0,28130412,296,,,,/evidence/windows-ntfs-mft-nist/nist-hacking-case.mft,,,
347,348,True,9679,1,.\WINDOWS\system32\config\systemprofile\Local Settings\History\History.IE5,MSHist012004081920040820,,0,1,,True,False,False,False,False,False,System,Windows,2004-08-19 22:51:52.7784416,,2004-08-19 22:51:52.7984704,2004-08-19 22:51:52.7784416,2004-08-19 22:51:52.7984704,2004-08-19 22:51:52.7784416,2004-08-19 22:51:52.7984704,2004-08-19 22:51:52.7784416,0,27009339,261,,,,/evidence/windows-ntfs-mft-nist/nist-hacking-case.mft,,,
348,349,True,347,348,.\WINDOWS\system32\config\systemprofile\Local Settings\History\History.IE5\MSHist012004081920040820,index.dat,.dat,32768,1,,False,False,False,False,False,False,Archive,DosWindows,2004-08-19 22:51:52.7984704,,2004-08-19 22:51:52.7984704,,2004-08-19 22:51:52.7984704,,2004-08-19 22:51:52.7984704,,0,26483916,262,,,,/evidence/windows-ntfs-mft-nist/nist-hacking-case.mft,,,
349,350,True,3671,1,.\Documents and Settings,NetworkService,,0,1,,True,False,False,False,False,False,Hidden|System,Windows,2004-08-19 22:51:55.2720272,,2004-08-19 22:51:58.1962320,2004-08-19 22:51:55.2720272,2004-08-19 22:51:58.1962320,2004-08-19 22:51:55.2720272,2004-08-27 15:08:06.0594320,2004-08-19 22:51:55.2720272,0,37977868,263,,,,/evidence/windows-ntfs-mft-nist/nist-hacking-case.mft,,,
350,351,True,349,350,.\Documents and Settings\NetworkService,NTUSER.DAT,.DAT,237568,1,,False,False,False,False,False,False,Hidden|Archive,DosWindows,2004-08-19 22:51:55.6225312,,2004-08-27 15:46:33.8202400,2004-08-19 22:38:47.7361712,2004-08-19 22:51:55.7427040,2004-08-19 22:38:47.7762288,2004-08-27 15:46:33.8202400,2004-08-19 22:51:55.6726032,0,39453849,264,,,,/evidence/windows-ntfs-mft-nist/nist-hacking-case.mft,,,
351,352,True,349,350,.\Documents and Settings\NetworkService,Local Settings,,0,1,,True,False,False,False,False,False,Hidden,Windows,2004-08-19 22:51:55.7427040,,2004-08-19 22:51:58.3164048,2004-08-19 22:51:55.7427040,2004-08-27 15:08:20.6504128,2004-08-19 22:51:55.7427040,2004-08-27 15:08:06.0794608,2004-08-19 22:51:55.7427040,0,38016013,265,,,,/evidence/windows-ntfs-mft-nist/nist-hacking-case.mft,,,
352,353,True,351,352,.\Documents and Settings\NetworkService\Local Settings,Temporary Internet Files,,0,1,,True,False,False,False,False,True,Hidden,Windows,2004-08-19 22:51:55.7627328,,2004-08-19 22:34:46.1487856,2004-08-19 22:51:55.7627328,2004-08-27 15:08:20.6604272,2004-08-19 22:51:55.7627328,2004-08-20 15:17:59.4843024,2004-08-19 22:51:55.7627328,0,38016237,265,,,,/evidence/windows-ntfs-mft-nist/nist-hacking-case.mft,,,
353,354,True,352,353,.\Documents and Settings\NetworkService\Local Settings\Temporary Internet Files,Content.IE5,,0,1,,True,False,False,False,False,True,System,DosWindows,2004-08-19 22:51:55.7627328,,2004-08-19 22:34:46.1788288,2004-08-19 22:51:55.7627328,2004-08-19 22:51:56.0130928,2004-08-19 22:51:55.7627328,2004-08-20 15:17:59.4843024,2004-08-19 22:51:55.7627328,0,28132285,265,,,,/evidence/windows-ntfs-mft-nist/nist-hacking-case.mft,,,
354,355,True,353,354,.\Documents and Settings\NetworkService\Local Settings\Temporary Internet Files\Content.IE5,PTV39NDQ,,0,1,,True,False,False,False,False,True,System,DosWindows,2004-08-19 22:51:55.7627328,,2004-08-19 22:34:46.1788288,2004-08-19 22:51:55.7627328,2004-08-19 22:51:56.0130928,2004-08-19 22:51:55.7627328,2004-08-20 15:17:59.4843024,2004-08-19 22:51:55.7627328,0,28132537,265,,,,/evidence/windows-ntfs-mft-nist/nist-hacking-case.mft,,,
355,356,True,353,354,.\Documents and Settings\NetworkService\Local Settings\Temporary Internet Files\Content.IE5,PN0J7OQM,,0,1,,True,False,False,False,False,True,System,DosWindows,2004-08-19 22:51:55.7627328,,2004-08-19 22:34:46.1888432,2004-08-19 22:51:55.7627328,2004-08-19 22:51:56.0130928,2004-08-19 22:51:55.7627328,2004-08-20 15:17:59.4843024,2004-08-19 22:51:55.7627328,0,28132476,265,,,,/evidence/windows-ntfs-mft-nist/nist-hacking-case.mft,,,
356,357,True,353,354,.\Documents and Settings\NetworkService\Local Settings\Temporary Internet Files\Content.IE5,JIRVJY9X,,0,1,,True,False,False,False,False,True,System,DosWindows,2004-08-19 22:51:55.7627328,,2004-08-19 22:34:46.1788288,2004-08-19 22:51:55.7627328,2004-08-19 22:51:56.0130928,2004-08-19 22:51:55.7627328,2004-08-20 15:17:59.4843024,2004-08-19 22:51:55.7627328,0,28132415,265,,,,/evidence/windows-ntfs-mft-nist/nist-hacking-case.mft,,,
357,358,True,353,354,.\Documents and Settings\NetworkService\Local Settings\Temporary Internet Files\Content.IE5,HYU1BON0,,0,1,,True,False,False,False,False,True,System,DosWindows,2004-08-19 22:51:55.7627328,,2004-08-19 22:34:46.1788288,2004-08-19 22:51:55.7627328,2004-08-19 22:51:56.0130928,2004-08-19 22:51:55.7627328,2004-08-20 15:17:59.4843024,2004-08-19 22:51:55.7627328,0,28132346,265,,,,/evidence/windows-ntfs-mft-nist/nist-hacking-case.mft,,,
358,359,True,351,352,.\Documents and Settings\NetworkService\Local Settings,History,,0,1,,True,False,False,False,False,True,Hidden,DosWindows,2004-08-19 22:51:55.7727472,,2004-08-19 22:34:46.1888432,2004-08-19 22:51:55.7727472,2004-08-27 15:08:20.6604272,2004-08-19 22:51:55.7727472,2004-08-20 15:17:59.4843024,2004-08-19 22:51:55.7727472,0,38016349,265,,,,/evidence/windows-ntfs-mft-nist/nist-hacking-case.mft,,,
359,360,True,358,359,.\Documents and Settings\NetworkService\Local Settings\History,History.IE5,,0,1,,True,False,False,False,False,True,System,DosWindows,2004-08-19 22:51:55.7727472,,2004-08-19 22:34:46.1988576,2004-08-19 22:51:55.7727472,2004-08-19 22:51:56.0130928,2004-08-19 22:51:55.7727472,2004-08-20 15:17:59.4843024,2004-08-19 22:51:55.7727472,0,28132058,265,,,,/evidence/windows-ntfs-mft-nist/nist-hacking-case.mft,,,
360,361,True,349,350,.\Documents and Settings\NetworkService,Cookies,,0,1,,True,False,False,False,False,True,System,DosWindows,2004-08-19 22:51:55.7727472,,2004-08-19 22:34:46.1888432,2004-08-19 22:51:55.7727472,2004-08-19 22:51:56.0130928,2004-08-19 22:51:55.7727472,2004-08-20 15:17:59.4742880,2004-08-19 22:51:55.7727472,0,28131422,265,,,,/evidence/windows-ntfs-mft-nist/nist-hacking-case.mft,,,
361,362,True,349,350,.\Documents and Settings\NetworkService,Application Data,,0,1,,True,False,False,False,False,False,None,Windows,2004-08-19 22:51:55.7727472,,2004-08-19 22:51:55.7827616,2004-08-19 22:51:55.7727472,2004-08-19 22:51:55.7827616,2004-08-19 22:51:55.7727472,2004-08-27 15:08:06.0594320,2004-08-19 22:51:55.7727472,0,37977967,265,,,,/evidence/windows-ntfs-mft-nist/nist-hacking-case.mft,,,
362,363,True,361,362,.\Documents and Settings\NetworkService\Application Data,Microsoft,,0,1,,True,False,False,False,False,False,System,Windows,2004-08-19 22:51:55.7827616,,2004-08-19 22:51:58.3464480,2004-08-19 22:51:55.7827616,2004-08-19 22:51:58.3464480,2004-08-19 22:51:55.7827616,2004-08-20 15:17:59.4542592,2004-08-19 22:51:55.7827616,0,28130673,265,,,,/evidence/windows-ntfs-mft-nist/nist-hacking-case.mft,,,
363,364,True,362,363,.\Documents and Settings\NetworkService\Application Data\Microsoft,SystemCertificates,,0,1,,True,False,False,False,False,True,System,Windows,2004-08-19 22:51:55.7827616,,2004-08-19 16:59:30.9882848,2004-08-19 22:51:55.7827616,2004-08-19 22:51:56.0231072,2004-08-19 22:51:55.7827616,2004-08-20 15:17:59.4742880,2004-08-19 22:51:55.7827616,0,28131045,265,,,,/evidence/windows-ntfs-mft-nist/nist-hacking-case.mft,,,
364,365,True,363,364,.\Documents and Settings\NetworkService\Application Data\Microsoft\SystemCertificates,My,,0,1,,True,False,False,False,False,True,System,DosWindows,2004-08-19 22:51:55.7827616,,2004-08-19 16:59:30.9882848,2004-08-19 22:51:55.7827616,2004-08-19 22:51:56.0231072,2004-08-19 22:51:55.7827616,2004-08-20 15:17:59.4742880,2004-08-19 22:51:55.7827616,0,28131144,265,,,,/evidence/windows-ntfs-mft-nist/nist-hacking-case.mft,,,
365,366,True,364,365,.\Documents and Settings\NetworkService\Application Data\Microsoft\SystemCertificates\My,CTLs,,0,1,,True,False,False,False,False,True,System,DosWindows,2004-08-19 22:51:55.7827616,,2004-08-19 16:59:30.9882848,2004-08-19 22:51:55.7827616,2004-08-19 22:51:56.0130928,2004-08-19 22:51:55.7827616,2004-08-20 15:17:59.4742880,2004-08-19 22:51:55.7827616,0,28131361,265,,,,/evidence/windows-ntfs-mft-nist/nist-hacking-case.mft,,,
366,367,True,364,365,.\Documents and Settings\NetworkService\Application Data\Microsoft\SystemCertificates\My,CRLs,,0,1,,True,False,False,False,False,True,System,DosWindows,2004-08-19 22:51:55.7827616,,2004-08-19 16:59:30.9882848,2004-08-19 22:51:55.7827616,2004-08-19 22:51:56.0130928,2004-08-19 22:51:55.7827616,2004-08-20 15:17:59.4742880,2004-08-19 22:51:55.7827616,0,28131292,265,,,,/evidence/windows-ntfs-mft-nist/nist-hacking-case.mft,,,
367,368,True,364,365,.\Documents and Settings\NetworkService\Application Data\Microsoft\SystemCertificates\My,Certificates,,0,1,,True,False,False,False,False,True,System,Windows,2004-08-19 22:51:55.7827616,,2004-08-19 16:59:30.9882848,2004-08-19 22:51:55.7827616,2004-08-19 22:51:56.0231072,2004-08-19 22:51:55.7827616,2004-08-20 15:17:59.4742880,2004-08-19 22:51:55.7827616,0,28131205,265,,,,/evidence/windows-ntfs-mft-nist/nist-hacking-case.mft,,,
368,369,True,362,363,.\Documents and Settings\NetworkService\Application Data\Microsoft,Internet Explorer,,0,1,,True,False,False,False,False,True,None,Windows,2004-08-19 22:51:55.7927760,,2004-08-19 22:37:31.2662128,2004-08-19 22:51:55.7927760,2004-08-19 22:51:56.0231072,2004-08-19 22:51:55.7927760,2004-08-20 15:17:59.4742880,2004-08-19 22:51:55.7927760,0,28130946,265,,,,/evidence/windows-ntfs-mft-nist/nist-hacking-case.mft,,,
369,370,True,352,353,.\Documents and Settings\NetworkService\Local Settings\Temporary Internet Files,desktop.ini,.ini,67,1,,False,False,False,False,False,True,Hidden|System|Archive,DosWindows,2004-08-19 22:51:55.7927760,,2004-08-19 22:34:46.1087280,,2004-08-19 22:51:55.9029344,2004-08-19 22:34:46.1087280,2004-08-19 22:51:55.9029344,,0,26409815,264,,,,/evidence/windows-ntfs-mft-nist/nist-hacking-case.mft,,,
370,371,True,355,356,.\Documents and Settings\NetworkService\Local Settings\Temporary Internet Files\Content.IE5\PN0J7OQM,desktop.ini,.ini,67,1,,False,False,False,False,False,True,Hidden|System|Archive,DosWindows,2004-08-19 22:51:55.8027904,,2004-08-19 22:34:46.1888432,,2004-08-19 22:51:55.8027904,2004-08-19 22:34:46.1888432,2004-08-19 22:51:55.8027904,,0,26409722,264,,,,/evidence/windows-ntfs-mft-nist/nist-hacking-case.mft,,,
371,372,True,354,355,.\Documents and Settings\NetworkService\Local Settings\Temporary Internet Files\Content.IE5\PTV39NDQ,desktop.ini,.ini,67,1,,False,False,False,False,False,True,Hidden|System|Archive,DosWindows,2004-08-19 22:51:55.8027904,,2004-08-19 22:34:46.1788288,,2004-08-19 22:51:55.8027904,2004-08-19 22:34:46.1788288,2004-08-19 22:51:55.8027904,,0,26409774,264,,,,/evidence/windows-ntfs-mft-nist/nist-hacking-case.mft,,,
372,373,True,357,358,.\Documents and Settings\NetworkService\Local Settings\Temporary Internet Files\Content.IE5\HYU1BON0,desktop.ini,.ini,67,1,,False,False,False,False,False,True,Hidden|System|Archive,DosWindows,2004-08-19 22:51:55.9630208,,2004-08-19 22:34:46.1788288,,2004-08-19 22:51:55.9630208,2004-08-19 22:34:46.1788288,2004-08-19 22:51:55.9630208,,0,26409897,264,,,,/evidence/windows-ntfs-mft-nist/nist-hacking-case.mft,,,
373,374,True,353,354,.\Documents and Settings\NetworkService\Local Settings\Temporary Internet Files\Content.IE5,desktop.ini,.ini,67,1,,False,False,False,False,False,True,Hidden|System|Archive,DosWindows,2004-08-19 22:51:55.9630208,,2004-08-19 22:34:46.1588000,,2004-08-19 22:51:55.9630208,2004-08-19 22:34:46.1588000,2004-08-19 22:51:55.9630208,,0,26409845,264,,,,/evidence/windows-ntfs-mft-nist/nist-hacking-case.mft,,,
374,375,True,359,360,.\Documents and Settings\NetworkService\Local Settings\History\History.IE5,desktop.ini,.ini,113,1,,False,False,False,False,False,True,Hidden|System|Archive,DosWindows,2004-08-19 22:51:55.9630208,,2004-08-19 22:34:46.1988576,,2004-08-19 22:51:55.9630208,2004-08-19 22:34:46.1988576,2004-08-19 22:51:55.9630208,,0,26409938,264,,,,/evidence/windows-ntfs-mft-nist/nist-hacking-case.mft,,,
375,376,True,358,359,.\Documents and Settings\NetworkService\Local Settings\History,desktop.ini,.ini,113,1,,False,False,False,False,False,True,Hidden|System|Archive,DosWindows,2004-08-19 22:51:55.9630208,,2004-08-19 22:34:46.1387712,,2004-08-19 22:51:55.9730352,2004-08-19 22:34:46.1387712,2004-08-19 22:51:55.9730352,,0,26413778,264,,,,/evidence/windows-ntfs-mft-nist/nist-hacking-case.mft,,,
376,377,True,356,357,.\Documents and Settings\NetworkService\Local Settings\Temporary Internet Files\Content.IE5\JIRVJY9X,desktop.ini,.ini,67,1,,False,False,False,False,False,True,Hidden|System|Archive,DosWindows,2004-08-19 22:51:56.0030784,,2004-08-19 22:34:46.1788288,,2004-08-19 22:51:56.0130928,2004-08-19 22:34:46.1788288,2004-08-19 22:51:56.0130928,,0,26413831,264,,,,/evidence/windows-ntfs-mft-nist/nist-hacking-case.mft,,,
377,378,True,349,350,.\Documents and Settings\NetworkService,ntuser.dat.LOG,.LOG,1024,1,,False,False,False,False,False,False,Hidden|Archive,Windows,2004-08-19 22:51:56.0231072,,2004-08-27 15:08:58.9646832,2004-08-19 22:51:56.0231072,2004-08-27 15:08:58.9646832,2004-08-19 22:51:56.0231072,2004-08-27 15:08:58.9246256,2004-08-19 22:51:56.0231072,0,39454042,266,,,,/evidence/windows-ntfs-mft-nist/nist-hacking-case.mft,,,
378,379,True,351,352,.\Documents and Settings\NetworkService\Local Settings,Application Data,,0,1,,True,False,False,False,False,False,Hidden,Windows,2004-08-19 22:51:57.6153968,,2004-08-19 22:51:57.6354256,2004-08-19 22:51:57.6153968,2004-08-27 15:08:20.6604272,2004-08-19 22:51:57.6153968,2004-08-27 15:08:06.0794608,2004-08-19 22:51:57.6153968,0,38016125,267,,,,/evidence/windows-ntfs-mft-nist/nist-hacking-case.mft,,,
379,380,True,378,379,.\Documents and Settings\NetworkService\Local Settings\Application Data,Microsoft,,0,1,,True,False,False,False,False,False,None,Windows,2004-08-19 22:51:57.6354256,,2004-08-19 22:51:57.6354256,,2004-08-19 22:51:57.6354256,,2004-08-27 15:08:06.0794608,2004-08-19 22:51:57.6354256,0,37978312,267,,,,/evidence/windows-ntfs-mft-nist/nist-hacking-case.mft,,,
380,381,True,379,380,.\Documents and Settings\NetworkService\Local Settings\Application Data\Microsoft,Windows,,0,1,,True,False,False,False,False,False,None,DosWindows,2004-08-19 22:51:57.6554544,,2004-08-19 22:51:57.6554544,,2004-08-19 22:51:57.6554544,,2004-08-27 15:08:06.0794608,2004-08-19 22:51:57.6554544,0,37978399,267,,,,/evidence/windows-ntfs-mft-nist/nist-hacking-case.mft,,,
381,382,True,380,381,.\Documents and Settings\NetworkService\Local Settings\Application Data\Microsoft\Windows,UsrClass.dat,.dat,262144,1,,False,False,False,False,False,False,Hidden|Archive,DosWindows,2004-08-19 22:51:57.6654688,,2004-08-27 15:46:33.8202400,2004-08-19 22:51:57.6654688,2004-08-19 22:52:07.0389472,2004-08-19 22:51:57.6654688,2004-08-27 15:46:33.8202400,2004-08-19 22:51:57.6654688,0,39453630,266,,,,/evidence/windows-ntfs-mft-nist/nist-hacking-case.mft,,,
382,383,True,380,381,.\Documents and Settings\NetworkService\Local Settings\Application Data\Microsoft\Windows,UsrClass.dat.LOG,.LOG,1024,1,,False,False,False,False,False,False,Hidden|Archive,Windows,2004-08-19 22:51:57.6654688,,2004-08-27 15:08:58.7243376,2004-08-19 22:51:57.6654688,2004-08-27 15:08:58.7243376,2004-08-19 22:51:57.6654688,2004-08-27 15:08:58.6742656,2004-08-19 22:51:57.6654688,0,39453768,266,,,,/evidence/windows-ntfs-mft-nist/nist-hacking-case.mft,,,
383,384,True,349,350,.\Documents and Settings\NetworkService,ntuser.ini,.ini,20,1,,False,False,False,False,False,False,Hidden|System,DosWindows,2004-08-19 22:51:58.1962320,,2004-08-19 22:51:58.2162608,2004-08-19 22:51:58.1962320,2004-08-27 15:08:20.6303840,2004-08-19 22:51:58.1962320,2004-08-19 22:51:58.2162608,2004-08-19 22:51:58.1962320,0,38015843,266,,,,/evidence/windows-ntfs-mft-nist/nist-hacking-case.mft,,,
384,385,True,351,352,.\Documents and Settings\NetworkService\Local Settings,desktop.ini,.ini,62,1,,False,False,False,False,False,False,Hidden|System|Archive,DosWindows,2004-08-19 22:51:58.2863616,,2004-08-27 15:08:20.6504128,2004-08-19 22:51:58.2863616,2004-08-27 15:08:20.6504128,2004-08-19 22:51:58.2863616,2004-08-27 15:08:20.6504128,2004-08-19 22:51:58.2863616,0,38015923,266,,,,/evidence/windows-ntfs-mft-nist/nist-hacking-case.mft,,,
385,386,True,351,352,.\Documents and Settings\NetworkService\Local Settings,Temp,,0,1,,True,False,False,False,False,False,None,DosWindows,2004-08-19 22:51:58.3264192,,2004-08-19 22:51:58.3264192,,2004-08-19 22:51:58.3264192,,2004-08-20 15:17:59.4843024,2004-08-19 22:51:58.3264192,0,28132119,267,,,,/evidence/windows-ntfs-mft-nist/nist-hacking-case.mft,,,
386,387,True,379,380,.\Documents and Settings\NetworkService\Local Settings\Application Data\Microsoft,Credentials,,0,1,,True,False,False,False,False,False,System,Windows,2004-08-19 22:51:58.3364336,,2004-08-19 22:51:58.3364336,,2004-08-19 22:51:58.3364336,,2004-08-20 15:17:59.4843024,2004-08-19 22:51:58.3364336,0,28131774,265,,,,/evidence/windows-ntfs-mft-nist/nist-hacking-case.mft,,,
387,388,True,386,387,.\Documents and Settings\NetworkService\Local Settings\Application Data\Microsoft\Credentials,S-1-5-20,,0,1,,True,False,False,False,False,False,System,DosWindows,2004-08-19 22:51:58.3364336,,2004-08-19 22:51:58.3364336,,2004-08-19 22:51:58.3364336,,2004-08-20 15:17:59.4843024,2004-08-19 22:51:58.3364336,0,28131869,265,,,,/evidence/windows-ntfs-mft-nist/nist-hacking-case.mft,,,
388,389,True,362,363,.\Documents and Settings\NetworkService\Application Data\Microsoft,Credentials,,0,1,,True,False,False,False,False,False,System,Windows,2004-08-19 22:51:58.3364336,,2004-08-19 22:51:58.3464480,2004-08-19 22:51:58.3364336,2004-08-19 22:51:58.3464480,2004-08-19 22:51:58.3364336,2004-08-20 15:17:59.4542592,2004-08-19 22:51:58.3364336,0,28130760,265,,,,/evidence/windows-ntfs-mft-nist/nist-hacking-case.mft,,,
389,390,True,388,389,.\Documents and Settings\NetworkService\Application Data\Microsoft\Credentials,S-1-5-20,,0,1,,True,False,False,False,False,False,System,DosWindows,2004-08-19 22:51:58.3464480,,2004-08-19 22:51:58.3464480,,2004-08-19 22:51:58.3464480,,2004-08-20 15:17:59.4542592,2004-08-19 22:51:58.3464480,0,28130885,265,,,,/evidence/windows-ntfs-mft-nist/nist-hacking-case.mft,,,
390,391,True,3671,1,.\Documents and Settings,LocalService,,0,1,,True,False,False,False,False,False,Hidden|System,Windows,2004-08-19 22:51:58.3764912,,2004-08-19 22:52:00.3393136,2004-08-19 22:51:58.3764912,2004-08-19 22:52:00.3393136,2004-08-19 22:51:58.3764912,2004-08-27 15:08:06.0394032,2004-08-19 22:51:58.3764912,0,37975240,268,,,,/evidence/windows-ntfs-mft-nist/nist-hacking-case.mft,,,
391,392,True,390,391,.\Documents and Settings\LocalService,NTUSER.DAT,.DAT,237568,1,,False,False,False,False,False,False,Hidden|Archive,DosWindows,2004-08-19 22:51:58.3965200,,2004-08-27 15:46:33.8202400,2004-08-19 22:38:47.7361712,2004-08-19 22:51:58.5767792,2004-08-19 22:38:47.7762288,2004-08-27 15:46:33.8202400,2004-08-19 22:51:58.3965200,0,39453363,269,,,,/evidence/windows-ntfs-mft-nist/nist-hacking-case.mft,,,
392,393,True,390,391,.\Documents and Settings\LocalService,Local Settings,,0,1,,True,False,False,False,False,False,Hidden,Windows,2004-08-19 22:51:58.5968080,,2004-08-19 22:52:00.3493280,2004-08-19 22:51:58.5968080,2004-08-27 15:08:21.9723136,2004-08-19 22:51:58.5968080,2004-08-27 15:08:06.0394032,2004-08-19 22:51:58.5968080,0,38021062,270,,,,/evidence/windows-ntfs-mft-nist/nist-hacking-case.mft,,,
393,394,True,392,393,.\Documents and Settings\LocalService\Local Settings,Temporary Internet Files,,0,1,,True,False,False,False,False,True,System,Windows,2004-08-19 22:51:58.5968080,,2004-08-19 22:34:46.1487856,2004-08-19 22:51:58.5968080,2004-08-27 15:08:33.4788592,2004-08-19 22:51:58.5968080,2004-08-27 15:08:06.0394032,2004-08-19 22:51:58.5968080,0,38040390,270,,,,/evidence/windows-ntfs-mft-nist/nist-hacking-case.mft,,,
394,395,True,393,394,.\Documents and Settings\LocalService\Local Settings\Temporary Internet Files,Content.IE5,,0,1,,True,False,False,False,False,False,System,DosWindows,2004-08-19 22:51:58.5968080,,2004-08-19 22:53:05.8334896,2004-08-19 22:51:58.5968080,2004-08-27 15:08:33.4988880,2004-08-19 22:51:58.5968080,2004-08-27 15:08:06.0394032,2004-08-19 22:51:58.5968080,0,38041075,270,,,,/evidence/windows-ntfs-mft-nist/nist-hacking-case.mft,,,
395,397,True,401,402,.\Documents and Settings\LocalService\Cookies,index.dat,.dat,16384,1,,False,False,False,False,False,False,Archive,DosWindows,2004-08-19 22:53:05.8334896,,2004-08-27 15:08:33.4680000,2004-08-19 22:53:05.8334896,2004-08-27 15:08:33.4988880,2004-08-19 22:53:05.8334896,2004-08-19 22:53:05.8334896,,0,38040849,278,,,,/evidence/windows-ntfs-mft-nist/nist-hacking-case.mft,,,
396,398,True,400,401,.\Documents and Settings\LocalService\Local Settings\History\History.IE5,index.dat,.dat,16384,1,,False,False,False,False,False,False,Archive,DosWindows,2004-08-19 22:53:05.8435040,,2004-08-27 15:08:33.4680000,2004-08-19 22:53:05.8435040,2004-08-27 15:08:33.4988880,2004-08-19 22:53:05.8435040,2004-08-19 22:53:05.8435040,,0,38040999,278,,,,/evidence/windows-ntfs-mft-nist/nist-hacking-case.mft,,,
397,401,True,3618,3618,.\WINDOWS\Debug,oakley.log,.log,0,1,,False,False,False,False,False,False,Archive,DosWindows,2004-08-19 22:53:06.2941520,,2004-08-27 15:08:33.6491040,,2004-08-27 15:08:33.6491040,,2004-08-27 15:08:33.6491040,,0,38041794,259,,,,/evidence/windows-ntfs-mft-nist/nist-hacking-case.mft,,,
398,400,True,5455,1,.\Program Files\WindowsUpdate,pingstatus.dat,.dat,20,1,,False,False,False,False,False,False,Hidden|Archive,Windows,2004-08-19 22:53:07.7262112,,2004-08-19 22:53:07.7262112,,2004-08-19 22:53:07.7262112,,2004-08-27 15:08:34.1291296,2004-08-19 22:53:07.7262112,0,38042338,259,,,,/evidence/windows-ntfs-mft-nist/nist-hacking-case.mft,,,
399,400,True,392,393,.\Documents and Settings\LocalService\Local Settings,History,,0,1,,True,False,False,False,False,True,System,DosWindows,2004-08-19 22:51:58.6068224,,2004-08-19 22:34:46.1888432,2004-08-19 22:51:58.6068224,2004-08-27 15:08:33.4788592,2004-08-19 22:51:58.6068224,2004-08-27 15:08:06.0394032,2004-08-19 22:51:58.6068224,0,38040502,270,,,,/evidence/windows-ntfs-mft-nist/nist-hacking-case.mft,,,
400,401,True,399,400,.\Documents and Settings\LocalService\Local Settings\History,History.IE5,,0,1,,True,False,False,False,False,False,System,DosWindows,2004-08-19 22:51:58.6068224,,2004-08-19 22:53:05.8435040,2004-08-19 22:51:58.6068224,2004-08-27 15:08:33.4988880,2004-08-19 22:51:58.6068224,2004-08-27 15:08:06.0394032,2004-08-19 22:51:58.6068224,0,38040925,270,,,,/evidence/windows-ntfs-mft-nist/nist-hacking-case.mft,,,
401,402,True,390,391,.\Documents and Settings\LocalService,Cookies,,0,1,,True,False,False,False,False,False,System,DosWindows,2004-08-19 22:51:58.6168368,,2004-08-19 22:53:05.8334896,2004-08-19 22:51:58.6168368,2004-08-27 15:08:33.4988880,2004-08-19 22:51:58.6168368,2004-08-27 15:08:06.0394032,2004-08-19 22:51:58.6168368,0,38040769,270,,,,/evidence/windows-ntfs-mft-nist/nist-hacking-case.mft,,,
402,403,True,390,391,.\Documents and Settings\LocalService,Application Data,,0,1,,True,False,False,False,False,False,None,Windows,2004-08-19 22:51:58.6168368,,2004-08-19 22:51:58.6168368,,2004-08-19 22:51:58.6168368,,2004-08-27 15:08:06.0394032,2004-08-19 22:51:58.6168368,0,37975339,270,,,,/evidence/windows-ntfs-mft-nist/nist-hacking-case.mft,,,
403,404,True,402,403,.\Documents and Settings\LocalService\Application Data,Microsoft,,0,1,,True,False,False,False,False,False,System,Windows,2004-08-19 22:51:58.6168368,,2004-08-19 22:52:00.3693568,2004-08-19 22:51:58.6168368,2004-08-19 22:52:00.3693568,2004-08-19 22:51:58.6168368,2004-08-20 15:17:59.3140576,2004-08-19 22:51:58.6168368,0,28125735,270,,,,/evidence/windows-ntfs-mft-nist/nist-hacking-case.mft,,,
404,405,True,403,404,.\Documents and Settings\LocalService\Application Data\Microsoft,SystemCertificates,,0,1,,True,False,False,False,False,True,System,Windows,2004-08-19 22:51:58.6168368,,2004-08-19 16:59:30.9882848,2004-08-19 22:51:58.6168368,2004-08-19 22:51:58.6669088,2004-08-19 22:51:58.6168368,2004-08-20 15:17:59.3340864,2004-08-19 22:51:58.6168368,0,28126099,270,,,,/evidence/windows-ntfs-mft-nist/nist-hacking-case.mft,,,
405,406,True,404,405,.\Documents and Settings\LocalService\Application Data\Microsoft\SystemCertificates,My,,0,1,,True,False,False,False,False,True,System,DosWindows,2004-08-19 22:51:58.6168368,,2004-08-19 16:59:30.9882848,2004-08-19 22:51:58.6168368,2004-08-19 22:51:58.6669088,2004-08-19 22:51:58.6168368,2004-08-20 15:17:59.3340864,2004-08-19 22:51:58.6168368,0,28126198,270,,,,/evidence/windows-ntfs-mft-nist/nist-hacking-case.mft,,,
406,407,True,405,406,.\Documents and Settings\LocalService\Application Data\Microsoft\SystemCertificates\My,CTLs,,0,1,,True,False,False,False,False,True,System,DosWindows,2004-08-19 22:51:58.6168368,,2004-08-19 16:59:30.9882848,2004-08-19 22:51:58.6168368,2004-08-19 22:51:58.6669088,2004-08-19 22:51:58.6168368,2004-08-20 15:17:59.3340864,2004-08-19 22:51:58.6168368,0,28126415,270,,,,/evidence/windows-ntfs-mft-nist/nist-hacking-case.mft,,,
407,408,True,405,406,.\Documents and Settings\LocalService\Application Data\Microsoft\SystemCertificates\My,CRLs,,0,1,,True,False,False,False,False,True,System,DosWindows,2004-08-19 22:51:58.6168368,,2004-08-19 16:59:30.9882848,2004-08-19 22:51:58.6168368,2004-08-19 22:51:58.6669088,2004-08-19 22:51:58.6168368,2004-08-20 15:17:59.3340864,2004-08-19 22:51:58.6168368,0,28126354,270,,,,/evidence/windows-ntfs-mft-nist/nist-hacking-case.mft,,,
408,409,True,405,406,.\Documents and Settings\LocalService\Application Data\Microsoft\SystemCertificates\My,Certificates,,0,1,,True,False,False,False,False,True,System,Windows,2004-08-19 22:51:58.6168368,,2004-08-19 16:59:30.9882848,2004-08-19 22:51:58.6168368,2004-08-19 22:51:58.6669088,2004-08-19 22:51:58.6168368,2004-08-20 15:17:59.3340864,2004-08-19 22:51:58.6168368,0,28126267,270,,,,/evidence/windows-ntfs-mft-nist/nist-hacking-case.mft,,,
409,410,True,403,404,.\Documents and Settings\LocalService\Application Data\Microsoft,Internet Explorer,,0,1,,True,False,False,False,False,True,None,Windows,2004-08-19 22:51:58.6268512,,2004-08-19 22:37:31.2662128,2004-08-19 22:51:58.6268512,2004-08-19 22:51:58.6669088,2004-08-19 22:51:58.6268512,2004-08-20 15:17:59.3140576,2004-08-19 22:51:58.6268512,0,28126000,270,,,,/evidence/windows-ntfs-mft-nist/nist-hacking-case.mft,,,
410,411,True,393,394,.\Documents and Settings\LocalService\Local Settings\Temporary Internet Files,desktop.ini,.ini,67,1,,False,False,False,False,False,True,Hidden|System|Archive,DosWindows,2004-08-19 22:51:58.6268512,,2004-08-19 22:34:46.1087280,,2004-08-19 22:51:58.6368656,2004-08-19 22:34:46.1087280,2004-08-19 22:51:58.6268512,,0,26444871,269,,,,/evidence/windows-ntfs-mft-nist/nist-hacking-case.mft,,,
411,413,True,5,5,.,System Volume Information,,0,1,,True,False,False,False,False,False,Hidden|System,Windows,2004-08-19 22:53:08.1462736,,2004-08-19 22:53:09.5980736,2004-08-19 22:53:08.1462736,2004-08-19 22:53:09.5980736,2004-08-19 22:53:08.1462736,2004-08-27 15:08:06.0994896,2004-08-19 22:53:08.1462736,0,37979915,279,,,,/evidence/windows-ntfs-mft-nist/nist-hacking-case.mft,,,
412,415,True,411,413,.\System Volume Information,tracking.log,.log,20480,1,,False,False,False,False,False,False,Hidden|System|Archive,DosWindows,2004-08-19 22:53:08.1562880,,2004-08-19 23:06:50.0778656,2004-08-19 22:53:09.5680304,2004-08-19 23:06:50.0778656,2004-08-19 22:53:09.5680304,2004-08-27 15:09:46.6632704,2004-08-19 22:53:09.5680304,0,38128710,280,,,,/evidence/windows-ntfs-mft-nist/nist-hacking-case.mft,,,
413,416,True,8390,3,.\Documents and Settings\Mr. Evil\Local Settings\Application Data,IconCache.db,.db,4282042,1,,False,False,False,False,False,False,Hidden|Archive,Windows,2004-08-19 23:06:40.1535952,,2004-08-27 15:46:16.1456320,2004-08-19 23:06:40.1535952,2004-08-27 15:46:16.1456320,2004-08-19 23:06:40.1535952,2004-08-27 15:46:16.1456320,2004-08-19 23:06:40.1535952,0,39439779,295,,,,/evidence/windows-ntfs-mft-nist/nist-hacking-case.mft,,,
414,415,True,394,395,.\Documents and Settings\LocalService\Local Settings\Temporary Internet Files\Content.IE5,desktop.ini,.ini,67,1,,False,False,False,False,False,True,Hidden|System|Archive,DosWindows,2004-08-19 22:51:58.6468800,,2004-08-19 22:34:46.1588000,,2004-08-19 22:51:58.6568944,2004-08-19 22:34:46.1588000,2004-08-19 22:51:58.6568944,,0,26445182,269,,,,/evidence/windows-ntfs-mft-nist/nist-hacking-case.mft,,,
415,416,True,400,401,.\Documents and Settings\LocalService\Local Settings\History\History.IE5,desktop.ini,.ini,113,1,,False,False,False,False,False,True,Hidden|System|Archive,DosWindows,2004-08-19 22:51:58.6468800,,2004-08-19 22:34:46.1988576,,2004-08-19 22:51:58.6568944,2004-08-19 22:34:46.1988576,2004-08-19 22:51:58.6468800,,0,26445035,269,,,,/evidence/windows-ntfs-mft-nist/nist-hacking-case.mft,,,
416,417,True,399,400,.\Documents and Settings\LocalService\Local Settings\History,desktop.ini,.ini,113,1,,False,False,False,False,False,True,Hidden|System|Archive,DosWindows,2004-08-19 22:51:58.6468800,,2004-08-19 22:34:46.1387712,,2004-08-19 22:51:58.6568944,2004-08-19 22:34:46.1387712,2004-08-19 22:51:58.6568944,,0,26445129,269,,,,/evidence/windows-ntfs-mft-nist/nist-hacking-case.mft,,,
417,421,True,432,433,.\WINDOWS\Prefetch,NTOSBOOT-B00DFAAD.pf,.pf,233452,1,,False,False,False,False,False,False,Archive|NotContentIndexed,Windows,2004-08-20 15:02:57.8778560,,2004-08-27 15:09:46.9536880,2004-08-20 15:02:57.8778560,2004-08-27 15:09:46.9536880,2004-08-20 15:02:57.8778560,2004-08-27 15:09:46.9536880,2004-08-20 15:02:57.8778560,0,38134223,319,,,,/evidence/windows-ntfs-mft-nist/nist-hacking-case.mft,,,
418,419,True,390,391,.\Documents and Settings\LocalService,ntuser.dat.LOG,.LOG,1024,1,,False,False,False,False,False,False,Hidden|Archive,Windows,2004-08-19 22:51:58.6669088,,2004-08-27 15:32:55.3241072,2004-08-19 22:51:58.6669088,2004-08-27 15:32:55.3241072,2004-08-19 22:51:58.6669088,2004-08-27 15:32:55.0837616,2004-08-19 22:51:58.6669088,0,39453537,271,,,,/evidence/windows-ntfs-mft-nist/nist-hacking-case.mft,,,
419,420,True,392,393,.\Documents and Settings\LocalService\Local Settings,Application Data,,0,1,,True,False,False,False,False,False,Hidden,Windows,2004-08-19 22:51:59.9387376,,2004-08-19 22:52:00.0288672,2004-08-19 22:51:59.9387376,2004-08-27 15:08:21.9723136,2004-08-19 22:51:59.9387376,2004-08-27 15:08:06.0394032,2004-08-19 22:51:59.9387376,0,38021182,272,,,,/evidence/windows-ntfs-mft-nist/nist-hacking-case.mft,,,
420,421,True,419,420,.\Documents and Settings\LocalService\Local Settings\Application Data,Microsoft,,0,1,,True,False,False,False,False,False,None,Windows,2004-08-19 22:52:00.0288672,,2004-08-19 22:52:00.0288672,,2004-08-19 22:52:00.0288672,,2004-08-27 15:08:06.0394032,2004-08-19 22:52:00.0288672,0,37975752,272,,,,/evidence/windows-ntfs-mft-nist/nist-hacking-case.mft,,,
421,422,True,420,421,.\Documents and Settings\LocalService\Local Settings\Application Data\Microsoft,Windows,,0,1,,True,False,False,False,False,False,None,DosWindows,2004-08-19 22:52:00.0288672,,2004-08-19 22:52:00.0288672,,2004-08-19 22:52:00.0288672,,2004-08-27 15:08:06.0394032,2004-08-19 22:52:00.0288672,0,37975839,272,,,,/evidence/windows-ntfs-mft-nist/nist-hacking-case.mft,,,
422,423,True,421,422,.\Documents and Settings\LocalService\Local Settings\Application Data\Microsoft\Windows,UsrClass.dat,.dat,262144,1,,False,False,False,False,False,False,Hidden|Archive,DosWindows,2004-08-19 22:52:00.0288672,,2004-08-27 15:46:33.8202400,2004-08-19 22:52:00.0288672,2004-08-19 22:52:06.4681264,2004-08-19 22:52:00.0288672,2004-08-27 15:46:33.8202400,2004-08-19 22:52:00.0288672,0,39453144,271,,,,/evidence/windows-ntfs-mft-nist/nist-hacking-case.mft,,,
423,424,True,421,422,.\Documents and Settings\LocalService\Local Settings\Application Data\Microsoft\Windows,UsrClass.dat.LOG,.LOG,1024,1,,False,False,False,False,False,False,Hidden|Archive,Windows,2004-08-19 22:52:00.0288672,,2004-08-27 15:08:58.1935744,2004-08-19 22:52:00.0288672,2004-08-27 15:08:58.1935744,2004-08-19 22:52:00.0288672,2004-08-27 15:08:58.1535168,2004-08-19 22:52:00.0288672,0,39453282,271,,,,/evidence/windows-ntfs-mft-nist/nist-hacking-case.mft,,,
424,425,True,390,391,.\Documents and Settings\LocalService,ntuser.ini,.ini,20,1,,False,False,False,False,False,False,Hidden|System,DosWindows,2004-08-19 22:52:00.3393136,,2004-08-19 22:52:00.3393136,,2004-08-27 15:08:21.9622992,2004-08-19 22:52:00.3393136,2004-08-19 22:52:00.3393136,,0,38020900,271,,,,/evidence/windows-ntfs-mft-nist/nist-hacking-case.mft,,,
425,426,True,392,393,.\Documents and Settings\LocalService\Local Settings,desktop.ini,.ini,62,1,,False,False,False,False,False,False,Hidden|System|Archive,DosWindows,2004-08-19 22:52:00.3493280,,2004-08-27 15:08:21.9723136,2004-08-19 22:52:00.3493280,2004-08-27 15:08:21.9723136,2004-08-19 22:52:00.3493280,2004-08-27 15:08:21.9723136,2004-08-19 22:52:00.3493280,0,38020980,271,,,,/evidence/windows-ntfs-mft-nist/nist-hacking-case.mft,,,
426,427,True,392,393,.\Documents and Settings\LocalService\Local Settings,Temp,,0,1,,True,False,False,False,False,False,None,DosWindows,2004-08-19 22:52:00.3493280,,2004-08-19 22:52:00.3493280,,2004-08-19 22:52:00.3493280,,2004-08-20 15:17:59.3441008,2004-08-19 22:52:00.3493280,0,28127173,272,,,,/evidence/windows-ntfs-mft-nist/nist-hacking-case.mft,,,
427,428,True,420,421,.\Documents and Settings\LocalService\Local Settings\Application Data\Microsoft,Credentials,,0,1,,True,False,False,False,False,False,System,Windows,2004-08-19 22:52:00.3593424,,2004-08-19 22:52:00.3593424,,2004-08-19 22:52:00.3593424,,2004-08-20 15:17:59.3441008,2004-08-19 22:52:00.3593424,0,28126836,270,,,,/evidence/windows-ntfs-mft-nist/nist-hacking-case.mft,,,
428,429,True,427,428,.\Documents and Settings\LocalService\Local Settings\Application Data\Microsoft\Credentials,S-1-5-19,,0,1,,True,False,False,False,False,False,System,DosWindows,2004-08-19 22:52:00.3593424,,2004-08-19 22:52:00.3593424,,2004-08-19 22:52:00.3593424,,2004-08-20 15:17:59.3441008,2004-08-19 22:52:00.3593424,0,28126923,270,,,,/evidence/windows-ntfs-mft-nist/nist-hacking-case.mft,,,
429,430,True,403,404,.\Documents and Settings\LocalService\Application Data\Microsoft,Credentials,,0,1,,True,False,False,False,False,False,System,Windows,2004-08-19 22:52:00.3693568,,2004-08-19 22:52:00.3693568,,2004-08-19 22:52:00.3693568,,2004-08-20 15:17:59.3140576,2004-08-19 22:52:00.3693568,0,28125822,270,,,,/evidence/windows-ntfs-mft-nist/nist-hacking-case.mft,,,
430,431,True,429,430,.\Documents and Settings\LocalService\Application Data\Microsoft\Credentials,S-1-5-19,,0,1,,True,False,False,False,False,False,System,DosWindows,2004-08-19 22:52:00.3693568,,2004-08-19 22:52:00.3693568,,2004-08-19 22:52:00.3693568,,2004-08-20 15:17:59.3140576,2004-08-19 22:52:00.3693568,0,28125939,270,,,,/evidence/windows-ntfs-mft-nist/nist-hacking-case.mft,,,
431,432,True,458,458,.\WINDOWS,SchedLgU.Txt,.Txt,1972,1,,False,False,False,False,False,False,Archive,DosWindows,2004-08-19 22:52:00.9101344,,2004-08-27 15:46:29.6943072,2004-08-19 22:52:00.9101344,2004-08-27 15:46:29.6943072,2004-08-19 22:52:00.9101344,2004-08-27 15:46:29.6943072,2004-08-19 22:52:00.9101344,0,39442601,259,,,,/evidence/windows-ntfs-mft-nist/nist-hacking-case.mft,,,
432,433,True,458,458,.\WINDOWS,Prefetch,,0,1,,True,False,False,False,False,False,NotContentIndexed,DosWindows,2004-08-19 22:52:01.2005520,,2004-08-26 15:46:28.5854736,2004-08-19 22:52:01.2005520,2004-08-27 15:08:25.0267056,2004-08-19 22:52:01.2005520,2004-08-27 15:08:06.1295328,2004-08-19 22:52:01.2005520,0,38298426,276,,,,/evidence/windows-ntfs-mft-nist/nist-hacking-case.mft,,,
433,434,True,432,433,.\WINDOWS\Prefetch,SPOOLSV.EXE-282F76A7.pf,.pf,2378,1,,False,False,False,False,False,False,Archive|NotContentIndexed,Windows,2004-08-19 22:52:11.2149520,,2004-08-19 22:52:11.2149520,,2004-08-19 22:52:11.2149520,,2004-08-19 22:52:11.2149520,,0,26464884,277,,,,/evidence/windows-ntfs-mft-nist/nist-hacking-case.mft,,,
434,435,True,394,395,.\Documents and Settings\LocalService\Local Settings\Temporary Internet Files\Content.IE5,index.dat,.dat,32768,1,,False,False,False,False,False,False,Archive,DosWindows,2004-08-19 22:53:05.7934320,,2004-08-27 15:08:33.4680000,2004-08-19 22:53:05.7934320,2004-08-27 15:08:33.4888736,2004-08-19 22:53:05.7934320,2004-08-19 22:53:05.7934320,,0,38040669,278,,,,/evidence/windows-ntfs-mft-nist/nist-hacking-case.mft,,,
435,436,True,394,395,.\Documents and Settings\LocalService\Local Settings\Temporary Internet Files\Content.IE5,0J47LBSH,,0,1,,True,False,False,False,False,False,System,DosWindows,2004-08-19 22:53:05.7934320,,2004-08-19 22:53:05.8134608,2004-08-19 22:53:05.7934320,2004-08-19 22:53:05.8134608,2004-08-19 22:53:05.7934320,2004-08-20 15:17:59.3441008,2004-08-19 22:53:05.7934320,0,28127411,270,,,,/evidence/windows-ntfs-mft-nist/nist-hacking-case.mft,,,
436,437,True,435,436,.\Documents and Settings\LocalService\Local Settings\Temporary Internet Files\Content.IE5\0J47LBSH,desktop.ini,.ini,67,1,,False,False,False,False,False,False,Hidden|System,DosWindows,2004-08-19 22:53:05.8134608,,2004-08-19 22:53:05.8134608,,2004-08-19 22:53:05.8134608,,2004-08-19 22:53:05.8234752,2004-08-19 22:53:05.8134608,0,26846656,269,,,,/evidence/windows-ntfs-mft-nist/nist-hacking-case.mft,,,
437,438,True,394,395,.\Documents and Settings\LocalService\Local Settings\Temporary Internet Files\Content.IE5,TFR9CXUT,,0,1,,True,False,False,False,False,False,System,DosWindows,2004-08-19 22:53:05.8134608,,2004-08-19 22:53:05.8134608,,2004-08-19 22:53:05.8134608,,2004-08-20 15:17:59.3441008,2004-08-19 22:53:05.8134608,0,28127612,270,,,,/evidence/windows-ntfs-mft-nist/nist-hacking-case.mft,,,
438,439,True,437,438,.\Documents and Settings\LocalService\Local Settings\Temporary Internet Files\Content.IE5\TFR9CXUT,desktop.ini,.ini,67,1,,False,False,False,False,False,False,Hidden|System,DosWindows,2004-08-19 22:53:05.8134608,,2004-08-19 22:53:05.8134608,,2004-08-19 22:53:05.8234752,2004-08-19 22:53:05.8134608,2004-08-19 22:53:05.8334896,2004-08-19 22:53:05.8134608,0,26846739,269,,,,/evidence/windows-ntfs-mft-nist/nist-hacking-case.mft,,,
439,440,True,394,395,.\Documents and Settings\LocalService\Local Settings\Temporary Internet Files\Content.IE5,1W3Z0ESY,,0,1,,True,False,False,False,False,False,System,DosWindows,2004-08-19 22:53:05.8234752,,2004-08-19 22:53:05.8234752,,2004-08-19 22:53:05.8234752,,2004-08-20 15:17:59.3441008,2004-08-19 22:53:05.8234752,0,28127478,270,,,,/evidence/windows-ntfs-mft-nist/nist-hacking-case.mft,,,
440,441,True,439,440,.\Documents and Settings\LocalService\Local Settings\Temporary Internet Files\Content.IE5\1W3Z0ESY,desktop.ini,.ini,67,1,,False,False,False,False,False,False,Hidden|System,DosWindows,2004-08-19 22:53:05.8234752,,2004-08-19 22:53:05.8234752,,2004-08-19 22:53:05.8234752,,2004-08-19 22:53:05.8234752,,0,26478306,269,,,,/evidence/windows-ntfs-mft-nist/nist-hacking-case.mft,,,
441,442,True,394,395,.\Documents and Settings\LocalService\Local Settings\Temporary Internet Files\Content.IE5,PDET39YN,,0,1,,True,False,False,False,False,False,System,DosWindows,2004-08-19 22:53:05.8234752,,2004-08-19 22:53:05.8234752,,2004-08-19 22:53:05.8234752,,2004-08-20 15:17:59.3441008,2004-08-19 22:53:05.8234752,0,28127545,270,,,,/evidence/windows-ntfs-mft-nist/nist-hacking-case.mft,,,
442,443,True,441,442,.\Documents and Settings\LocalService\Local Settings\Temporary Internet Files\Content.IE5\PDET39YN,desktop.ini,.ini,67,1,,False,False,False,False,False,False,Hidden|System,DosWindows,2004-08-19 22:53:05.8234752,,2004-08-19 22:53:05.8234752,,2004-08-19 22:53:05.8234752,,2004-08-19 22:53:05.8334896,2004-08-19 22:53:05.8234752,0,26846691,269,,,,/evidence/windows-ntfs-mft-nist/nist-hacking-case.mft,,,
443,447,True,10432,1,.\My Documents\ENUMERATION\NT\DumpTools,Dumpevt,,0,1,,True,False,False,False,False,False,None,DosWindows,2004-08-20 15:19:04.6680320,,2004-08-20 15:19:05.2088096,2004-08-20 15:19:04.6680320,2004-08-20 15:19:05.2088096,2004-08-20 15:19:04.6680320,2004-08-20 15:19:05.2088096,2004-08-20 15:19:04.6680320,0,29732437,310,,,,/evidence/windows-ntfs-mft-nist/nist-hacking-case.mft,,,
444,448,True,432,433,.\WINDOWS\Prefetch,RUNDLL32.EXE-451FC2C0.pf,.pf,7498,1,,False,False,False,False,False,False,Archive|NotContentIndexed,Windows,2004-08-20 15:04:37.0504592,,2004-08-20 15:21:28.5849744,2004-08-20 15:04:37.0504592,2004-08-20 15:21:28.5849744,2004-08-20 15:04:37.0504592,2004-08-20 15:21:28.5849744,2004-08-20 15:04:37.0504592,0,29694040,319,,,,/evidence/windows-ntfs-mft-nist/nist-hacking-case.mft,,,
445,446,True,432,433,.\WINDOWS\Prefetch,LSASS.EXE-20DB6D1B.pf,.pf,12324,1,,False,False,False,False,False,False,Archive|NotContentIndexed,Windows,2004-08-19 22:53:15.6768144,,2004-08-19 22:53:15.6768144,,2004-08-19 22:53:15.6768144,,2004-08-19 22:53:15.6768144,,0,26493062,277,,,,/evidence/windows-ntfs-mft-nist/nist-hacking-case.mft,,,
446,447,True,432,433,.\WINDOWS\Prefetch,SVCHOST.EXE-3530F672.pf,.pf,9424,1,,False,False,False,False,False,False,Archive|NotContentIndexed,Windows,2004-08-19 22:53:15.7268864,,2004-08-19 22:53:15.7268864,,2004-08-19 22:53:15.7268864,,2004-08-19 22:53:15.7268864,,0,26495091,277,,,,/evidence/windows-ntfs-mft-nist/nist-hacking-case.mft,,,
447,448,True,432,433,.\WINDOWS\Prefetch,MSOOBE.EXE-30411B02.pf,.pf,19712,1,,False,False,False,False,False,False,Archive|NotContentIndexed,Windows,2004-08-19 22:53:30.1175792,,2004-08-19 22:53:30.1275936,2004-08-19 22:53:30.1175792,2004-08-19 22:53:30.1275936,2004-08-19 22:53:30.1175792,2004-08-19 22:53:30.1275936,2004-08-19 22:53:30.1175792,0,26504491,277,,,,/evidence/windows-ntfs-mft-nist/nist-hacking-case.mft,,,
448,449,True,432,433,.\WINDOWS\Prefetch,AGENTSVR.EXE-002E45AB.pf,.pf,10960,1,,False,False,False,False,False,False,Archive|NotContentIndexed,Windows,2004-08-19 22:53:46.3308928,,2004-08-25 16:20:35.6652592,2004-08-19 22:53:46.3308928,2004-08-25 16:20:35.6652592,2004-08-19 22:53:46.3308928,2004-08-25 16:20:35.6652592,2004-08-19 22:53:46.3308928,0,35903285,277,,,,/evidence/windows-ntfs-mft-nist/nist-hacking-case.mft,,,
449,450,True,5497,4,.\WINDOWS\system32\wbem\Logs,wmiadap.log,.log,278,1,,False,False,False,False,False,False,Archive,DosWindows,2004-08-19 22:54:01.4426224,,2004-08-20 15:26:31.1793888,2004-08-19 22:54:01.4426224,2004-08-27 15:08:43.5525216,2004-08-19 22:54:01.4426224,2004-08-20 15:26:31.1793888,2004-08-19 22:54:01.4426224,0,38077260,283,,,,/evidence/windows-ntfs-mft-nist/nist-hacking-case.mft,,,
450,453,True,7282,2,.\Documents and Settings\Mr. Evil\Recent,keys.lnk,.lnk,458,1,,False,False,False,False,False,False,Archive,DosWindows,2004-08-20 15:04:51.4311376,,2004-08-20 15:04:51.9018144,2004-08-20 15:04:51.4311376,2004-08-20 15:04:51.9018144,2004-08-20 15:04:51.4311376,2004-08-27 15:14:40.4757520,2004-08-20 15:04:51.4311376,0,39220067,295,,,,/evidence/windows-ntfs-mft-nist/nist-hacking-case.mft,,,
451,455,True,443,447,.\My Documents\ENUMERATION\NT\DumpTools\Dumpevt,DUMPEVT.exe,.exe,69632,1,,False,False,False,False,True,True,None,DosWindows,2004-08-20 15:19:04.6780464,,2000-04-03 11:18:14.0000000,2004-08-20 15:19:04.6780464,2004-08-20 15:19:04.8182480,2004-08-20 15:19:04.6780464,2004-08-20 15:19:04.8182480,2004-08-20 15:19:04.6780464,0,28412775,327,,,,/evidence/windows-ntfs-mft-nist/nist-hacking-case.mft,,,
452,456,True,8388,3,.\Documents and Settings\Mr. Evil\Local Settings\History\History.IE5,MSHist012004082520040826,,0,1,,True,False,False,False,False,False,System,Windows,2004-08-25 15:25:04.8457760,,2004-08-25 15:25:04.8457760,,2004-08-25 16:13:01.1517008,2004-08-25 15:25:04.8457760,2004-08-25 15:25:04.8457760,,0,35793036,296,,,,/evidence/windows-ntfs-mft-nist/nist-hacking-case.mft,,,
453,454,True,432,433,.\WINDOWS\Prefetch,WMIPRVSE.EXE-28F301A9.pf,.pf,33000,1,,False,False,False,False,False,False,Archive|NotContentIndexed,Windows,2004-08-19 22:54:34.7304880,,2004-08-26 15:51:55.4454752,2004-08-19 22:54:34.7304880,2004-08-26 15:51:55.4454752,2004-08-19 22:54:34.7304880,2004-08-26 15:51:55.4454752,2004-08-19 22:54:34.7304880,0,37916421,277,,,,/evidence/windows-ntfs-mft-nist/nist-hacking-case.mft,,,
454,460,True,452,456,.\Documents and Settings\Mr. Evil\Local Settings\History\History.IE5\MSHist012004082520040826,index.dat,.dat,32768,1,,False,False,False,False,False,False,Archive,DosWindows,2004-08-25 15:25:04.8457760,,2004-08-25 16:13:00.9910000,2004-08-25 15:25:04.8457760,2004-08-25 16:13:01.1517008,2004-08-25 15:25:04.8457760,2004-08-25 15:25:04.8457760,,0,35793148,320,,,,/evidence/windows-ntfs-mft-nist/nist-hacking-case.mft,,,
455,459,True,432,433,.\WINDOWS\Prefetch,USERINIT.EXE-30B18140.pf,.pf,6800,1,,False,False,False,False,False,False,Archive|NotContentIndexed,Windows,2004-08-19 23:04:21.8046592,,2004-08-19 23:04:21.8046592,,2004-08-19 23:04:21.8046592,,2004-08-19 23:04:21.8046592,,0,26853193,277,,,,/evidence/windows-ntfs-mft-nist/nist-hacking-case.mft,,,
456,456,True,5,5,.,BOOTSECT.DOS,.DOS,512,1,,False,False,False,False,True,False,Hidden|System,DosWindows,2004-08-19 16:47:33.5500000,,2004-08-19 16:47:34.0000000,,2004-08-19 22:40:19.6483344,2004-08-19 16:47:34.0000000,2004-08-19 00:00:00.0000000,,0,19105129,0,,,,/evidence/windows-ntfs-mft-nist/nist-hacking-case.mft,,,
457,460,True,5499,1,.\WINDOWS\system32\wbem\Performance,WmiApRpl.ini,.ini,2790,1,,False,False,False,True,False,False,Archive,DosWindows,2004-08-19 22:27:18.6352928,2004-08-20 15:24:00.5346099,2004-08-20 15:24:01.0353299,,2004-08-20 15:24:01.0353299,,2004-08-20 15:24:01.7463523,2004-08-20 15:24:01.0353299,0,31209570,291,,,,/evidence/windows-ntfs-mft-nist/nist-hacking-case.mft,,,
458,458,True,5,5,.,WINDOWS,,0,1,,True,False,False,False,False,False,Directory,DosWindows,2004-08-19 16:50:37.8800000,,2004-08-25 15:56:09.7974448,2004-08-19 16:50:38.0000000,2004-08-25 15:56:09.7974448,2004-08-19 16:50:38.0000000,2004-08-27 15:08:06.0994896,2004-08-19 00:00:00.0000000,0,37980014,0,,,,/evidence/windows-ntfs-mft-nist/nist-hacking-case.mft,,,
459,459,True,458,458,.\WINDOWS,system32,,0,1,,True,False,False,False,False,False,Directory,DosWindows,2004-08-19 16:50:37.9200000,,2004-08-27 15:32:31.4805936,2004-08-19 16:50:38.0000000,2004-08-27 15:32:31.4805936,2004-08-19 16:50:38.0000000,2004-08-27 15:33:02.2040000,2004-08-19 00:00:00.0000000,0,39253911,0,,,,/evidence/windows-ntfs-mft-nist/nist-hacking-case.mft,,,
460,460,True,459,459,.\WINDOWS\system32,config,,0,1,,True,False,False,False,False,False,Directory,DosWindows,2004-08-19 16:50:37.9200000,,2004-08-19 22:50:28.3069776,2004-08-19 16:50:38.0000000,2004-08-19 22:50:28.3069776,2004-08-19 16:50:38.0000000,2004-08-27 15:08:06.2196624,2004-08-19 00:00:00.0000000,0,37981160,0,,,,/evidence/windows-ntfs-mft-nist/nist-hacking-case.mft,,,
461,465,True,8396,3,.\Documents and Settings\Mr. Evil\Cookies,mr. evil@atdmt[2].txt,.txt,97,1,,False,False,False,False,False,False,Archive,Windows,2004-08-20 15:24:42.9956659,,2004-08-20 15:24:42.9956659,,2004-08-20 15:24:42.9956659,,2004-08-27 15:16:54.7187840,2004-08-20 15:24:42.9956659,0,38448413,295,,,,/evidence/windows-ntfs-mft-nist/nist-hacking-case.mft,,,
462,464,True,432,433,.\WINDOWS\Prefetch,WMIADAP.EXE-2DF425B2.pf,.pf,13630,1,,False,False,False,False,False,False,Archive|NotContentIndexed,Windows,2004-08-19 22:55:05.5047392,,2004-08-20 15:24:01.9766835,2004-08-19 22:55:05.5047392,2004-08-20 15:24:01.9766835,2004-08-19 22:55:05.5047392,2004-08-20 15:24:01.9766835,2004-08-19 22:55:05.5047392,0,29904538,277,,,,/evidence/windows-ntfs-mft-nist/nist-hacking-case.mft,,,
463,465,True,5497,4,.\WINDOWS\system32\wbem\Logs,wbemess.log,.log,14758,1,,False,False,False,False,False,False,Archive,DosWindows,2004-08-19 22:55:34.1158800,,2004-08-27 15:46:29.4639760,2004-08-19 22:55:34.1158800,2004-08-27 15:46:29.4639760,2004-08-19 22:55:34.1158800,2004-08-27 15:46:29.4639760,2004-08-19 22:55:34.1158800,0,39443309,283,,,,/evidence/windows-ntfs-mft-nist/nist-hacking-case.mft,,,
464,464,True,460,460,.\WINDOWS\system32\config,userdiff,,262144,1,,False,False,False,False,True,False,Archive,DosWindows,2004-08-19 16:56:08.5100000,,2004-08-19 16:56:20.0000000,,2004-08-19 17:02:15.3946896,2004-08-19 16:56:20.0000000,2004-08-19 00:00:00.0000000,,0,9522413,0,,,,/evidence/windows-ntfs-mft-nist/nist-hacking-case.mft,,,
465,465,True,460,460,.\WINDOWS\system32\config,system.LOG,.LOG,1024,1,,False,False,False,False,False,False,Hidden|Archive,DosWindows,2004-08-19 16:56:08.6100000,,2004-08-27 15:46:33.8202400,2004-08-19 16:56:20.0000000,2004-08-27 15:46:33.8202400,2004-08-19 16:56:20.0000000,2004-08-27 15:46:33.7301104,2004-08-19 00:00:00.0000000,0,39453068,0,,,,/evidence/windows-ntfs-mft-nist/nist-hacking-case.mft,,,
466,466,True,460,460,.\WINDOWS\system32\config,software.LOG,.LOG,1024,1,,False,False,False,False,False,False,Hidden|Archive,DosWindows,2004-08-19 16:56:08.6100000,,2004-08-27 15:46:32.3981952,2004-08-19 16:56:20.0000000,2004-08-27 15:46:32.3981952,2004-08-19 16:56:20.0000000,2004-08-27 15:46:32.3581376,2004-08-19 00:00:00.0000000,0,39451110,0,,,,/evidence/windows-ntfs-mft-nist/nist-hacking-case.mft,,,
467,467,True,460,460,.\WINDOWS\system32\config,default.LOG,.LOG,1024,1,,False,False,False,False,False,False,Hidden|Archive,DosWindows,2004-08-19 16:56:08.6100000,,2004-08-27 15:32:56.0551584,2004-08-19 16:56:20.0000000,2004-08-27 15:32:56.0551584,2004-08-19 16:56:20.0000000,2004-08-27 15:32:56.0251152,2004-08-19 00:00:00.0000000,0,39455031,0,,,,/evidence/windows-ntfs-mft-nist/nist-hacking-case.mft,,,
468,468,True,460,460,.\WINDOWS\system32\config,userdiff.LOG,.LOG,1024,1,,False,False,False,False,True,False,Hidden|Archive,DosWindows,2004-08-19 16:56:08.6100000,,2004-08-19 16:56:20.0000000,,2004-08-19 17:02:15.4047040,2004-08-19 16:56:20.0000000,2004-08-19 00:00:00.0000000,,0,9522522,0,,,,/evidence/windows-ntfs-mft-nist/nist-hacking-case.mft,,,
469,469,True,460,460,.\WINDOWS\system32\config,TempKey.LOG,.LOG,1024,1,,False,False,False,False,True,False,Hidden|Archive,DosWindows,2004-08-19 16:56:14.8900000,,2004-08-19 16:56:18.0000000,,2004-08-19 17:02:15.3946896,2004-08-19 16:56:18.0000000,2004-08-19 00:00:00.0000000,,0,9522304,0,,,,/evidence/windows-ntfs-mft-nist/nist-hacking-case.mft,,,
470,470,True,460,460,.\WINDOWS\system32\config,system.sav,.sav,389120,1,,False,False,False,False,True,False,Archive,DosWindows,2004-08-19 16:56:18.1600000,,2004-08-19 16:56:20.0000000,,2004-08-19 17:02:15.3946896,2004-08-19 16:56:20.0000000,2004-08-19 00:00:00.0000000,,0,9522195,0,,,,/evidence/windows-ntfs-mft-nist/nist-hacking-case.mft,,,
471,471,True,460,460,.\WINDOWS\system32\config,software.sav,.sav,630784,1,,False,False,False,False,True,False,Archive,DosWindows,2004-08-19 16:56:18.4300000,,2004-08-19 16:56:20.0000000,,2004-08-19 17:02:15.3946896,2004-08-19 16:56:20.0000000,2004-08-19 00:00:00.0000000,,0,9521743,0,,,,/evidence/windows-ntfs-mft-nist/nist-hacking-case.mft,,,
472,472,True,460,460,.\WINDOWS\system32\config,default.sav,.sav,90112,1,,False,False,False,False,True,False,Archive,DosWindows,2004-08-19 16:56:18.8600000,,2004-08-19 16:56:20.0000000,,2004-08-19 17:02:15.3846752,2004-08-19 16:56:20.0000000,2004-08-19 00:00:00.0000000,,0,9520825,0,,,,/evidence/windows-ntfs-mft-nist/nist-hacking-case.mft,,,
473,473,True,459,459,.\WINDOWS\system32,drivers,,0,1,,True,False,False,False,False,False,Directory,DosWindows,2004-08-19 16:50:37.9200000,,2004-08-27 15:31:30.7233072,2004-08-19 16:50:38.0000000,2004-08-27 15:31:30.7233072,2004-08-19 16:50:38.0000000,2004-08-27 15:31:33.3671088,2004-08-19 00:00:00.0000000,0,39175076,0,,,,/evidence/windows-ntfs-mft-nist/nist-hacking-case.mft,,,
474,474,True,473,473,.\WINDOWS\system32\drivers,etc,,0,1,,True,False,False,False,True,False,Directory,DosWindows,2004-08-19 16:50:37.9300000,,2004-08-19 16:50:38.0000000,,2004-08-19 16:50:38.0000000,,2004-08-19 17:02:16.0255968,2004-08-19 00:00:00.0000000,0,9546029,0,,,,/evidence/windows-ntfs-mft-nist/nist-hacking-case.mft,,,
475,475,True,474,474,.\WINDOWS\system32\drivers\etc,hosts,,734,1,,False,False,False,False,True,False,Archive,DosWindows,2001-08-23 18:00:00.0000000,,2001-08-23 18:00:00.0000000,,2004-08-19 17:02:15.9955536,2001-08-23 18:00:00.0000000,2004-08-27 15:32:49.1652512,2004-08-19 00:00:00.0000000,0,39369124,0,,,,/evidence/windows-ntfs-mft-nist/nist-hacking-case.mft,,,
476,476,True,474,474,.\WINDOWS\system32\drivers\etc,lmhosts.sam,.sam,3683,1,,False,False,False,False,True,False,Archive,DosWindows,2001-08-23 18:00:00.0000000,,2001-08-23 18:00:00.0000000,,2004-08-19 17:02:16.0255968,2001-08-23 18:00:00.0000000,2004-08-19 00:00:00.0000000,,0,9545612,0,,,,/evidence/windows-ntfs-mft-nist/nist-hacking-case.mft,,,
477,477,True,474,474,.\WINDOWS\system32\drivers\etc,networks,,407,1,,False,False,False,False,True,False,Archive,DosWindows,2001-08-23 18:00:00.0000000,,2001-08-23 18:00:00.0000000,,2004-08-19 17:02:16.0255968,2001-08-23 18:00:00.0000000,2004-08-19 00:00:00.0000000,,0,9545736,0,,,,/evidence/windows-ntfs-mft-nist/nist-hacking-case.mft,,,
478,478,True,474,474,.\WINDOWS\system32\drivers\etc,protocol,,799,1,,False,False,False,False,True,False,Archive,DosWindows,2001-08-23 18:00:00.0000000,,2001-08-23 18:00:00.0000000,,2004-08-19 17:02:16.0255968,2001-08-23 18:00:00.0000000,2004-08-27 15:35:09.8074848,2004-08-19 00:00:00.0000000,0,39291125,0,,,,/evidence/windows-ntfs-mft-nist/nist-hacking-case.mft,,,
479,479,True,474,474,.\WINDOWS\system32\drivers\etc,services,,7116,1,,False,False,False,False,True,False,Archive,DosWindows,2001-08-23 18:00:00.0000000,,2001-08-23 18:00:00.0000000,,2004-08-19 17:02:16.0255968,2001-08-23 18:00:00.0000000,2004-08-27 15:40:31.0594224,2004-08-19 00:00:00.0000000,0,39347856,0,,,,/evidence/windows-ntfs-mft-nist/nist-hacking-case.mft,,,
480,480,True,473,473,.\WINDOWS\system32\drivers,disdn,,0,1,,True,False,False,False,True,False,Directory,DosWindows,2004-08-19 16:50:37.9400000,,2004-08-19 16:50:38.0000000,,2004-08-19 16:50:38.0000000,,2004-08-19 17:02:15.7552080,2004-08-19 00:00:00.0000000,0,9544266,0,,,,/evidence/windows-ntfs-mft-nist/nist-hacking-case.mft,,,
481,481,True,473,473,.\WINDOWS\system32\drivers,wmilib.sys,.sys,4352,1,,False,False,False,False,True,False,Archive,DosWindows,2001-08-23 18:00:00.0000000,,2001-08-23 18:00:00.0000000,,2004-08-19 17:02:16.3761008,2001-08-23 18:00:00.0000000,2004-08-27 15:08:14.3413408,2004-08-19 00:00:00.0000000,0,37996389,0,,,,/evidence/windows-ntfs-mft-nist/nist-hacking-case.mft,,,
482,482,True,473,473,.\WINDOWS\system32\drivers,atapi.sys,.sys,86656,1,,False,False,False,False,True,False,Archive,DosWindows,2001-08-23 18:00:00.0000000,,2001-08-23 18:00:00.0000000,,2004-08-19 17:02:15.7351792,2001-08-23 18:00:00.0000000,2004-08-27 15:08:14.3413408,2004-08-19 00:00:00.0000000,0,37996450,0,,,,/evidence/windows-ntfs-mft-nist/nist-hacking-case.mft,,,
483,483,True,473,473,.\WINDOWS\system32\drivers,disk.sys,.sys,33664,1,,False,False,False,False,True,False,Archive,DosWindows,2001-08-23 18:00:00.0000000,,2001-08-23 18:00:00.0000000,,2004-08-19 17:02:15.7552080,2001-08-23 18:00:00.0000000,2004-08-19 22:42:44.1761552,2004-08-19 00:00:00.0000000,0,36423417,0,,,,/evidence/windows-ntfs-mft-nist/nist-hacking-case.mft,,,
484,484,True,473,473,.\WINDOWS\system32\drivers,classpnp.sys,.sys,44928,1,,False,False,False,False,True,False,Archive,DosWindows,2001-08-23 18:00:00.0000000,,2001-08-23 18:00:00.0000000,,2004-08-19 17:02:15.7552080,2001-08-23 18:00:00.0000000,2004-08-19 22:42:21.2231504,2004-08-19 00:00:00.0000000,0,36423480,0,,,,/evidence/windows-ntfs-mft-nist/nist-hacking-case.mft,,,
485,485,True,473,473,.\WINDOWS\system32\drivers,dmio.sys,.sys,146304,1,,False,False,False,False,True,False,Archive,DosWindows,2001-08-23 18:00:00.0000000,,2001-08-23 18:00:00.0000000,,2004-08-19 17:02:15.7552080,2001-08-23 18:00:00.0000000,2004-08-19 22:42:47.4007920,2004-08-19 00:00:00.0000000,0,21490987,0,,,,/evidence/windows-ntfs-mft-nist/nist-hacking-case.mft,,,
486,486,True,473,473,.\WINDOWS\system32\drivers,dmload.sys,.sys,5888,1,,False,False,False,False,True,False,Archive,DosWindows,2001-08-23 18:00:00.0000000,,2001-08-23 18:00:00.0000000,,2004-08-19 17:02:15.7652224,2001-08-23 18:00:00.0000000,2004-08-19 22:42:47.4208208,2004-08-19 00:00:00.0000000,0,21491016,0,,,,/evidence/windows-ntfs-mft-nist/nist-hacking-case.mft,,,
487,487,True,473,473,.\WINDOWS\system32\drivers,ftdisk.sys,.sys,125056,1,,False,False,False,False,True,False,Archive,DosWindows,2001-08-23 18:00:00.0000000,,2001-08-23 18:00:00.0000000,,2004-08-19 17:02:16.0456256,2001-08-23 18:00:00.0000000,2004-08-19 22:43:12.8273536,2004-08-19 00:00:00.0000000,0,36425266,0,,,,/evidence/windows-ntfs-mft-nist/nist-hacking-case.mft,,,
488,488,True,473,473,.\WINDOWS\system32\drivers,pciidex.sys,.sys,23680,1,,False,False,False,False,True,False,Archive,DosWindows,2001-08-23 18:00:00.0000000,,2001-08-23 18:00:00.0000000,,2004-08-19 17:02:16.2859712,2001-08-23 18:00:00.0000000,2004-08-19 22:46:04.9047888,2004-08-19 00:00:00.0000000,0,36425393,0,,,,/evidence/windows-ntfs-mft-nist/nist-hacking-case.mft,,,
489,489,True,473,473,.\WINDOWS\system32\drivers,ksecdd.sys,.sys,79744,1,,False,False,False,False,True,False,Archive,DosWindows,2001-08-23 18:00:00.0000000,,2001-08-23 18:00:00.0000000,,2004-08-19 17:02:16.1557840,2001-08-23 18:00:00.0000000,2004-08-19 22:44:46.2617056,2004-08-19 00:00:00.0000000,0,36425583,0,,,,/evidence/windows-ntfs-mft-nist/nist-hacking-case.mft,,,
490,490,True,473,473,.\WINDOWS\system32\drivers,mountmgr.sys,.sys,37504,1,,False,False,False,False,True,False,Archive,DosWindows,2001-08-23 18:00:00.0000000,,2001-08-23 18:00:00.0000000,,2004-08-19 17:02:16.1657984,2001-08-23 18:00:00.0000000,2004-08-19 22:45:01.8040544,2004-08-19 00:00:00.0000000,0,36425647,0,,,,/evidence/windows-ntfs-mft-nist/nist-hacking-case.mft,,,
491,491,True,473,473,.\WINDOWS\system32\drivers,mrxdav.sys,.sys,172672,1,,False,False,False,False,True,False,Archive,DosWindows,2001-08-23 18:00:00.0000000,,2001-08-23 18:00:00.0000000,,2004-08-19 17:02:16.1758128,2001-08-23 18:00:00.0000000,2004-08-27 15:08:33.4388016,2004-08-19 00:00:00.0000000,0,38040329,0,,,,/evidence/windows-ntfs-mft-nist/nist-hacking-case.mft,,,
492,492,True,473,473,.\WINDOWS\system32\drivers,tdi.sys,.sys,16256,1,,False,False,False,False,True,False,Archive,DosWindows,2001-08-23 18:00:00.0000000,,2001-08-23 18:00:00.0000000,,2004-08-19 17:02:16.3560720,2001-08-23 18:00:00.0000000,2004-08-27 15:08:07.0408432,2004-08-19 00:00:00.0000000,0,37983684,0,,,,/evidence/windows-ntfs-mft-nist/nist-hacking-case.mft,,,
493,493,True,473,473,.\WINDOWS\system32\drivers,ndis.sys,.sys,161536,1,,False,False,False,False,True,False,Archive,DosWindows,2001-08-23 18:00:00.0000000,,2001-08-23 18:00:00.0000000,,2004-08-19 17:02:16.1858272,2001-08-23 18:00:00.0000000,2004-08-19 22:45:38.7071184,2004-08-19 00:00:00.0000000,0,36426106,0,,,,/evidence/windows-ntfs-mft-nist/nist-hacking-case.mft,,,
494,494,True,473,473,.\WINDOWS\system32\drivers,mrxsmb.sys,.sys,407680,1,,False,False,False,False,True,False,Archive,DosWindows,2001-08-23 18:00:00.0000000,,2001-08-23 18:00:00.0000000,,2004-08-19 17:02:16.1758128,2001-08-23 18:00:00.0000000,2004-08-27 15:08:13.8205920,2004-08-19 00:00:00.0000000,0,37995199,0,,,,/evidence/windows-ntfs-mft-nist/nist-hacking-case.mft,,,
495,495,True,473,473,.\WINDOWS\system32\drivers,rdbss.sys,.sys,163840,1,,False,False,False,False,True,False,Archive,DosWindows,2001-08-23 18:00:00.0000000,,2001-08-23 18:00:00.0000000,,2004-08-19 17:02:16.2959856,2001-08-23 18:00:00.0000000,2004-08-27 15:08:13.8005632,2004-08-19 00:00:00.0000000,0,37995138,0,,,,/evidence/windows-ntfs-mft-nist/nist-hacking-case.mft,,,
496,496,True,473,473,.\WINDOWS\system32\drivers,msfs.sys,.sys,18048,1,,False,False,False,False,True,False,Archive,DosWindows,2001-08-23 18:00:00.0000000,,2001-08-23 18:00:00.0000000,,2004-08-19 17:02:16.1858272,2001-08-23 18:00:00.0000000,2004-08-27 15:08:13.7404768,2004-08-19 00:00:00.0000000,0,37994698,0,,,,/evidence/windows-ntfs-mft-nist/nist-hacking-case.mft,,,
497,497,True,473,473,.\WINDOWS\system32\drivers,mup.sys,.sys,103936,1,,False,False,False,False,True,False,Archive,DosWindows,2001-08-23 18:00:00.0000000,,2001-08-23 18:00:00.0000000,,2004-08-19 17:02:16.1858272,2001-08-23 18:00:00.0000000,2004-08-19 22:45:37.7557504,2004-08-19 00:00:00.0000000,0,36427017,0,,,,/evidence/windows-ntfs-mft-nist/nist-hacking-case.mft,,,
498,498,True,473,473,.\WINDOWS\system32\drivers,netbios.sys,.sys,33152,1,,False,False,False,False,True,False,Archive,DosWindows,2001-08-23 18:00:00.0000000,,2001-08-23 18:00:00.0000000,,2004-08-19 17:02:16.1958416,2001-08-23 18:00:00.0000000,2004-08-27 15:08:13.7905488,2004-08-19 00:00:00.0000000,0,37995077,0,,,,/evidence/windows-ntfs-mft-nist/nist-hacking-case.mft,,,
499,499,True,473,473,.\WINDOWS\system32\drivers,npfs.sys,.sys,29568,1,,False,False,False,False,True,False,Archive,DosWindows,2001-08-23 18:00:00.0000000,,2001-08-23 18:00:00.0000000,,2004-08-19 17:02:16.1958416,2001-08-23 18:00:00.0000000,2004-08-27 15:08:13.7404768,2004-08-19 00:00:00.0000000,0,37994759,0,,,,/evidence/windows-ntfs-mft-nist/nist-hacking-case.mft,,,
500,500,True,473,473,.\WINDOWS\system32\drivers,partmgr.sys,.sys,18688,1,,False,False,False,False,True,False,Archive,DosWindows,2001-08-23 18:00:00.0000000,,2001-08-23 18:00:00.0000000,,2004-08-19 17:02:16.2759568,2001-08-23 18:00:00.0000000,2004-08-19 22:46:04.3339680,2004-08-19 00:00:00.0000000,0,36427806,0,,,,/evidence/windows-ntfs-mft-nist/nist-hacking-case.mft,,,
501,501,True,473,473,.\WINDOWS\system32\drivers,volsnap.sys,.sys,49152,1,,False,False,False,False,True,False,Archive,DosWindows,2001-08-23 18:00:00.0000000,,2001-08-23 18:00:00.0000000,,2004-08-19 17:02:16.3660864,2001-08-23 18:00:00.0000000,2004-08-19 22:47:49.4150672,2004-08-19 00:00:00.0000000,0,36428456,0,,,,/evidence/windows-ntfs-mft-nist/nist-hacking-case.mft,,,
502,502,True,473,473,.\WINDOWS\system32\drivers,p3.sys,.sys,34816,1,,False,False,False,False,True,False,Archive,DosWindows,2001-08-17 13:48:36.0000000,,2001-08-23 18:00:00.0000000,,2004-08-19 17:02:16.2759568,2001-08-23 18:00:00.0000000,2004-08-19 22:46:00.9390864,2004-08-19 00:00:00.0000000,0,23767857,0,,,,/evidence/windows-ntfs-mft-nist/nist-hacking-case.mft,,,
503,503,True,473,473,.\WINDOWS\system32\drivers,videoprt.sys,.sys,65024,1,,False,False,False,False,True,False,Archive,DosWindows,2001-08-23 18:00:00.0000000,,2001-08-23 18:00:00.0000000,,2004-08-19 17:02:16.3660864,2001-08-23 18:00:00.0000000,2004-08-27 15:08:06.8806128,2004-08-19 00:00:00.0000000,0,37982149,0,,,,/evidence/windows-ntfs-mft-nist/nist-hacking-case.mft,,,
504,504,True,473,473,.\WINDOWS\system32\drivers,ks.sys,.sys,134144,1,,False,False,False,False,True,False,Archive,DosWindows,2001-08-17 22:24:30.0000000,,2001-08-23 18:00:00.0000000,,2004-08-19 17:02:16.1557840,2001-08-23 18:00:00.0000000,2004-08-27 15:08:06.9006416,2004-08-19 00:00:00.0000000,0,37982285,0,,,,/evidence/windows-ntfs-mft-nist/nist-hacking-case.mft,,,
505,505,True,473,473,.\WINDOWS\system32\drivers,modem.sys,.sys,28800,1,,False,False,False,False,True,False,Archive,DosWindows,2001-08-17 13:57:38.0000000,,2001-08-23 18:00:00.0000000,,2004-08-19 17:02:16.1657984,2001-08-23 18:00:00.0000000,2004-08-27 15:08:06.9206704,2004-08-19 00:00:00.0000000,0,37982608,0,,,,/evidence/windows-ntfs-mft-nist/nist-hacking-case.mft,,,
506,506,True,473,473,.\WINDOWS\system32\drivers,fdc.sys,.sys,26240,1,,False,False,False,False,True,False,Archive,DosWindows,2001-08-23 18:00:00.0000000,,2001-08-23 18:00:00.0000000,,2004-08-19 17:02:16.0255968,2001-08-23 18:00:00.0000000,2004-08-27 15:08:06.9507136,2004-08-19 00:00:00.0000000,0,37982927,0,,,,/evidence/windows-ntfs-mft-nist/nist-hacking-case.mft,,,
507,507,True,473,473,.\WINDOWS\system32\drivers,serial.sys,.sys,62464,1,,False,False,False,False,True,False,Archive,DosWindows,2001-08-23 18:00:00.0000000,,2001-08-23 18:00:00.0000000,,2004-08-19 17:02:16.3560720,2001-08-23 18:00:00.0000000,2004-08-27 15:08:06.9106560,2004-08-19 00:00:00.0000000,0,37982547,0,,,,/evidence/windows-ntfs-mft-nist/nist-hacking-case.mft,,,
508,508,True,473,473,.\WINDOWS\system32\drivers,serenum.sys,.sys,14976,1,,False,False,False,False,True,False,Archive,DosWindows,2001-08-23 18:00:00.0000000,,2001-08-23 18:00:00.0000000,,2004-08-19 17:02:16.3560720,2001-08-23 18:00:00.0000000,2004-08-27 15:08:06.9607280,2004-08-19 00:00:00.0000000,0,37982988,0,,,,/evidence/windows-ntfs-mft-nist/nist-hacking-case.mft,,,
509,509,True,473,473,.\WINDOWS\system32\drivers,parport.sys,.sys,76160,1,,False,False,False,False,True,False,Archive,DosWindows,2001-08-17 13:50:12.0000000,,2001-08-23 18:00:00.0000000,,2004-08-19 17:02:16.2759568,2001-08-23 18:00:00.0000000,2004-08-27 15:08:06.9707424,2004-08-19 00:00:00.0000000,0,37983049,0,,,,/evidence/windows-ntfs-mft-nist/nist-hacking-case.mft,,,
510,510,True,473,473,.\WINDOWS\system32\drivers,cdrom.sys,.sys,47488,1,,False,False,False,False,True,False,Archive,DosWindows,2001-08-23 18:00:00.0000000,,2001-08-23 18:00:00.0000000,,2004-08-19 17:02:15.7451936,2001-08-23 18:00:00.0000000,2004-08-27 15:08:06.9807568,2004-08-19 00:00:00.0000000,0,37983110,0,,,,/evidence/windows-ntfs-mft-nist/nist-hacking-case.mft,,,
511,511,True,473,473,.\WINDOWS\system32\drivers,rasl2tp.sys,.sys,48640,1,,False,False,False,False,True,False,Archive,DosWindows,2001-08-23 18:00:00.0000000,,2001-08-23 18:00:00.0000000,,2004-08-19 17:02:16.2959856,2001-08-23 18:00:00.0000000,2004-08-27 15:08:07.0108000,2004-08-19 00:00:00.0000000,0,37983440,0,,,,/evidence/windows-ntfs-mft-nist/nist-hacking-case.mft,,,
512,512,True,473,473,.\WINDOWS\system32\drivers,ndistapi.sys,.sys,9600,1,,False,False,False,False,True,False,Archive,DosWindows,2001-08-23 18:00:00.0000000,,2001-08-23 18:00:00.0000000,,2004-08-19 17:02:16.1858272,2001-08-23 18:00:00.0000000,2004-08-27 15:08:07.0208144,2004-08-19 00:00:00.0000000,0,37983501,0,,,,/evidence/windows-ntfs-mft-nist/nist-hacking-case.mft,,,
513,513,True,473,473,.\WINDOWS\system32\drivers,ndiswan.sys,.sys,88320,1,,False,False,False,False,True,False,Archive,DosWindows,2001-08-23 18:00:00.0000000,,2001-08-23 18:00:00.0000000,,2004-08-19 17:02:16.1858272,2001-08-23 18:00:00.0000000,2004-08-27 15:08:07.0308288,2004-08-19 00:00:00.0000000,0,37983562,0,,,,/evidence/windows-ntfs-mft-nist/nist-hacking-case.mft,,,
514,514,True,473,473,.\WINDOWS\system32\drivers,raspppoe.sys,.sys,38912,1,,False,False,False,False,True,False,Archive,DosWindows,2001-08-23 18:00:00.0000000,,2001-08-23 18:00:00.0000000,,2004-08-19 17:02:16.2959856,2001-08-23 18:00:00.0000000,2004-08-27 15:08:07.0408432,2004-08-19 00:00:00.0000000,0,37983623,0,,,,/evidence/windows-ntfs-mft-nist/nist-hacking-case.mft,,,
515,515,True,473,473,.\WINDOWS\system32\drivers,raspptp.sys,.sys,46464,1,,False,False,False,False,True,False,Archive,DosWindows,2001-08-23 18:00:00.0000000,,2001-08-23 18:00:00.0000000,,2004-08-19 17:02:16.2959856,2001-08-23 18:00:00.0000000,2004-08-27 15:08:07.0408432,2004-08-19 00:00:00.0000000,0,37983753,0,,,,/evidence/windows-ntfs-mft-nist/nist-hacking-case.mft,,,
516,516,True,473,473,.\WINDOWS\system32\drivers,psched.sys,.sys,65920,1,,False,False,False,False,True,False,Archive,DosWindows,2001-08-23 18:00:00.0000000,,2001-08-23 18:00:00.0000000,,2004-08-19 17:02:16.2859712,2001-08-23 18:00:00.0000000,2004-08-27 15:08:07.0508576,2004-08-19 00:00:00.0000000,0,37983814,0,,,,/evidence/windows-ntfs-mft-nist/nist-hacking-case.mft,,,
517,517,True,473,473,.\WINDOWS\system32\drivers,msgpc.sys,.sys,33792,1,,False,False,False,False,True,False,Archive,DosWindows,2001-08-23 18:00:00.0000000,,2001-08-23 18:00:00.0000000,,2004-08-19 17:02:16.1858272,2001-08-23 18:00:00.0000000,2004-08-27 15:08:07.0608720,2004-08-19 00:00:00.0000000,0,37983875,0,,,,/evidence/windows-ntfs-mft-nist/nist-hacking-case.mft,,,
518,518,True,473,473,.\WINDOWS\system32\drivers,ptilink.sys,.sys,17792,1,,False,False,False,False,True,False,Archive,DosWindows,2001-08-23 18:00:00.0000000,,2001-08-23 18:00:00.0000000,,2004-08-19 17:02:16.2859712,2001-08-23 18:00:00.0000000,2004-08-27 15:08:09.9149760,2004-08-19 00:00:00.0000000,0,37983936,0,,,,/evidence/windows-ntfs-mft-nist/nist-hacking-case.mft,,,
519,519,True,473,473,.\WINDOWS\system32\drivers,raspti.sys,.sys,16512,1,,False,False,False,False,True,False,Archive,DosWindows,2001-08-23 18:00:00.0000000,,2001-08-23 18:00:00.0000000,,2004-08-19 17:02:16.2959856,2001-08-23 18:00:00.0000000,2004-08-27 15:08:09.9149760,2004-08-19 00:00:00.0000000,0,37983997,0,,,,/evidence/windows-ntfs-mft-nist/nist-hacking-case.mft,,,
520,520,True,473,473,.\WINDOWS\system32\drivers,swenum.sys,.sys,3840,1,,False,False,False,False,True,False,Archive,DosWindows,2001-08-17 13:48:52.0000000,,2001-08-23 18:00:00.0000000,,2004-08-19 17:02:16.3560720,2001-08-23 18:00:00.0000000,2004-08-27 15:08:09.9450192,2004-08-19 00:00:00.0000000,0,37984192,0,,,,/evidence/windows-ntfs-mft-nist/nist-hacking-case.mft,,,
521,521,True,473,473,.\WINDOWS\system32\drivers,ndproxy.sys,.sys,38016,1,,False,False,False,False,True,False,Archive,DosWindows,2001-08-23 18:00:00.0000000,,2001-08-23 18:00:00.0000000,,2004-08-19 17:02:16.1958416,2001-08-23 18:00:00.0000000,2004-08-27 15:08:10.1853648,2004-08-19 00:00:00.0000000,0,37986607,0,,,,/evidence/windows-ntfs-mft-nist/nist-hacking-case.mft,,,
522,522,True,473,473,.\WINDOWS\system32\drivers,flpydisk.sys,.sys,19712,1,,False,False,False,False,True,False,Archive,DosWindows,2001-08-23 18:00:00.0000000,,2001-08-23 18:00:00.0000000,,2004-08-19 17:02:16.0255968,2001-08-23 18:00:00.0000000,2004-08-27 15:08:13.6803904,2004-08-19 00:00:00.0000000,0,37994139,0,,,,/evidence/windows-ntfs-mft-nist/nist-hacking-case.mft,,,
523,523,True,473,473,.\WINDOWS\system32\drivers,sfloppy.sys,.sys,10496,1,,False,False,False,False,True,False,Archive,DosWindows,2001-08-23 18:00:00.0000000,,2001-08-23 18:00:00.0000000,,2004-08-19 17:02:16.3560720,2001-08-23 18:00:00.0000000,2004-08-27 15:08:13.6904048,2004-08-19 00:00:00.0000000,0,37994200,0,,,,/evidence/windows-ntfs-mft-nist/nist-hacking-case.mft,,,
524,524,True,473,473,.\WINDOWS\system32\drivers,cdaudio.sys,.sys,18688,1,,False,False,False,False,True,False,Archive,DosWindows,2001-08-17 13:52:30.0000000,,2001-08-23 18:00:00.0000000,,2004-08-19 17:02:15.7451936,2001-08-23 18:00:00.0000000,2004-08-27 15:08:13.6904048,2004-08-19 00:00:00.0000000,0,37994261,0,,,,/evidence/windows-ntfs-mft-nist/nist-hacking-case.mft,,,
525,525,True,473,473,.\WINDOWS\system32\drivers,fs_rec.sys,.sys,7936,1,,False,False,False,False,True,False,Archive,DosWindows,2001-08-23 18:00:00.0000000,,2001-08-23 18:00:00.0000000,,2004-08-19 17:02:16.0456256,2001-08-23 18:00:00.0000000,2004-08-27 15:08:13.7004192,2004-08-19 00:00:00.0000000,0,37994322,0,,,,/evidence/windows-ntfs-mft-nist/nist-hacking-case.mft,,,
526,526,True,473,473,.\WINDOWS\system32\drivers,null.sys,.sys,2944,1,,False,False,False,False,True,False,Archive,DosWindows,2001-08-23 18:00:00.0000000,,2001-08-23 18:00:00.0000000,,2004-08-19 17:02:16.2459136,2001-08-23 18:00:00.0000000,2004-08-27 15:08:13.7004192,2004-08-19 00:00:00.0000000,0,37994383,0,,,,/evidence/windows-ntfs-mft-nist/nist-hacking-case.mft,,,
527,527,True,473,473,.\WINDOWS\system32\drivers,beep.sys,.sys,4224,1,,False,False,False,False,True,False,Archive,DosWindows,2001-08-23 18:00:00.0000000,,2001-08-23 18:00:00.0000000,,2004-08-19 17:02:15.7351792,2001-08-23 18:00:00.0000000,2004-08-27 15:08:13.7004192,2004-08-19 00:00:00.0000000,0,37994444,0,,,,/evidence/windows-ntfs-mft-nist/nist-hacking-case.mft,,,
528,528,True,473,473,.\WINDOWS\system32\drivers,vga.sys,.sys,19584,1,,False,False,False,False,True,False,Archive,DosWindows,2001-08-23 18:00:00.0000000,,2001-08-23 18:00:00.0000000,,2004-08-19 17:02:16.3660864,2001-08-23 18:00:00.0000000,2004-08-27 15:08:13.7104336,2004-08-19 00:00:00.0000000,0,37994515,0,,,,/evidence/windows-ntfs-mft-nist/nist-hacking-case.mft,,,
529,529,True,473,473,.\WINDOWS\system32\drivers,rdpcdd.sys,.sys,4224,1,,False,False,False,False,True,False,Archive,DosWindows,2001-08-23 18:00:00.0000000,,2001-08-23 18:00:00.0000000,,2004-08-19 17:02:16.2959856,2001-08-23 18:00:00.0000000,2004-08-27 15:08:13.7304624,2004-08-19 00:00:00.0000000,0,37994637,0,,,,/evidence/windows-ntfs-mft-nist/nist-hacking-case.mft,,,
530,530,True,473,473,.\WINDOWS\system32\drivers,rasacd.sys,.sys,8832,1,,False,False,False,False,True,False,Archive,DosWindows,2001-08-23 18:00:00.0000000,,2001-08-23 18:00:00.0000000,,2004-08-19 17:02:16.2859712,2001-08-23 18:00:00.0000000,2004-08-27 15:08:13.7504912,2004-08-19 00:00:00.0000000,0,37994820,0,,,,/evidence/windows-ntfs-mft-nist/nist-hacking-case.mft,,,
531,531,True,473,473,.\WINDOWS\system32\drivers,ipsec.sys,.sys,56064,1,,False,False,False,False,True,False,Archive,DosWindows,2001-08-23 18:00:00.0000000,,2001-08-23 18:00:00.0000000,,2004-08-19 17:02:16.1357552,2001-08-23 18:00:00.0000000,2004-08-27 15:08:13.7504912,2004-08-19 00:00:00.0000000,0,37994881,0,,,,/evidence/windows-ntfs-mft-nist/nist-hacking-case.mft,,,
532,532,True,473,473,.\WINDOWS\system32\drivers,tcpip.sys,.sys,327168,1,,False,False,False,False,True,False,Archive,DosWindows,2001-08-23 18:00:00.0000000,,2001-08-23 18:00:00.0000000,,2004-08-19 17:02:16.3560720,2001-08-23 18:00:00.0000000,2004-08-27 15:08:13.7705200,2004-08-19 00:00:00.0000000,0,37994942,0,,,,/evidence/windows-ntfs-mft-nist/nist-hacking-case.mft,,,
533,533,True,473,473,.\WINDOWS\system32\drivers,netbt.sys,.sys,150272,1,,False,False,False,False,True,False,Archive,DosWindows,2001-08-23 18:00:00.0000000,,2001-08-23 18:00:00.0000000,,2004-08-19 17:02:16.1958416,2001-08-23 18:00:00.0000000,2004-08-27 15:08:13.7805344,2004-08-19 00:00:00.0000000,0,37995016,0,,,,/evidence/windows-ntfs-mft-nist/nist-hacking-case.mft,,,
534,534,True,473,473,.\WINDOWS\system32\drivers,wanarp.sys,.sys,33280,1,,False,False,False,False,True,False,Archive,DosWindows,2001-08-23 18:00:00.0000000,,2001-08-23 18:00:00.0000000,,2004-08-19 17:02:16.3660864,2001-08-23 18:00:00.0000000,2004-08-27 15:08:13.8506352,2004-08-19 00:00:00.0000000,0,37995382,0,,,,/evidence/windows-ntfs-mft-nist/nist-hacking-case.mft,,,
535,535,True,473,473,.\WINDOWS\system32\drivers,imapi.sys,.sys,39296,1,,False,False,False,False,True,False,Archive,DosWindows,2001-08-23 18:00:00.0000000,,2001-08-23 18:00:00.0000000,,2004-08-19 17:02:16.1057120,2001-08-23 18:00:00.0000000,2004-08-27 15:08:13.8205920,2004-08-19 00:00:00.0000000,0,37995260,0,,,,/evidence/windows-ntfs-mft-nist/nist-hacking-case.mft,,,
536,536,True,473,473,.\WINDOWS\system32\drivers,fips.sys,.sys,34944,1,,False,False,False,False,True,False,Archive,DosWindows,2001-08-23 18:00:00.0000000,,2001-08-23 18:00:00.0000000,,2004-08-19 17:02:16.0255968,2001-08-23 18:00:00.0000000,2004-08-27 15:08:13.8706640,2004-08-19 00:00:00.0000000,0,38361964,0,,,,/evidence/windows-ntfs-mft-nist/nist-hacking-case.mft,,,
537,537,True,473,473,.\WINDOWS\system32\drivers,fastfat.sys,.sys,144768,1,,False,False,False,False,True,False,Archive,DosWindows,2001-08-23 18:00:00.0000000,,2001-08-23 18:00:00.0000000,,2004-08-19 17:02:16.0255968,2001-08-23 18:00:00.0000000,2004-08-19 22:40:41.8903168,2004-08-19 00:00:00.0000000,0,19349797,0,,,,/evidence/windows-ntfs-mft-nist/nist-hacking-case.mft,,,
538,538,True,473,473,.\WINDOWS\system32\drivers,dxg.sys,.sys,68224,1,,False,False,False,False,True,False,Archive,DosWindows,2001-08-23 18:00:00.0000000,,2001-08-23 18:00:00.0000000,,2004-08-19 17:02:15.7652224,2001-08-23 18:00:00.0000000,2004-08-27 15:08:13.5401888,2004-08-19 00:00:00.0000000,0,37988530,0,,,,/evidence/windows-ntfs-mft-nist/nist-hacking-case.mft,,,
539,539,True,473,473,.\WINDOWS\system32\drivers,dxgthk.sys,.sys,3328,1,,False,False,False,False,True,False,Archive,DosWindows,2001-08-23 18:00:00.0000000,,2001-08-23 18:00:00.0000000,,2004-08-19 17:02:15.7652224,2001-08-23 18:00:00.0000000,2004-08-27 15:08:16.2641056,2004-08-19 00:00:00.0000000,0,38001161,0,,,,/evidence/windows-ntfs-mft-nist/nist-hacking-case.mft,,,
540,540,True,473,473,.\WINDOWS\system32\drivers,afd.sys,.sys,130688,1,,False,False,False,False,True,False,Archive,DosWindows,2001-08-23 18:00:00.0000000,,2001-08-23 18:00:00.0000000,,2004-08-19 17:02:15.7351792,2001-08-23 18:00:00.0000000,2004-08-27 15:08:20.3299520,2004-08-19 00:00:00.0000000,0,38014923,0,,,,/evidence/windows-ntfs-mft-nist/nist-hacking-case.mft,,,
541,541,True,473,473,.\WINDOWS\system32\drivers,parvdm.sys,.sys,6784,1,,False,False,False,False,True,False,Archive,DosWindows,2001-08-23 18:00:00.0000000,,2001-08-23 18:00:00.0000000,,2004-08-19 17:02:16.2859712,2001-08-23 18:00:00.0000000,2004-08-27 15:08:33.5189168,2004-08-19 00:00:00.0000000,0,38041194,0,,,,/evidence/windows-ntfs-mft-nist/nist-hacking-case.mft,,,
542,542,True,473,473,.\WINDOWS\system32\drivers,srv.sys,.sys,330368,1,,False,False,False,False,True,False,Archive,DosWindows,2001-08-23 18:00:00.0000000,,2001-08-23 18:00:00.0000000,,2004-08-19 17:02:16.3560720,2001-08-23 18:00:00.0000000,2004-08-27 15:08:34.0890720,2004-08-19 00:00:00.0000000,0,38042277,0,,,,/evidence/windows-ntfs-mft-nist/nist-hacking-case.mft,,,
543,543,True,473,473,.\WINDOWS\system32\drivers,ndisuio.sys,.sys,12160,1,,False,False,False,False,True,False,Archive,DosWindows,2001-08-17 13:53:56.0000000,,2001-08-23 18:00:00.0000000,,2004-08-19 17:02:16.1858272,2001-08-23 18:00:00.0000000,2004-08-27 15:08:20.5302400,2004-08-19 00:00:00.0000000,0,38014995,0,,,,/evidence/windows-ntfs-mft-nist/nist-hacking-case.mft,,,
544,544,True,473,473,.\WINDOWS\system32\drivers,diskdump.sys,.sys,13184,1,,False,False,False,False,True,False,Archive,DosWindows,2001-08-23 18:00:00.0000000,,2001-08-23 18:00:00.0000000,,2004-08-19 17:02:15.7552080,2001-08-23 18:00:00.0000000,2004-08-19 22:42:45.3979120,2004-08-19 00:00:00.0000000,0,21428497,0,,,,/evidence/windows-ntfs-mft-nist/nist-hacking-case.mft,,,
545,545,True,473,473,.\WINDOWS\system32\drivers,processr.sys,.sys,30592,1,,False,False,False,False,True,False,Archive,DosWindows,2001-08-17 13:48:34.0000000,,2001-08-23 18:00:00.0000000,,2004-08-19 17:02:16.2859712,2001-08-23 18:00:00.0000000,2004-08-27 15:08:06.8505696,2004-08-19 00:00:00.0000000,0,37982003,0,,,,/evidence/windows-ntfs-mft-nist/nist-hacking-case.mft,,,
546,546,True,473,473,.\WINDOWS\system32\drivers,amdk6.sys,.sys,32000,1,,False,False,False,False,True,False,Archive,DosWindows,2001-08-17 13:48:38.0000000,,2001-08-23 18:00:00.0000000,,2004-08-19 17:02:15.7351792,2001-08-23 18:00:00.0000000,2004-08-19 22:41:54.4346304,2004-08-19 00:00:00.0000000,0,19837364,0,,,,/evidence/windows-ntfs-mft-nist/nist-hacking-case.mft,,,
547,547,True,473,473,.\WINDOWS\system32\drivers,arp1394.sys,.sys,54016,1,,False,False,False,False,True,False,Archive,DosWindows,2001-08-17 13:46:38.0000000,,2001-08-23 18:00:00.0000000,,2004-08-19 17:02:15.7351792,2001-08-23 18:00:00.0000000,2004-08-19 22:41:56.6578272,2004-08-19 00:00:00.0000000,0,19856224,0,,,,/evidence/windows-ntfs-mft-nist/nist-hacking-case.mft,,,
548,548,True,473,473,.\WINDOWS\system32\drivers,asyncmac.sys,.sys,13568,1,,False,False,False,False,True,False,Archive,DosWindows,2001-08-23 18:00:00.0000000,,2001-08-23 18:00:00.0000000,,2004-08-19 17:02:15.7351792,2001-08-23 18:00:00.0000000,2004-08-19 22:41:58.3803040,2004-08-19 00:00:00.0000000,0,20987372,0,,,,/evidence/windows-ntfs-mft-nist/nist-hacking-case.mft,,,
549,549,True,473,473,.\WINDOWS\system32\drivers,atmarpc.sys,.sys,57216,1,,False,False,False,False,True,False,Archive,DosWindows,2001-08-23 18:00:00.0000000,,2001-08-23 18:00:00.0000000,,2004-08-19 17:02:15.7351792,2001-08-23 18:00:00.0000000,2004-08-19 22:41:58.6406784,2004-08-19 00:00:00.0000000,0,20987498,0,,,,/evidence/windows-ntfs-mft-nist/nist-hacking-case.mft,,,
550,550,True,473,473,.\WINDOWS\system32\drivers,atmepvc.sys,.sys,31360,1,,False,False,False,False,True,False,Archive,DosWindows,2001-08-23 18:00:00.0000000,,2001-08-23 18:00:00.0000000,,2004-08-19 17:02:15.7351792,2001-08-23 18:00:00.0000000,2004-08-19 22:41:58.6607072,2004-08-19 00:00:00.0000000,0,20987527,0,,,,/evidence/windows-ntfs-mft-nist/nist-hacking-case.mft,,,
551,551,True,473,473,.\WINDOWS\system32\drivers,atmlane.sys,.sys,53888,1,,False,False,False,False,True,False,Archive,DosWindows,2001-08-23 18:00:00.0000000,,2001-08-23 18:00:00.0000000,,2004-08-19 17:02:15.7351792,2001-08-23 18:00:00.0000000,2004-08-19 22:41:59.0913264,2004-08-19 00:00:00.0000000,0,20988057,0,,,,/evidence/windows-ntfs-mft-nist/nist-hacking-case.mft,,,
552,552,True,473,473,.\WINDOWS\system32\drivers,atmuni.sys,.sys,352256,1,,False,False,False,False,True,False,Archive,DosWindows,2001-08-23 18:00:00.0000000,,2001-08-23 18:00:00.0000000,,2004-08-19 17:02:15.7351792,2001-08-23 18:00:00.0000000,2004-08-19 22:41:59.2415424,2004-08-19 00:00:00.0000000,0,21000324,0,,,,/evidence/windows-ntfs-mft-nist/nist-hacking-case.mft,,,
553,553,True,473,473,.\WINDOWS\system32\drivers,bridge.sys,.sys,53376,1,,False,False,False,False,True,False,Archive,DosWindows,2001-08-23 18:00:00.0000000,,2001-08-23 18:00:00.0000000,,2004-08-19 17:02:15.7351792,2001-08-23 18:00:00.0000000,2004-08-19 22:42:03.5277056,2004-08-19 00:00:00.0000000,0,19941881,0,,,,/evidence/windows-ntfs-mft-nist/nist-hacking-case.mft,,,
554,554,True,473,473,.\WINDOWS\system32\drivers,cbidf2k.sys,.sys,13952,1,,False,False,False,False,True,False,Archive,DosWindows,2001-08-23 18:00:00.0000000,,2001-08-23 18:00:00.0000000,,2004-08-19 17:02:15.7351792,2001-08-23 18:00:00.0000000,2004-08-19 22:42:08.5649488,2004-08-19 00:00:00.0000000,0,19997784,0,,,,/evidence/windows-ntfs-mft-nist/nist-hacking-case.mft,,,
555,555,True,473,473,.\WINDOWS\system32\drivers,cdfs.sys,.sys,62208,1,,False,False,False,False,True,False,Archive,DosWindows,2001-08-23 18:00:00.0000000,,2001-08-23 18:00:00.0000000,,2004-08-19 17:02:15.7451936,2001-08-23 18:00:00.0000000,2004-08-27 15:08:14.3012832,2004-08-19 00:00:00.0000000,0,37996089,0,,,,/evidence/windows-ntfs-mft-nist/nist-hacking-case.mft,,,
556,556,True,473,473,.\WINDOWS\system32\drivers,cinemst2.sys,.sys,262528,1,,False,False,False,False,True,False,Archive,DosWindows,2001-08-17 14:02:26.0000000,,2001-08-23 18:00:00.0000000,,2004-08-19 17:02:15.7451936,2001-08-23 18:00:00.0000000,2004-08-19 22:42:19.4105440,2004-08-19 00:00:00.0000000,0,21222310,0,,,,/evidence/windows-ntfs-mft-nist/nist-hacking-case.mft,,,
557,557,True,473,473,.\WINDOWS\system32\drivers,cpqdap01.sys,.sys,11776,1,,False,False,False,False,True,False,Archive,DosWindows,2001-08-17 13:24:38.0000000,,2001-08-23 18:00:00.0000000,,2004-08-19 17:02:15.7552080,2001-08-23 18:00:00.0000000,2004-08-19 22:42:34.4722016,2004-08-19 00:00:00.0000000,0,21155992,0,,,,/evidence/windows-ntfs-mft-nist/nist-hacking-case.mft,,,
558,558,True,473,473,.\WINDOWS\system32\drivers,crusoe.sys,.sys,31360,1,,False,False,False,False,True,False,Archive,DosWindows,2001-08-17 13:48:40.0000000,,2001-08-23 18:00:00.0000000,,2004-08-19 17:02:15.7552080,2001-08-23 18:00:00.0000000,2004-08-19 22:42:35.1832240,2004-08-19 00:00:00.0000000,0,21162061,0,,,,/evidence/windows-ntfs-mft-nist/nist-hacking-case.mft,,,
559,559,True,473,473,.\WINDOWS\system32\drivers,dmboot.sys,.sys,780928,1,,False,False,False,False,True,False,Archive,DosWindows,2001-08-23 18:00:00.0000000,,2001-08-23 18:00:00.0000000,,2004-08-19 17:02:15.7552080,2001-08-23 18:00:00.0000000,2004-08-19 22:42:46.3492800,2004-08-19 00:00:00.0000000,0,21450427,0,,,,/evidence/windows-ntfs-mft-nist/nist-hacking-case.mft,,,
560,560,True,473,473,.\WINDOWS\system32\drivers,dxapi.sys,.sys,10496,1,,False,False,False,False,True,False,Archive,DosWindows,2001-08-23 18:00:00.0000000,,2001-08-23 18:00:00.0000000,,2004-08-19 17:02:15.7652224,2001-08-23 18:00:00.0000000,2004-08-19 22:42:53.6397632,2004-08-19 00:00:00.0000000,0,21429083,0,,,,/evidence/windows-ntfs-mft-nist/nist-hacking-case.mft,,,
561,561,True,473,473,.\WINDOWS\system32\drivers,gm.dls,.dls,3440660,1,,False,False,False,False,True,False,Archive,DosWindows,2001-08-23 18:00:00.0000000,,2001-08-23 18:00:00.0000000,,2004-08-19 17:02:16.0456256,2001-08-23 18:00:00.0000000,2004-08-19 00:00:00.0000000,,0,9546963,0,,,,/evidence/windows-ntfs-mft-nist/nist-hacking-case.mft,,,
562,562,True,473,473,.\WINDOWS\system32\drivers,gmreadme.txt,.txt,646,1,,False,False,False,False,True,False,Archive,DosWindows,2001-08-23 18:00:00.0000000,,2001-08-23 18:00:00.0000000,,2004-08-19 17:02:16.0556400,2001-08-23 18:00:00.0000000,2004-08-19 00:00:00.0000000,,0,9547078,0,,,,/evidence/windows-ntfs-mft-nist/nist-hacking-case.mft,,,
563,563,True,473,473,.\WINDOWS\system32\drivers,ipfltdrv.sys,.sys,32896,1,,False,False,False,False,True,False,Archive,DosWindows,2001-08-23 18:00:00.0000000,,2001-08-23 18:00:00.0000000,,2004-08-19 17:02:16.1057120,2001-08-23 18:00:00.0000000,2004-08-19 22:44:19.8537328,2004-08-19 00:00:00.0000000,0,22277785,0,,,,/evidence/windows-ntfs-mft-nist/nist-hacking-case.mft,,,
564,564,True,473,473,.\WINDOWS\system32\drivers,ipinip.sys,.sys,19584,1,,False,False,False,False,True,False,Archive,DosWindows,2001-08-23 18:00:00.0000000,,2001-08-23 18:00:00.0000000,,2004-08-19 17:02:16.1357552,2001-08-23 18:00:00.0000000,2004-08-19 22:44:19.9739056,2004-08-19 00:00:00.0000000,0,22615465,0,,,,/evidence/windows-ntfs-mft-nist/nist-hacking-case.mft,,,
565,565,True,473,473,.\WINDOWS\system32\drivers,ipnat.sys,.sys,76288,1,,False,False,False,False,True,False,Archive,DosWindows,2001-08-23 18:00:00.0000000,,2001-08-23 18:00:00.0000000,,2004-08-19 17:02:16.1357552,2001-08-23 18:00:00.0000000,2004-08-19 22:44:20.0840640,2004-08-19 00:00:00.0000000,0,22615523,0,,,,/evidence/windows-ntfs-mft-nist/nist-hacking-case.mft,,,
566,566,True,473,473,.\WINDOWS\system32\drivers,mcd.sys,.sys,7680,1,,False,False,False,False,True,False,Archive,DosWindows,2001-08-23 18:00:00.0000000,,2001-08-23 18:00:00.0000000,,2004-08-19 17:02:16.1557840,2001-08-23 18:00:00.0000000,2004-08-19 22:44:54.0428944,2004-08-19 00:00:00.0000000,0,22644666,0,,,,/evidence/windows-ntfs-mft-nist/nist-hacking-case.mft,,,
567,567,True,473,473,.\WINDOWS\system32\drivers,mf.sys,.sys,62208,1,,False,False,False,False,True,False,Archive,DosWindows,2001-08-17 13:58:02.0000000,,2001-08-23 18:00:00.0000000,,2004-08-19 17:02:16.1557840,2001-08-23 18:00:00.0000000,2004-08-19 22:44:56.4263216,2004-08-19 00:00:00.0000000,0,22675940,0,,,,/evidence/windows-ntfs-mft-nist/nist-hacking-case.mft,,,
568,568,True,473,473,.\WINDOWS\system32\drivers,mqac.sys,.sys,66944,1,,False,False,False,False,True,False,Archive,DosWindows,2001-08-23 18:00:00.0000000,,2001-08-23 18:00:00.0000000,,2004-08-19 17:02:16.1758128,2001-08-23 18:00:00.0000000,2004-08-19 22:45:02.9957680,2004-08-19 00:00:00.0000000,0,23046817,0,,,,/evidence/windows-ntfs-mft-nist/nist-hacking-case.mft,,,
569,569,True,473,473,.\WINDOWS\system32\drivers,nic1394.sys,.sys,56960,1,,False,False,False,False,True,False,Archive,DosWindows,2001-08-17 13:46:38.0000000,,2001-08-23 18:00:00.0000000,,2004-08-19 17:02:16.1958416,2001-08-23 18:00:00.0000000,2004-08-19 22:45:44.7858592,2004-08-19 00:00:00.0000000,0,23342351,0,,,,/evidence/windows-ntfs-mft-nist/nist-hacking-case.mft,,,
570,570,True,473,473,.\WINDOWS\system32\drivers,nikedrv.sys,.sys,12032,1,,False,False,False,False,True,False,Archive,DosWindows,2001-08-17 13:24:44.0000000,,2001-08-23 18:00:00.0000000,,2004-08-19 17:02:16.1958416,2001-08-23 18:00:00.0000000,2004-08-19 22:45:44.8259168,2004-08-19 00:00:00.0000000,0,23342412,0,,,,/evidence/windows-ntfs-mft-nist/nist-hacking-case.mft,,,
571,571,True,473,473,.\WINDOWS\system32\drivers,nmnt.sys,.sys,37760,1,,False,False,False,False,True,False,Archive,DosWindows,2001-08-23 18:00:00.0000000,,2001-08-23 18:00:00.0000000,,2004-08-19 17:02:16.1958416,2001-08-23 18:00:00.0000000,2004-08-19 22:45:49.3724544,2004-08-19 00:00:00.0000000,0,23621270,0,,,,/evidence/windows-ntfs-mft-nist/nist-hacking-case.mft,,,
572,572,True,473,473,.\WINDOWS\system32\drivers,ntfs.sys,.sys,533504,1,,False,False,False,False,True,False,Archive,DosWindows,2001-08-23 18:00:00.0000000,,2001-08-23 18:00:00.0000000,,2004-08-19 17:02:16.2459136,2001-08-23 18:00:00.0000000,2004-08-19 22:41:04.0521840,2004-08-19 00:00:00.0000000,0,36427734,0,,,,/evidence/windows-ntfs-mft-nist/nist-hacking-case.mft,,,
573,573,True,473,473,.\WINDOWS\system32\drivers,nwlnkflt.sys,.sys,12416,1,,False,False,False,False,True,False,Archive,DosWindows,2001-08-23 18:00:00.0000000,,2001-08-23 18:00:00.0000000,,2004-08-19 17:02:16.2459136,2001-08-23 18:00:00.0000000,2004-08-19 22:45:57.0534992,2004-08-19 00:00:00.0000000,0,23724524,0,,,,/evidence/windows-ntfs-mft-nist/nist-hacking-case.mft,,,
574,574,True,473,473,.\WINDOWS\system32\drivers,nwlnkfwd.sys,.sys,32512,1,,False,False,False,False,True,False,Archive,DosWindows,2001-08-23 18:00:00.0000000,,2001-08-23 18:00:00.0000000,,2004-08-19 17:02:16.2459136,2001-08-23 18:00:00.0000000,2004-08-19 22:45:57.0735280,2004-08-19 00:00:00.0000000,0,23727132,0,,,,/evidence/windows-ntfs-mft-nist/nist-hacking-case.mft,,,
575,575,True,473,473,.\WINDOWS\system32\drivers,nwlnkipx.sys,.sys,84864,1,,False,False,False,False,True,False,Archive,DosWindows,2001-08-23 18:00:00.0000000,,2001-08-23 18:00:00.0000000,,2004-08-19 17:02:16.2459136,2001-08-23 18:00:00.0000000,2004-08-19 22:45:57.0935568,2004-08-19 00:00:00.0000000,0,23727177,0,,,,/evidence/windows-ntfs-mft-nist/nist-hacking-case.mft,,,
576,576,True,473,473,.\WINDOWS\system32\drivers,nwlnknb.sys,.sys,63232,1,,False,False,False,False,True,False,Archive,DosWindows,2001-08-23 18:00:00.0000000,,2001-08-23 18:00:00.0000000,,2004-08-19 17:02:16.2759568,2001-08-23 18:00:00.0000000,2004-08-19 22:45:57.1636576,2004-08-19 00:00:00.0000000,0,23727206,0,,,,/evidence/windows-ntfs-mft-nist/nist-hacking-case.mft,,,
577,577,True,473,473,.\WINDOWS\system32\drivers,nwlnkspx.sys,.sys,55936,1,,False,False,False,False,True,False,Archive,DosWindows,2001-08-23 18:00:00.0000000,,2001-08-23 18:00:00.0000000,,2004-08-19 17:02:16.2759568,2001-08-23 18:00:00.0000000,2004-08-19 22:45:57.1937008,2004-08-19 00:00:00.0000000,0,23480712,0,,,,/evidence/windows-ntfs-mft-nist/nist-hacking-case.mft,,,
578,578,True,473,473,.\WINDOWS\system32\drivers,nwrdr.sys,.sys,155648,1,,False,False,False,False,True,False,Archive,DosWindows,2001-08-23 18:00:00.0000000,,2001-08-23 18:00:00.0000000,,2004-08-19 17:02:16.2759568,2001-08-23 18:00:00.0000000,2004-08-19 22:45:57.2838304,2004-08-19 00:00:00.0000000,0,23737688,0,,,,/evidence/windows-ntfs-mft-nist/nist-hacking-case.mft,,,
579,579,True,473,473,.\WINDOWS\system32\drivers,pcmcia.sys,.sys,116352,1,,False,False,False,False,True,False,Archive,DosWindows,2001-08-23 18:00:00.0000000,,2001-08-23 18:00:00.0000000,,2004-08-19 17:02:16.2859712,2001-08-23 18:00:00.0000000,2004-08-19 22:46:05.0449904,2004-08-19 00:00:00.0000000,0,36427996,0,,,,/evidence/windows-ntfs-mft-nist/nist-hacking-case.mft,,,
580,580,True,473,473,.\WINDOWS\system32\drivers,rawwan.sys,.sys,34432,1,,False,False,False,False,True,False,Archive,DosWindows,2001-08-23 18:00:00.0000000,,2001-08-23 18:00:00.0000000,,2004-08-19 17:02:16.2959856,2001-08-23 18:00:00.0000000,2004-08-19 22:46:24.5430272,2004-08-19 00:00:00.0000000,0,24060801,0,,,,/evidence/windows-ntfs-mft-nist/nist-hacking-case.mft,,,
581,581,True,473,473,.\WINDOWS\system32\drivers,rio8drv.sys,.sys,12032,1,,False,False,False,False,True,False,Archive,DosWindows,2001-08-17 13:24:46.0000000,,2001-08-23 18:00:00.0000000,,2004-08-19 17:02:16.2959856,2001-08-23 18:00:00.0000000,2004-08-19 22:46:29.5702560,2004-08-19 00:00:00.0000000,0,23844422,0,,,,/evidence/windows-ntfs-mft-nist/nist-hacking-case.mft,,,
582,582,True,473,473,.\WINDOWS\system32\drivers,riodrv.sys,.sys,12032,1,,False,False,False,False,True,False,Archive,DosWindows,2001-08-17 13:24:46.0000000,,2001-08-23 18:00:00.0000000,,2004-08-19 17:02:16.2959856,2001-08-23 18:00:00.0000000,2004-08-19 22:46:29.6002992,2004-08-19 00:00:00.0000000,0,24140148,0,,,,/evidence/windows-ntfs-mft-nist/nist-hacking-case.mft,,,
583,583,True,473,473,.\WINDOWS\system32\drivers,fsvga.sys,.sys,12160,1,,False,False,False,False,True,False,Archive,DosWindows,2001-08-17 13:57:26.0000000,,2001-08-23 18:00:00.0000000,,2004-08-19 17:02:16.0456256,2001-08-23 18:00:00.0000000,2004-08-19 22:43:12.7672672,2004-08-19 00:00:00.0000000,0,21659321,0,,,,/evidence/windows-ntfs-mft-nist/nist-hacking-case.mft,,,
584,584,True,473,473,.\WINDOWS\system32\drivers,RMCast.sys,.sys,200064,1,,False,False,False,False,True,False,Archive,DosWindows,2001-08-23 18:00:00.0000000,,2001-08-23 18:00:00.0000000,,2004-08-19 17:02:16.3460576,2001-08-23 18:00:00.0000000,2004-08-19 22:46:30.1010192,2004-08-19 00:00:00.0000000,0,24140430,0,,,,/evidence/windows-ntfs-mft-nist/nist-hacking-case.mft,,,
585,585,True,473,473,.\WINDOWS\system32\drivers,rndismp.sys,.sys,27648,1,,False,False,False,False,True,False,Archive,DosWindows,2001-08-23 18:00:00.0000000,,2001-08-23 18:00:00.0000000,,2004-08-19 17:02:16.3460576,2001-08-23 18:00:00.0000000,2004-08-19 22:46:30.1310624,2004-08-19 00:00:00.0000000,0,24140459,0,,,,/evidence/windows-ntfs-mft-nist/nist-hacking-case.mft,,,
586,586,True,473,473,.\WINDOWS\system32\drivers,rootmdm.sys,.sys,5888,1,,False,False,False,False,True,False,Archive,DosWindows,2001-08-23 18:00:00.0000000,,2001-08-23 18:00:00.0000000,,2004-08-19 17:02:16.3460576,2001-08-23 18:00:00.0000000,2004-08-19 22:46:30.5716960,2004-08-19 00:00:00.0000000,0,24140517,0,,,,/evidence/windows-ntfs-mft-nist/nist-hacking-case.mft,,,
587,587,True,473,473,.\WINDOWS\system32\drivers,scsiport.sys,.sys,89984,1,,False,False,False,False,True,False,Archive,DosWindows,2001-08-23 18:00:00.0000000,,2001-08-23 18:00:00.0000000,,2004-08-19 17:02:16.3460576,2001-08-23 18:00:00.0000000,2004-08-19 22:46:41.1569168,2004-08-19 00:00:00.0000000,0,25209429,0,,,,/evidence/windows-ntfs-mft-nist/nist-hacking-case.mft,,,
588,588,True,473,473,.\WINDOWS\system32\drivers,secdrv.sys,.sys,27440,1,,False,False,False,False,True,False,Archive,DosWindows,2001-08-23 18:00:00.0000000,,2001-08-23 18:00:00.0000000,,2004-08-19 17:02:16.3460576,2001-08-23 18:00:00.0000000,2004-08-19 00:00:00.0000000,,0,9555423,0,,,,/evidence/windows-ntfs-mft-nist/nist-hacking-case.mft,,,
589,589,True,473,473,.\WINDOWS\system32\drivers,smclib.sys,.sys,14592,1,,False,False,False,False,True,False,Archive,DosWindows,2001-08-23 18:00:00.0000000,,2001-08-23 18:00:00.0000000,,2004-08-19 17:02:16.3560720,2001-08-23 18:00:00.0000000,2004-08-19 22:47:02.8581216,2004-08-19 00:00:00.0000000,0,25397975,0,,,,/evidence/windows-ntfs-mft-nist/nist-hacking-case.mft,,,
590,590,True,473,473,.\WINDOWS\system32\drivers,sonydcam.sys,.sys,24064,1,,False,False,False,False,True,False,Archive,DosWindows,2001-08-17 14:06:22.0000000,,2001-08-23 18:00:00.0000000,,2004-08-19 17:02:16.3560720,2001-08-23 18:00:00.0000000,2004-08-19 22:47:13.3431984,2004-08-19 00:00:00.0000000,0,25190369,0,,,,/evidence/windows-ntfs-mft-nist/nist-hacking-case.mft,,,
591,591,True,473,473,.\WINDOWS\system32\drivers,stream.sys,.sys,42752,1,,False,False,False,False,True,False,Archive,DosWindows,2001-08-17 14:01:22.0000000,,2001-08-23 18:00:00.0000000,,2004-08-19 17:02:16.3560720,2001-08-23 18:00:00.0000000,2004-08-19 22:47:21.4548624,2004-08-19 00:00:00.0000000,0,25531937,0,,,,/evidence/windows-ntfs-mft-nist/nist-hacking-case.mft,,,
592,592,True,473,473,.\WINDOWS\system32\drivers,tape.sys,.sys,13696,1,,False,False,False,False,True,False,Archive,DosWindows,2001-08-23 18:00:00.0000000,,2001-08-23 18:00:00.0000000,,2004-08-19 17:02:16.3560720,2001-08-23 18:00:00.0000000,2004-08-19 22:47:24.6694848,2004-08-19 00:00:00.0000000,0,25565980,0,,,,/evidence/windows-ntfs-mft-nist/nist-hacking-case.mft,,,
593,593,True,473,473,.\WINDOWS\system32\drivers,tcpip6.sys,.sys,180032,1,,False,False,False,False,True,False,Archive,DosWindows,2001-08-23 18:00:00.0000000,,2001-08-23 18:00:00.0000000,,2004-08-19 17:02:16.3560720,2001-08-23 18:00:00.0000000,2004-08-19 22:47:26.3919616,2004-08-19 00:00:00.0000000,0,25635376,0,,,,/evidence/windows-ntfs-mft-nist/nist-hacking-case.mft,,,
594,594,True,473,473,.\WINDOWS\system32\drivers,tosdvd.sys,.sys,51712,1,,False,False,False,False,True,False,Archive,DosWindows,2001-08-17 14:01:34.0000000,,2001-08-23 18:00:00.0000000,,2004-08-19 17:02:16.3560720,2001-08-23 18:00:00.0000000,2004-08-19 22:47:33.5222144,2004-08-19 00:00:00.0000000,0,25422241,0,,,,/evidence/windows-ntfs-mft-nist/nist-hacking-case.mft,,,
595,595,True,473,473,.\WINDOWS\system32\drivers,tsbvcap.sys,.sys,21376,1,,False,False,False,False,True,False,Archive,DosWindows,2001-08-17 14:06:22.0000000,,2001-08-23 18:00:00.0000000,,2004-08-19 17:02:16.3560720,2001-08-23 18:00:00.0000000,2004-08-19 22:47:37.1273984,2004-08-19 00:00:00.0000000,0,25461069,0,,,,/evidence/windows-ntfs-mft-nist/nist-hacking-case.mft,,,
596,596,True,473,473,.\WINDOWS\system32\drivers,udfs.sys,.sys,63872,1,,False,False,False,False,True,False,Archive,DosWindows,2001-08-23 18:00:00.0000000,,2001-08-23 18:00:00.0000000,,2004-08-19 17:02:16.3660864,2001-08-23 18:00:00.0000000,2004-08-19 22:47:40.6424528,2004-08-19 00:00:00.0000000,0,25754149,0,,,,/evidence/windows-ntfs-mft-nist/nist-hacking-case.mft,,,
597,597,True,473,473,.\WINDOWS\system32\drivers,usb8023.sys,.sys,11136,1,,False,False,False,False,True,False,Archive,DosWindows,2001-08-23 18:00:00.0000000,,2001-08-23 18:00:00.0000000,,2004-08-19 17:02:16.3660864,2001-08-23 18:00:00.0000000,2004-08-19 22:47:44.0673776,2004-08-19 00:00:00.0000000,0,25785203,0,,,,/evidence/windows-ntfs-mft-nist/nist-hacking-case.mft,,,
598,598,True,473,473,.\WINDOWS\system32\drivers,usbcamd.sys,.sys,23808,1,,False,False,False,False,True,False,Archive,DosWindows,2001-08-17 14:03:42.0000000,,2001-08-23 18:00:00.0000000,,2004-08-19 17:02:16.3660864,2001-08-23 18:00:00.0000000,2004-08-19 22:47:44.1174496,2004-08-19 00:00:00.0000000,0,25520776,0,,,,/evidence/windows-ntfs-mft-nist/nist-hacking-case.mft,,,
599,599,True,473,473,.\WINDOWS\system32\drivers,usbcamd2.sys,.sys,23936,1,,False,False,False,False,True,False,Archive,DosWindows,2001-08-17 14:03:44.0000000,,2001-08-23 18:00:00.0000000,,2004-08-19 17:02:16.3660864,2001-08-23 18:00:00.0000000,2004-08-19 22:47:44.1274640,2004-08-19 00:00:00.0000000,0,25520837,0,,,,/evidence/windows-ntfs-mft-nist/nist-hacking-case.mft,,,
600,600,True,473,473,.\WINDOWS\system32\drivers,vdmindvd.sys,.sys,58112,1,,False,False,False,False,True,False,Archive,DosWindows,2001-08-17 14:02:14.0000000,,2001-08-23 18:00:00.0000000,,2004-08-19 17:02:16.3660864,2001-08-23 18:00:00.0000000,2004-08-19 22:47:46.4107472,2004-08-19 00:00:00.0000000,0,25544147,0,,,,/evidence/windows-ntfs-mft-nist/nist-hacking-case.mft,,,
601,601,True,473,473,.\WINDOWS\system32\drivers,ws2ifsl.sys,.sys,12032,1,,False,False,False,False,True,False,Archive,DosWindows,2001-08-23 18:00:00.0000000,,2001-08-23 18:00:00.0000000,,2004-08-19 17:02:16.3761008,2001-08-23 18:00:00.0000000,2004-08-19 22:48:20.8402544,2004-08-19 00:00:00.0000000,0,26167617,0,,,,/evidence/windows-ntfs-mft-nist/nist-hacking-case.mft,,,
602,602,True,473,473,.\WINDOWS\system32\drivers,update.sys,.sys,137088,1,,False,False,False,False,True,False,Archive,DosWindows,2001-08-23 18:00:00.0000000,,2001-08-23 18:00:00.0000000,,2004-08-19 17:02:16.3660864,2001-08-23 18:00:00.0000000,2004-08-27 15:08:09.9750624,2004-08-19 00:00:00.0000000,0,37986424,0,,,,/evidence/windows-ntfs-mft-nist/nist-hacking-case.mft,,,
603,603,True,473,473,.\WINDOWS\system32\drivers,mnmdd.sys,.sys,4224,1,,False,False,False,False,True,False,Archive,DosWindows,2001-08-23 18:00:00.0000000,,2001-08-23 18:00:00.0000000,,2004-08-19 17:02:16.1557840,2001-08-23 18:00:00.0000000,2004-08-27 15:08:13.7204480,2004-08-19 00:00:00.0000000,0,37994576,0,,,,/evidence/windows-ntfs-mft-nist/nist-hacking-case.mft,,,
604,604,True,473,473,.\WINDOWS\system32\drivers,usbintel.sys,.sys,15104,1,,False,False,False,False,True,False,Archive,DosWindows,2001-08-17 14:03:52.0000000,,2001-08-23 18:00:00.0000000,,2004-08-19 17:02:16.3660864,2001-08-23 18:00:00.0000000,2004-08-19 22:47:44.2075792,2004-08-19 00:00:00.0000000,0,25785725,0,,,,/evidence/windows-ntfs-mft-nist/nist-hacking-case.mft,,,
605,605,True,473,473,.\WINDOWS\system32\drivers,i8042prt.sys,.sys,50944,1,,False,False,False,False,True,False,Archive,DosWindows,2001-08-23 18:00:00.0000000,,2001-08-23 18:00:00.0000000,,2004-08-19 17:02:16.0656544,2001-08-23 18:00:00.0000000,2004-08-27 15:08:06.9306848,2004-08-19 00:00:00.0000000,0,37982744,0,,,,/evidence/windows-ntfs-mft-nist/nist-hacking-case.mft,,,
606,606,True,473,473,.\WINDOWS\system32\drivers,isapnp.sys,.sys,35840,1,,False,False,False,False,True,False,Archive,DosWindows,2001-08-23 18:00:00.0000000,,2001-08-23 18:00:00.0000000,,2004-08-19 17:02:16.1357552,2001-08-23 18:00:00.0000000,2004-08-19 22:44:22.6076928,2004-08-19 00:00:00.0000000,0,36425456,0,,,,/evidence/windows-ntfs-mft-nist/nist-hacking-case.mft,,,
607,607,True,473,473,.\WINDOWS\system32\drivers,acpi.sys,.sys,179200,1,,False,False,False,False,True,False,Archive,DosWindows,2001-08-23 18:00:00.0000000,,2001-08-23 18:00:00.0000000,,2004-08-19 17:02:15.7251648,2001-08-23 18:00:00.0000000,2004-08-19 22:41:44.9910512,2004-08-19 00:00:00.0000000,0,36422535,0,,,,/evidence/windows-ntfs-mft-nist/nist-hacking-case.mft,,,
608,608,True,473,473,.\WINDOWS\system32\drivers,acpiec.sys,.sys,11648,1,,False,False,False,False,True,False,Archive,DosWindows,2001-08-23 18:00:00.0000000,,2001-08-23 18:00:00.0000000,,2004-08-19 17:02:15.7251648,2001-08-23 18:00:00.0000000,2004-08-19 22:41:45.0611520,2004-08-19 00:00:00.0000000,0,19926404,0,,,,/evidence/windows-ntfs-mft-nist/nist-hacking-case.mft,,,
609,609,True,473,473,.\WINDOWS\system32\drivers,oprghdlr.sys,.sys,3456,1,,False,False,False,False,True,False,Archive,DosWindows,2001-08-23 18:00:00.0000000,,2001-08-23 18:00:00.0000000,,2004-08-19 17:02:16.2759568,2001-08-23 18:00:00.0000000,2004-08-19 22:46:00.2681216,2004-08-19 00:00:00.0000000,0,23525579,0,,,,/evidence/windows-ntfs-mft-nist/nist-hacking-case.mft,,,
610,610,True,473,473,.\WINDOWS\system32\drivers,pci.sys,.sys,62464,1,,False,False,False,False,True,False,Archive,DosWindows,2001-08-23 18:00:00.0000000,,2001-08-23 18:00:00.0000000,,2004-08-19 17:02:16.2859712,2001-08-23 18:00:00.0000000,2004-08-19 22:46:04.7245296,2004-08-19 00:00:00.0000000,0,36427869,0,,,,/evidence/windows-ntfs-mft-nist/nist-hacking-case.mft,,,
611,611,True,473,473,.\WINDOWS\system32\drivers,intelide.sys,.sys,4608,1,,False,False,False,False,True,False,Archive,DosWindows,2001-08-23 18:00:00.0000000,,2001-08-23 18:00:00.0000000,,2004-08-19 17:02:16.1057120,2001-08-23 18:00:00.0000000,2004-08-19 22:44:19.6534448,2004-08-19 00:00:00.0000000,0,36425330,0,,,,/evidence/windows-ntfs-mft-nist/nist-hacking-case.mft,,,
612,612,True,473,473,.\WINDOWS\system32\drivers,usbhub.sys,.sys,50688,1,,False,False,False,False,True,False,Archive,DosWindows,2001-08-23 18:00:00.0000000,,2001-08-23 18:00:00.0000000,,2004-08-19 17:02:16.3660864,2001-08-23 18:00:00.0000000,2004-08-27 15:08:10.1553216,2004-08-19 00:00:00.0000000,0,37986546,0,,,,/evidence/windows-ntfs-mft-nist/nist-hacking-case.mft,,,
613,613,True,473,473,.\WINDOWS\system32\drivers,hidclass.sys,.sys,33152,1,,False,False,False,False,True,False,Archive,DosWindows,2001-08-23 18:00:00.0000000,,2001-08-23 18:00:00.0000000,,2004-08-19 17:02:16.0656544,2001-08-23 18:00:00.0000000,2004-08-19 22:43:28.3296448,2004-08-19 00:00:00.0000000,0,21802236,0,,,,/evidence/windows-ntfs-mft-nist/nist-hacking-case.mft,,,
614,614,True,473,473,.\WINDOWS\system32\drivers,hidparse.sys,.sys,23680,1,,False,False,False,False,True,False,Archive,DosWindows,2001-08-23 18:00:00.0000000,,2001-08-23 18:00:00.0000000,,2004-08-19 17:02:16.0656544,2001-08-23 18:00:00.0000000,2004-08-19 22:43:28.3496736,2004-08-19 00:00:00.0000000,0,21932042,0,,,,/evidence/windows-ntfs-mft-nist/nist-hacking-case.mft,,,
615,615,True,473,473,.\WINDOWS\system32\drivers,usbd.sys,.sys,4736,1,,False,False,False,False,True,False,Archive,DosWindows,2001-08-23 18:00:00.0000000,,2001-08-23 18:00:00.0000000,,2004-08-19 17:02:16.3660864,2001-08-23 18:00:00.0000000,2004-08-27 15:08:10.1553216,2004-08-19 00:00:00.0000000,0,37986485,0,,,,/evidence/windows-ntfs-mft-nist/nist-hacking-case.mft,,,
616,616,True,473,473,.\WINDOWS\system32\drivers,usbport.sys,.sys,123264,1,,False,False,False,False,True,False,Archive,DosWindows,2001-08-23 18:00:00.0000000,,2001-08-23 18:00:00.0000000,,2004-08-19 17:02:16.3660864,2001-08-23 18:00:00.0000000,2004-08-27 15:08:06.9907712,2004-08-19 00:00:00.0000000,0,37983251,0,,,,/evidence/windows-ntfs-mft-nist/nist-hacking-case.mft,,,
617,617,True,473,473,.\WINDOWS\system32\drivers,usbuhci.sys,.sys,18944,1,,False,False,False,False,True,False,Archive,DosWindows,2001-08-23 18:00:00.0000000,,2001-08-23 18:00:00.0000000,,2004-08-19 17:02:16.3660864,2001-08-23 18:00:00.0000000,2004-08-27 15:08:06.9907712,2004-08-19 00:00:00.0000000,0,37983312,0,,,,/evidence/windows-ntfs-mft-nist/nist-hacking-case.mft,,,
618,618,True,473,473,.\WINDOWS\system32\drivers,mouclass.sys,.sys,22016,1,,False,False,False,False,True,False,Archive,DosWindows,2001-08-17 13:47:58.0000000,,2001-08-23 18:00:00.0000000,,2004-08-19 17:02:16.1657984,2001-08-23 18:00:00.0000000,2004-08-27 15:08:06.9406992,2004-08-19 00:00:00.0000000,0,37982805,0,,,,/evidence/windows-ntfs-mft-nist/nist-hacking-case.mft,,,
619,619,True,473,473,.\WINDOWS\system32\drivers,kbdclass.sys,.sys,23424,1,,False,False,False,False,True,False,Archive,DosWindows,2001-08-23 18:00:00.0000000,,2001-08-23 18:00:00.0000000,,2004-08-19 17:02:16.1557840,2001-08-23 18:00:00.0000000,2004-08-27 15:08:06.9406992,2004-08-19 00:00:00.0000000,0,37982866,0,,,,/evidence/windows-ntfs-mft-nist/nist-hacking-case.mft,,,
620,620,True,459,459,.\WINDOWS\system32,ras,,0,1,,True,False,False,False,True,False,Directory,DosWindows,2004-08-19 16:50:37.9200000,,2004-08-19 16:50:38.0000000,,2004-08-19 16:50:38.0000000,,2004-08-27 15:32:49.1051648,2004-08-19 00:00:00.0000000,0,39288374,0,,,,/evidence/windows-ntfs-mft-nist/nist-hacking-case.mft,,,
621,621,True,620,620,.\WINDOWS\system32\ras,cis.scp,.scp,733,1,,False,False,False,False,True,False,Archive,DosWindows,2001-08-23 18:00:00.0000000,,2001-08-23 18:00:00.0000000,,2004-08-19 17:02:18.4390672,2001-08-23 18:00:00.0000000,2004-08-19 00:00:00.0000000,,0,9656463,0,,,,/evidence/windows-ntfs-mft-nist/nist-hacking-case.mft,,,
622,622,True,620,620,.\WINDOWS\system32\ras,pad.inf,.inf,14527,1,,False,False,False,False,True,False,Archive,DosWindows,2001-08-23 18:00:00.0000000,,2001-08-23 18:00:00.0000000,,2004-08-19 17:02:18.4490816,2001-08-23 18:00:00.0000000,2004-08-19 00:00:00.0000000,,0,9656596,0,,,,/evidence/windows-ntfs-mft-nist/nist-hacking-case.mft,,,
623,623,True,620,620,.\WINDOWS\system32\ras,pppmenu.scp,.scp,2815,1,,False,False,False,False,True,False,Archive,DosWindows,2001-08-23 18:00:00.0000000,,2001-08-23 18:00:00.0000000,,2004-08-19 17:02:18.4490816,2001-08-23 18:00:00.0000000,2004-08-19 00:00:00.0000000,,0,9656711,0,,,,/evidence/windows-ntfs-mft-nist/nist-hacking-case.mft,,,
624,624,True,620,620,.\WINDOWS\system32\ras,slip.scp,.scp,2375,1,,False,False,False,False,True,False,Archive,DosWindows,2001-08-23 18:00:00.0000000,,2001-08-23 18:00:00.0000000,,2004-08-19 17:02:18.4490816,2001-08-23 18:00:00.0000000,2004-08-19 00:00:00.0000000,,0,9656826,0,,,,/evidence/windows-ntfs-mft-nist/nist-hacking-case.mft,,,
625,625,True,620,620,.\WINDOWS\system32\ras,slipmenu.scp,.scp,2813,1,,False,False,False,False,True,False,Archive,DosWindows,2001-08-23 18:00:00.0000000,,2001-08-23 18:00:00.0000000,,2004-08-19 17:02:18.4490816,2001-08-23 18:00:00.0000000,2004-08-19 00:00:00.0000000,,0,9657011,0,,,,/evidence/windows-ntfs-mft-nist/nist-hacking-case.mft,,,
626,626,True,620,620,.\WINDOWS\system32\ras,switch.inf,.inf,6213,1,,False,False,False,False,True,False,Archive,DosWindows,2001-08-23 18:00:00.0000000,,2001-08-23 18:00:00.0000000,,2004-08-19 17:02:18.4490816,2001-08-23 18:00:00.0000000,2004-08-19 00:00:00.0000000,,0,9657126,0,,,,/evidence/windows-ntfs-mft-nist/nist-hacking-case.mft,,,
627,627,True,459,459,.\WINDOWS\system32,spool,,0,1,,True,False,False,False,False,False,Directory,DosWindows,2004-08-19 16:50:37.9200000,,2004-08-19 22:21:05.6689936,2004-08-19 16:50:38.0000000,2004-08-19 22:21:05.6689936,2004-08-19 16:50:38.0000000,2004-08-19 22:21:05.6689936,2004-08-19 00:00:00.0000000,0,12752967,0,,,,/evidence/windows-ntfs-mft-nist/nist-hacking-case.mft,,,
628,628,True,627,627,.\WINDOWS\system32\spool,drivers,,0,1,,True,False,False,False,True,False,Directory,DosWindows,2004-08-19 16:50:37.9200000,,2004-08-19 16:50:38.0000000,,2004-08-19 16:50:38.0000000,,2004-08-19 17:02:19.2502336,2004-08-19 00:00:00.0000000,0,9680518,0,,,,/evidence/windows-ntfs-mft-nist/nist-hacking-case.mft,,,
629,629,True,628,628,.\WINDOWS\system32\spool\drivers,w32x86,,0,1,,True,False,False,False,False,False,Directory,DosWindows,2004-08-19 16:50:37.9300000,,2004-08-26 15:07:54.8985552,2004-08-19 16:50:38.0000000,2004-08-26 15:07:54.8985552,2004-08-19 16:50:38.0000000,2004-08-26 15:07:54.8985552,2004-08-19 00:00:00.0000000,0,37905781,0,,,,/evidence/windows-ntfs-mft-nist/nist-hacking-case.mft,,,
630,630,True,629,629,.\WINDOWS\system32\spool\drivers\w32x86,3,,0,1,,True,False,False,False,False,False,Directory,DosWindows,2004-08-19 16:50:37.9300000,,2004-08-26 15:07:45.3748608,2004-08-19 16:50:38.0000000,2004-08-26 15:07:45.3748608,2004-08-19 16:50:38.0000000,2004-08-26 15:07:45.3748608,2004-08-19 00:00:00.0000000,0,37905840,0,,,,/evidence/windows-ntfs-mft-nist/nist-hacking-case.mft,,,
631,631,True,628,628,.\WINDOWS\system32\spool\drivers,color,,0,1,,True,False,False,False,True,False,Directory,DosWindows,2004-08-19 16:50:37.9500000,,2004-08-19 16:50:38.0000000,,2004-08-19 16:50:38.0000000,,2004-08-19 17:02:19.2502336,2004-08-19 00:00:00.0000000,0,9680142,0,,,,/evidence/windows-ntfs-mft-nist/nist-hacking-case.mft,,,
632,632,True,631,631,.\WINDOWS\system32\spool\drivers\color,adod6522.icm,.icm,1616,1,,False,False,False,False,True,False,Archive,DosWindows,2001-08-23 18:00:00.0000000,,2001-08-23 18:00:00.0000000,,2004-08-19 17:02:19.2402192,2001-08-23 18:00:00.0000000,2004-08-19 00:00:00.0000000,,0,9678941,0,,,,/evidence/windows-ntfs-mft-nist/nist-hacking-case.mft,,,
633,633,True,631,631,.\WINDOWS\system32\spool\drivers\color,appd6518.icm,.icm,1608,1,,False,False,False,False,True,False,Archive,DosWindows,2001-08-23 18:00:00.0000000,,2001-08-23 18:00:00.0000000,,2004-08-19 17:02:19.2402192,2001-08-23 18:00:00.0000000,2004-08-19 00:00:00.0000000,,0,9679077,0,,,,/evidence/windows-ntfs-mft-nist/nist-hacking-case.mft,,,
634,634,True,631,631,.\WINDOWS\system32\spool\drivers\color,Diamond Compatible 9300K G2.2.icm,.icm,614,1,,False,False,False,False,True,False,Archive,Windows,2001-08-23 18:00:00.0000000,,2001-08-23 18:00:00.0000000,,2004-08-19 17:02:19.2502336,2001-08-23 18:00:00.0000000,2004-08-19 00:00:00.0000000,,0,9679195,0,,,,/evidence/windows-ntfs-mft-nist/nist-hacking-case.mft,,,
635,635,True,631,631,.\WINDOWS\system32\spool\drivers\color,Hitachi Compatible 9300K G2.2.icm,.icm,610,1,,False,False,False,False,True,False,Archive,Windows,2001-08-23 18:00:00.0000000,,2001-08-23 18:00:00.0000000,,2004-08-19 17:02:19.2502336,2001-08-23 18:00:00.0000000,2004-08-19 00:00:00.0000000,,0,9679345,0,,,,/evidence/windows-ntfs-mft-nist/nist-hacking-case.mft,,,
636,636,True,631,631,.\WINDOWS\system32\spool\drivers\color,kodak_dc.icm,.icm,174020,1,,False,False,False,False,True,False,Archive,DosWindows,2001-07-21 20:26:14.0000000,,2001-08-23 18:00:00.0000000,,2004-08-19 17:02:19.2502336,2001-08-23 18:00:00.0000000,2004-08-19 00:00:00.0000000,,0,9679621,0,,,,/evidence/windows-ntfs-mft-nist/nist-hacking-case.mft,,,
637,637,True,631,631,.\WINDOWS\system32\spool\drivers\color,NEC Compatible 9300K G2.2.icm,.icm,614,1,,False,False,False,False,True,False,Archive,Windows,2001-08-23 18:00:00.0000000,,2001-08-23 18:00:00.0000000,,2004-08-19 17:02:19.2502336,2001-08-23 18:00:00.0000000,2004-08-19 00:00:00.0000000,,0,9679739,0,,,,/evidence/windows-ntfs-mft-nist/nist-hacking-case.mft,,,
638,638,True,631,631,.\WINDOWS\system32\spool\drivers\color,sRGB Color Space Profile.icm,.icm,3144,1,,False,False,False,False,True,False,Archive,Windows,2001-07-21 14:40:50.0000000,,2001-08-23 18:00:00.0000000,,2004-08-19 17:02:19.2502336,2001-08-23 18:00:00.0000000,2004-08-19 22:47:16.2073168,2004-08-19 00:00:00.0000000,0,25218337,0,,,,/evidence/windows-ntfs-mft-nist/nist-hacking-case.mft,,,
639,639,True,631,631,.\WINDOWS\system32\spool\drivers\color,Trinitron Compatible 9300K G2.2.icm,.icm,610,1,,False,False,False,False,True,False,Archive,Windows,2001-08-23 18:00:00.0000000,,2001-08-23 18:00:00.0000000,,2004-08-19 17:02:19.2502336,2001-08-23 18:00:00.0000000,2004-08-19 00:00:00.0000000,,0,9680047,0,,,,/evidence/windows-ntfs-mft-nist/nist-hacking-case.mft,,,
640,640,True,631,631,.\WINDOWS\system32\spool\drivers\color,is330.icm,.icm,14576,1,,False,False,False,False,True,False,Archive,DosWindows,2001-08-23 18:00:00.0000000,,2001-08-23 18:00:00.0000000,,2004-08-19 17:02:19.2502336,2001-08-23 18:00:00.0000000,2004-08-19 00:00:00.0000000,,0,9679503,0,,,,/evidence/windows-ntfs-mft-nist/nist-hacking-case.mft,,,
641,641,True,627,627,.\WINDOWS\system32\spool,prtprocs,,0,1,,True,False,False,False,True,False,Directory,DosWindows,2004-08-19 16:50:37.9300000,,2004-08-19 16:50:38.0000000,,2004-08-19 16:50:38.0000000,,2004-08-19 17:02:19.1200464,2004-08-19 00:00:00.0000000,0,9678576,0,,,,/evidence/windows-ntfs-mft-nist/nist-hacking-case.mft,,,
642,642,True,641,641,.\WINDOWS\system32\spool\prtprocs,w32x86,,0,1,,True,False,False,False,True,False,Directory,DosWindows,2004-08-19 16:50:37.9300000,,2004-08-19 16:50:38.0000000,,2004-08-19 16:50:38.0000000,,2004-08-19 17:02:19.1200464,2004-08-19 00:00:00.0000000,0,9678697,0,,,,/evidence/windows-ntfs-mft-nist/nist-hacking-case.mft,,,
643,643,True,459,459,.\WINDOWS\system32,wins,,0,1,,True,False,False,False,True,False,Directory,DosWindows,2004-08-19 16:50:37.9300000,,2004-08-19 16:50:38.0000000,,2004-08-19 16:50:38.0000000,,2004-08-19 17:02:14.7137104,2004-08-19 00:00:00.0000000,0,9493307,0,,,,/evidence/windows-ntfs-mft-nist/nist-hacking-case.mft,,,
644,644,True,459,459,.\WINDOWS\system32,dhcp,,0,1,,True,False,False,False,True,False,Directory,DosWindows,2004-08-19 16:50:37.9300000,,2004-08-19 16:50:38.0000000,,2004-08-19 16:50:38.0000000,,2004-08-19 17:02:15.5649344,2004-08-19 00:00:00.0000000,0,9531694,0,,,,/evidence/windows-ntfs-mft-nist/nist-hacking-case.mft,,,
645,645,True,459,459,.\WINDOWS\system32,ShellExt,,0,1,,True,False,False,False,True,False,Directory,DosWindows,2004-08-19 16:50:37.9500000,,2004-08-19 16:50:38.0000000,,2004-08-19 16:50:38.0000000,,2004-08-19 17:02:18.7394992,2004-08-19 00:00:00.0000000,0,9673941,0,,,,/evidence/windows-ntfs-mft-nist/nist-hacking-case.mft,,,
646,646,True,459,459,.\WINDOWS\system32,Setup,,0,1,,True,False,False,False,True,False,Directory,DosWindows,2004-08-19 16:50:37.9500000,,2004-08-19 16:50:38.0000000,,2004-08-19 16:50:38.0000000,,2004-08-19 17:01:20.0851584,2004-08-19 00:00:00.0000000,0,9065098,0,,,,/evidence/windows-ntfs-mft-nist/nist-hacking-case.mft,,,
647,647,True,646,646,.\WINDOWS\system32\Setup,comsetup.dll,.dll,259584,1,,False,False,False,False,True,False,Archive,DosWindows,2001-08-23 18:00:00.0000000,,2001-08-23 18:00:00.0000000,,2001-08-23 18:00:00.0000000,,2004-08-19 22:42:26.7410848,2004-08-19 00:00:00.0000000,0,21082853,0,,,,/evidence/windows-ntfs-mft-nist/nist-hacking-case.mft,,,
648,648,True,646,646,.\WINDOWS\system32\Setup,fp40ext.dll,.dll,32828,1,,False,False,False,False,True,False,Archive,DosWindows,2001-08-23 18:00:00.0000000,,2001-08-23 18:00:00.0000000,,2001-08-23 18:00:00.0000000,,2004-08-19 22:43:07.5798080,2004-08-19 00:00:00.0000000,0,21611662,0,,,,/evidence/windows-ntfs-mft-nist/nist-hacking-case.mft,,,
649,649,True,646,646,.\WINDOWS\system32\Setup,fxsocm.dll,.dll,122368,1,,False,False,False,False,True,False,Archive,DosWindows,2001-08-23 18:00:00.0000000,,2001-08-23 18:00:00.0000000,,2001-08-23 18:00:00.0000000,,2004-08-19 22:32:20.6796112,2004-08-19 00:00:00.0000000,0,15746467,0,,,,/evidence/windows-ntfs-mft-nist/nist-hacking-case.mft,,,
650,650,True,646,646,.\WINDOWS\system32\Setup,iis.dll,.dll,468480,1,,False,False,False,False,True,False,Archive,DosWindows,2001-08-23 18:00:00.0000000,,2001-08-23 18:00:00.0000000,,2001-08-23 18:00:00.0000000,,2004-08-19 22:44:02.7591520,2004-08-19 00:00:00.0000000,0,22098568,0,,,,/evidence/windows-ntfs-mft-nist/nist-hacking-case.mft,,,
651,651,True,646,646,.\WINDOWS\system32\Setup,imsinsnt.dll,.dll,115712,1,,False,False,False,False,True,False,Archive,DosWindows,2001-08-23 18:00:00.0000000,,2001-08-23 18:00:00.0000000,,2001-08-23 18:00:00.0000000,,2004-08-19 22:44:15.7077712,2004-08-19 00:00:00.0000000,0,26214635,0,,,,/evidence/windows-ntfs-mft-nist/nist-hacking-case.mft,,,
652,652,True,646,646,.\WINDOWS\system32\Setup,msmqocm.dll,.dll,151552,1,,False,False,False,False,True,False,Archive,DosWindows,2001-08-23 18:00:00.0000000,,2001-08-23 18:00:00.0000000,,2001-08-23 18:00:00.0000000,,2004-08-19 22:45:23.1647696,2004-08-19 00:00:00.0000000,0,23035615,0,,,,/evidence/windows-ntfs-mft-nist/nist-hacking-case.mft,,,
653,653,True,646,646,.\WINDOWS\system32\Setup,netoc.dll,.dll,71168,1,,False,False,False,False,True,False,Archive,DosWindows,2001-08-23 18:00:00.0000000,,2001-08-23 18:00:00.0000000,,2001-08-23 18:00:00.0000000,,2004-08-19 22:45:41.2307472,2004-08-19 00:00:00.0000000,0,23290184,0,,,,/evidence/windows-ntfs-mft-nist/nist-hacking-case.mft,,,
654,654,True,646,646,.\WINDOWS\system32\Setup,msdtcstp.dll,.dll,82432,1,,False,False,False,False,True,False,Archive,DosWindows,2001-08-23 18:00:00.0000000,,2001-08-23 18:00:00.0000000,,2001-08-23 18:00:00.0000000,,2004-08-19 22:45:08.1231408,2004-08-19 00:00:00.0000000,0,22842436,0,,,,/evidence/windows-ntfs-mft-nist/nist-hacking-case.mft,,,
655,655,True,646,646,.\WINDOWS\system32\Setup,ntoc.dll,.dll,61440,1,,False,False,False,False,True,False,Archive,DosWindows,2001-08-23 18:00:00.0000000,,2001-08-23 18:00:00.0000000,,2001-08-23 18:00:00.0000000,,2004-08-19 22:45:56.2122896,2004-08-19 00:00:00.0000000,0,23466119,0,,,,/evidence/windows-ntfs-mft-nist/nist-hacking-case.mft,,,
656,656,True,646,646,.\WINDOWS\system32\Setup,ocgen.dll,.dll,11776,1,,False,False,False,False,True,False,Archive,DosWindows,2001-08-23 18:00:00.0000000,,2001-08-23 18:00:00.0000000,,2001-08-23 18:00:00.0000000,,2004-08-19 22:45:58.1550832,2004-08-19 00:00:00.0000000,0,23492770,0,,,,/evidence/windows-ntfs-mft-nist/nist-hacking-case.mft,,,
657,657,True,646,646,.\WINDOWS\system32\Setup,setupqry.dll,.dll,96768,1,,False,False,False,False,True,False,Archive,DosWindows,2001-08-23 18:00:00.0000000,,2001-08-23 18:00:00.0000000,,2001-08-23 18:00:00.0000000,,2004-08-19 22:46:44.1712512,2004-08-19 00:00:00.0000000,0,24018399,0,,,,/evidence/windows-ntfs-mft-nist/nist-hacking-case.mft,,,
658,658,True,646,646,.\WINDOWS\system32\Setup,tsoc.dll,.dll,99840,1,,False,False,False,False,True,False,Archive,DosWindows,2001-08-23 18:00:00.0000000,,2001-08-23 18:00:00.0000000,,2001-08-23 18:00:00.0000000,,2004-08-19 22:47:39.2003792,2004-08-19 00:00:00.0000000,0,25479382,0,,,,/evidence/windows-ntfs-mft-nist/nist-hacking-case.mft,,,
659,659,True,646,646,.\WINDOWS\system32\Setup,zoneoc.dll,.dll,8261,1,,False,False,False,False,True,False,Archive,DosWindows,2001-08-23 18:00:00.0000000,,2001-08-23 18:00:00.0000000,,2001-08-23 18:00:00.0000000,,2004-08-19 22:48:23.7544448,2004-08-19 00:00:00.0000000,0,26010283,0,,,,/evidence/windows-ntfs-mft-nist/nist-hacking-case.mft,,,
660,660,True,646,646,.\WINDOWS\system32\Setup,fsconins.dll,.dll,6144,1,,False,False,False,False,True,False,Archive,DosWindows,2001-08-23 18:00:00.0000000,,2001-08-23 18:00:00.0000000,,2001-08-23 18:00:00.0000000,,2004-08-19 22:43:12.6070368,2004-08-19 00:00:00.0000000,0,21656992,0,,,,/evidence/windows-ntfs-mft-nist/nist-hacking-case.mft,,,
661,661,True,646,646,.\WINDOWS\system32\Setup,ocmsn.dll,.dll,36864,1,,False,False,False,False,True,False,Archive,DosWindows,2001-08-23 18:00:00.0000000,,2001-08-23 18:00:00.0000000,,2001-08-23 18:00:00.0000000,,2004-08-19 22:45:58.2051552,2004-08-19 00:00:00.0000000,0,23493523,0,,,,/evidence/windows-ntfs-mft-nist/nist-hacking-case.mft,,,
662,662,True,646,646,.\WINDOWS\system32\Setup,msgrocm.dll,.dll,24606,1,,False,False,False,False,True,False,Archive,DosWindows,2001-08-23 18:00:00.0000000,,2001-08-23 18:00:00.0000000,,2001-08-23 18:00:00.0000000,,2004-08-19 22:45:12.0287568,2004-08-19 00:00:00.0000000,0,22897121,0,,,,/evidence/windows-ntfs-mft-nist/nist-hacking-case.mft,,,
663,663,True,459,459,.\WINDOWS\system32,wbem,,0,1,,True,False,False,False,True,False,Directory,DosWindows,2004-08-19 16:50:37.9600000,,2004-08-19 22:40:21.0002784,2004-08-19 16:50:38.0000000,2004-08-19 22:40:21.0002784,2004-08-19 16:50:38.0000000,2004-08-27 15:08:06.2396912,2004-08-19 00:00:00.0000000,0,37981418,0,,,,/evidence/windows-ntfs-mft-nist/nist-hacking-case.mft,,,
664,664,True,663,663,.\WINDOWS\system32\wbem,Repository,,0,1,,True,False,False,False,False,False,Directory,Windows,2004-08-19 16:50:37.9600000,,2004-08-19 22:28:21.4155664,2004-08-19 16:50:38.0000000,2004-08-19 22:28:21.4155664,2004-08-19 16:50:38.0000000,2004-08-27 15:08:43.5024496,2004-08-19 00:00:00.0000000,0,38076478,286,,,,/evidence/windows-ntfs-mft-nist/nist-hacking-case.mft,,,
665,665,True,663,663,.\WINDOWS\system32\wbem,mof,,0,1,,True,False,False,False,True,False,Directory,DosWindows,2004-08-19 16:50:37.9700000,,2004-08-19 16:50:38.0000000,,2004-08-19 16:50:38.0000000,,2004-08-27 15:08:43.5124640,2004-08-19 00:00:00.0000000,0,38076710,289,,,,/evidence/windows-ntfs-mft-nist/nist-hacking-case.mft,,,
666,666,True,665,665,.\WINDOWS\system32\wbem\mof,good,,0,1,,True,False,False,False,True,False,Directory,DosWindows,2004-08-19 16:50:37.9700000,,2004-08-19 16:50:38.0000000,,2004-08-19 16:50:38.0000000,,2004-08-27 15:08:43.5124640,2004-08-19 00:00:00.0000000,0,38076649,288,,,,/evidence/windows-ntfs-mft-nist/nist-hacking-case.mft,,,
667,667,True,665,665,.\WINDOWS\system32\wbem\mof,bad,,0,1,,True,False,False,False,True,False,Directory,DosWindows,2004-08-19 16:50:37.9700000,,2004-08-19 16:50:38.0000000,,2004-08-19 16:50:38.0000000,,2004-08-27 15:08:43.5024496,2004-08-19 00:00:00.0000000,0,38076588,288,,,,/evidence/windows-ntfs-mft-nist/nist-hacking-case.mft,,,
668,668,True,663,663,.\WINDOWS\system32\wbem,xml,,0,1,,True,False,False,False,False,False,Directory,DosWindows,2004-08-19 16:50:38.0300000,,2004-08-19 22:23:59.5990928,2004-08-19 16:50:40.0000000,2004-08-19 22:23:59.5990928,2004-08-19 16:50:40.0000000,2004-08-19 22:23:59.5990928,2004-08-19 00:00:00.0000000,0,12708054,0,,,,/evidence/windows-ntfs-mft-nist/nist-hacking-case.mft,,,
669,669,True,663,663,.\WINDOWS\system32\wbem,dgnet.mof,.mof,1540,1,,False,False,False,False,True,False,Archive,DosWindows,2001-08-23 18:00:00.0000000,,2001-08-23 18:00:00.0000000,,2004-08-19 17:02:19.9812848,2001-08-23 18:00:00.0000000,2004-08-19 22:28:07.7358960,2004-08-19 00:00:00.0000000,0,14627000,0,,,,/evidence/windows-ntfs-mft-nist/nist-hacking-case.mft,,,
670,670,True,663,663,.\WINDOWS\system32\wbem,evntrprv.dll,.dll,19456,1,,False,False,False,False,True,False,Archive,DosWindows,2001-08-23 18:00:00.0000000,,2001-08-23 18:00:00.0000000,,2004-08-19 17:02:19.9812848,2001-08-23 18:00:00.0000000,2004-08-19 22:43:02.3022192,2004-08-19 00:00:00.0000000,0,21761528,0,,,,/evidence/windows-ntfs-mft-nist/nist-hacking-case.mft,,,
671,671,True,663,663,.\WINDOWS\system32\wbem,evntrprv.mof,.mof,5370,1,,False,False,False,False,True,False,Archive,DosWindows,2001-08-23 18:00:00.0000000,,2001-08-23 18:00:00.0000000,,2004-08-19 17:02:19.9812848,2001-08-23 18:00:00.0000000,2004-08-19 22:28:07.0749456,2004-08-19 00:00:00.0000000,0,14626884,0,,,,/evidence/windows-ntfs-mft-nist/nist-hacking-case.mft,,,
672,672,True,663,663,.\WINDOWS\system32\wbem,CmdEvTgProv.dll,.dll,34304,1,,False,False,False,False,True,False,Archive,Windows,2001-08-23 18:00:00.0000000,,2001-08-23 18:00:00.0000000,,2004-08-19 17:02:19.9812848,2001-08-23 18:00:00.0000000,2004-08-19 22:42:22.2346048,2004-08-19 00:00:00.0000000,0,21240205,0,,,,/evidence/windows-ntfs-mft-nist/nist-hacking-case.mft,,,
673,673,True,663,663,.\WINDOWS\system32\wbem,CmdEvTgProv.mof,.mof,1989,1,,False,False,False,False,True,False,Archive,Windows,2001-08-23 18:00:00.0000000,,2001-08-23 18:00:00.0000000,,2004-08-19 17:02:19.9812848,2001-08-23 18:00:00.0000000,2004-08-19 22:28:07.6457664,2004-08-19 00:00:00.0000000,0,14626971,0,,,,/evidence/windows-ntfs-mft-nist/nist-hacking-case.mft,,,
674,674,True,663,663,.\WINDOWS\system32\wbem,hnetcfg.mof,.mof,8404,1,,False,False,False,False,True,False,Archive,DosWindows,2001-08-23 18:00:00.0000000,,2001-08-23 18:00:00.0000000,,2004-08-19 17:02:19.9812848,2001-08-23 18:00:00.0000000,2004-08-19 22:28:07.2451904,2004-08-19 00:00:00.0000000,0,14626913,0,,,,/evidence/windows-ntfs-mft-nist/nist-hacking-case.mft,,,
675,675,True,663,663,.\WINDOWS\system32\wbem,ieinfo5.mof,.mof,21538,1,,False,False,False,False,True,False,Archive,DosWindows,2001-08-23 18:00:00.0000000,,2001-08-23 18:00:00.0000000,,2004-08-19 17:02:19.9812848,2001-08-23 18:00:00.0000000,2004-08-19 22:28:08.0864000,2004-08-19 00:00:00.0000000,0,14627120,0,,,,/evidence/windows-ntfs-mft-nist/nist-hacking-case.mft,,,
676,676,True,663,663,.\WINDOWS\system32\wbem,rsop.mfl,.mfl,283888,1,,False,False,False,False,True,False,Archive,DosWindows,2001-08-23 18:00:00.0000000,,2001-08-23 18:00:00.0000000,,2004-08-19 17:02:19.9812848,2001-08-23 18:00:00.0000000,2004-08-19 22:36:15.2368880,2004-08-19 00:00:00.0000000,0,18354266,0,,,,/evidence/windows-ntfs-mft-nist/nist-hacking-case.mft,,,
677,677,True,663,663,.\WINDOWS\system32\wbem,rsop.mof,.mof,87686,1,,False,False,False,False,True,False,Archive,DosWindows,2001-08-23 18:00:00.0000000,,2001-08-23 18:00:00.0000000,,2004-08-19 17:02:19.9812848,2001-08-23 18:00:00.0000000,2004-08-19 22:36:12.8835040,2004-08-19 00:00:00.0000000,0,18353269,0,,,,/evidence/windows-ntfs-mft-nist/nist-hacking-case.mft,,,
678,678,True,663,663,.\WINDOWS\system32\wbem,scersop.mof,.mof,4357,1,,False,False,False,False,True,False,Archive,DosWindows,2001-08-23 18:00:00.0000000,,2001-08-23 18:00:00.0000000,,2004-08-19 17:02:19.9812848,2001-08-23 18:00:00.0000000,2004-08-19 22:36:17.2898400,2004-08-19 00:00:00.0000000,0,18397661,0,,,,/evidence/windows-ntfs-mft-nist/nist-hacking-case.mft,,,
679,679,True,663,663,.\WINDOWS\system32\wbem,sr.mof,.mof,3799,1,,False,False,False,False,True,False,Archive,DosWindows,2001-08-23 18:00:00.0000000,,2001-08-23 18:00:00.0000000,,2004-08-19 17:02:19.9812848,2001-08-23 18:00:00.0000000,2004-08-19 22:28:07.5155792,2004-08-19 00:00:00.0000000,0,14626942,0,,,,/evidence/windows-ntfs-mft-nist/nist-hacking-case.mft,,,
680,680,True,663,663,.\WINDOWS\system32\wbem,wbemperf.dll,.dll,38400,1,,False,False,False,False,True,False,Archive,DosWindows,2001-08-23 18:00:00.0000000,,2001-08-23 18:00:00.0000000,,2004-08-19 17:02:19.9812848,2001-08-23 18:00:00.0000000,2004-08-19 22:47:58.4280272,2004-08-19 00:00:00.0000000,0,25881671,0,,,,/evidence/windows-ntfs-mft-nist/nist-hacking-case.mft,,,
681,681,True,663,663,.\WINDOWS\system32\wbem,whqlprov.mof,.mof,9632,1,,False,False,False,False,True,False,Archive,DosWindows,2001-08-23 18:00:00.0000000,,2001-08-23 18:00:00.0000000,,2004-08-19 17:02:19.9912992,2001-08-23 18:00:00.0000000,2004-08-19 22:28:07.8760976,2004-08-19 00:00:00.0000000,0,14627091,0,,,,/evidence/windows-ntfs-mft-nist/nist-hacking-case.mft,,,
682,682,True,459,459,.\WINDOWS\system32,npp,,0,1,,True,False,False,False,True,False,Directory,DosWindows,2004-08-19 16:50:37.9600000,,2004-08-19 16:50:38.0000000,,2004-08-19 16:50:38.0000000,,2004-08-19 17:02:14.6636384,2004-08-19 00:00:00.0000000,0,9488233,0,,,,/evidence/windows-ntfs-mft-nist/nist-hacking-case.mft,,,
683,683,True,682,682,.\WINDOWS\system32\npp,ndisnpp.dll,.dll,55808,1,,False,False,False,False,True,False,Archive,DosWindows,2001-08-23 18:00:00.0000000,,2001-08-23 18:00:00.0000000,,2004-08-19 17:02:14.6636384,2001-08-23 18:00:00.0000000,2004-08-19 22:45:38.7972480,2004-08-19 00:00:00.0000000,0,23398180,0,,,,/evidence/windows-ntfs-mft-nist/nist-hacking-case.mft,,,
684,684,True,682,682,.\WINDOWS\system32\npp,nppagent.exe,.exe,13824,1,,False,False,False,False,True,False,Archive,DosWindows,2001-08-23 18:00:00.0000000,,2001-08-23 18:00:00.0000000,,2004-08-19 17:02:14.6636384,2001-08-23 18:00:00.0000000,2004-08-19 22:45:50.1435632,2004-08-19 00:00:00.0000000,0,23626802,0,,,,/evidence/windows-ntfs-mft-nist/nist-hacking-case.mft,,,
685,685,True,459,459,.\WINDOWS\system32,ias,,0,1,,True,False,False,False,False,False,Directory,DosWindows,2004-08-19 16:50:37.9700000,,2004-08-19 22:35:50.9820112,2004-08-19 16:50:38.0000000,2004-08-19 22:35:50.9820112,2004-08-19 16:50:38.0000000,2004-08-19 22:35:50.9820112,2004-08-19 00:00:00.0000000,0,18493807,0,,,,/evidence/windows-ntfs-mft-nist/nist-hacking-case.mft,,,
686,686,True,685,685,.\WINDOWS\system32\ias,dnary.mdb,.mdb,294912,1,,False,False,False,False,True,False,Archive,DosWindows,2001-08-23 18:00:00.0000000,,2001-08-23 18:00:00.0000000,,2004-08-19 17:02:16.7366192,2001-08-23 18:00:00.0000000,2004-08-19 00:00:00.0000000,,0,9575716,0,,,,/evidence/windows-ntfs-mft-nist/nist-hacking-case.mft,,,
687,690,True,3715,1,.\Documents and Settings\Default User\Application Data\Microsoft,Internet Explorer,,0,1,,True,False,False,False,False,False,None,Windows,2004-08-19 22:36:04.5314944,,2004-08-19 22:37:31.2662128,2004-08-19 22:36:04.5314944,2004-08-19 22:37:31.2662128,2004-08-19 22:36:04.5314944,2004-08-20 15:17:59.0937408,2004-08-19 22:36:04.5314944,0,28122845,0,,,,/evidence/windows-ntfs-mft-nist/nist-hacking-case.mft,,,
688,688,True,459,459,.\WINDOWS\system32,dllcache,,0,1,,True,False,False,False,False,False,ReadOnly|Hidden|System|Directory|Compressed,DosWindows,2004-08-19 16:50:37.9700000,,2004-08-27 15:31:37.8435456,2004-08-19 16:50:38.0000000,2004-08-27 15:31:37.8435456,2004-08-19 16:50:38.0000000,2004-08-27 15:31:37.8435456,2004-08-19 00:00:00.0000000,0,39179843,0,,,,/evidence/windows-ntfs-mft-nist/nist-hacking-case.mft,,,
689,689,True,459,459,.\WINDOWS\system32,export,,0,1,,True,False,False,False,True,False,Directory,DosWindows,2004-08-19 16:50:37.9700000,,2004-08-19 16:50:38.0000000,,2004-08-19 16:50:38.0000000,,2004-08-19 17:02:16.5062880,2004-08-19 00:00:00.0000000,0,9567148,0,,,,/evidence/windows-ntfs-mft-nist/nist-hacking-case.mft,,,
690,690,True,459,459,.\WINDOWS\system32,icsxml,,0,1,,True,False,False,False,True,False,Directory,DosWindows,2004-08-19 16:50:37.9800000,,2004-08-19 16:50:38.0000000,,2004-08-19 16:50:38.0000000,,2004-08-19 17:02:14.6135664,2004-08-19 00:00:00.0000000,0,9482207,0,,,,/evidence/windows-ntfs-mft-nist/nist-hacking-case.mft,,,
691,691,True,690,690,.\WINDOWS\system32\icsxml,cmnicfg.xml,.xml,5854,1,,False,False,False,False,True,False,Archive,DosWindows,2001-08-23 18:00:00.0000000,,2001-08-23 18:00:00.0000000,,2004-08-19 17:02:14.6035520,2001-08-23 18:00:00.0000000,2004-08-19 00:00:00.0000000,,0,9481653,0,,,,/evidence/windows-ntfs-mft-nist/nist-hacking-case.mft,,,
692,692,True,690,690,.\WINDOWS\system32\icsxml,ipcfg.xml,.xml,13437,1,,False,False,False,False,True,False,Archive,DosWindows,2001-08-23 18:00:00.0000000,,2001-08-23 18:00:00.0000000,,2004-08-19 17:02:14.6035520,2001-08-23 18:00:00.0000000,2004-08-19 00:00:00.0000000,,0,9481799,0,,,,/evidence/windows-ntfs-mft-nist/nist-hacking-case.mft,,,
693,693,True,690,690,.\WINDOWS\system32\icsxml,osinfo.xml,.xml,766,1,,False,False,False,False,True,False,Archive,DosWindows,2001-08-23 18:00:00.0000000,,2001-08-23 18:00:00.0000000,,2004-08-19 17:02:14.6135664,2001-08-23 18:00:00.0000000,2004-08-19 00:00:00.0000000,,0,9481914,0,,,,/evidence/windows-ntfs-mft-nist/nist-hacking-case.mft,,,
694,694,True,690,690,.\WINDOWS\system32\icsxml,potscfg.xml,.xml,2598,1,,False,False,False,False,True,False,Archive,DosWindows,2001-08-23 18:00:00.0000000,,2001-08-23 18:00:00.0000000,,2004-08-19 17:02:14.6135664,2001-08-23 18:00:00.0000000,2004-08-19 00:00:00.0000000,,0,9482029,0,,,,/evidence/windows-ntfs-mft-nist/nist-hacking-case.mft,,,
695,695,True,690,690,.\WINDOWS\system32\icsxml,pppcfg.xml,.xml,14420,1,,False,False,False,False,True,False,Archive,DosWindows,2001-08-23 18:00:00.0000000,,2001-08-23 18:00:00.0000000,,2004-08-19 17:02:14.6135664,2001-08-23 18:00:00.0000000,2004-08-19 00:00:00.0000000,,0,9482144,0,,,,/evidence/windows-ntfs-mft-nist/nist-hacking-case.mft,,,
696,696,True,459,459,.\WINDOWS\system32,mui,,0,1,,True,False,False,False,True,False,Directory,DosWindows,2004-08-19 16:50:37.9800000,,2004-08-19 16:50:38.0000000,,2004-08-19 16:50:38.0000000,,2004-08-19 17:02:17.6679584,2004-08-19 00:00:00.0000000,0,9627402,0,,,,/evidence/windows-ntfs-mft-nist/nist-hacking-case.mft,,,
697,697,True,696,696,.\WINDOWS\system32\mui,0009,,0,1,,True,False,False,False,True,False,Directory,DosWindows,2004-08-19 16:50:37.9800000,,2004-08-19 16:50:38.0000000,,2004-08-19 16:50:38.0000000,,2004-08-19 17:02:17.6679584,2004-08-19 00:00:00.0000000,0,9627220,0,,,,/evidence/windows-ntfs-mft-nist/nist-hacking-case.mft,,,
698,698,True,697,697,.\WINDOWS\system32\mui\0009,hhctrlui.dll,.dll,87552,1,,False,False,False,False,True,False,Archive,DosWindows,2001-08-23 18:00:00.0000000,,2001-08-23 18:00:00.0000000,,2004-08-19 17:02:17.6679584,2001-08-23 18:00:00.0000000,2004-08-19 22:43:28.1594000,2004-08-19 00:00:00.0000000,0,21931357,0,,,,/evidence/windows-ntfs-mft-nist/nist-hacking-case.mft,,,
699,699,True,696,696,.\WINDOWS\system32\mui,dispspec,,0,1,,True,False,False,False,True,False,Directory,DosWindows,2004-08-19 16:50:37.9800000,,2004-08-19 16:50:38.0000000,,2004-08-19 16:50:38.0000000,,2004-08-19 17:02:17.6679584,2004-08-19 00:00:00.0000000,0,9627347,0,,,,/evidence/windows-ntfs-mft-nist/nist-hacking-case.mft,,,
700,700,True,459,459,.\WINDOWS\system32,oobe,,0,1,,True,False,False,False,False,False,Directory,DosWindows,2004-08-19 16:50:37.9900000,,2004-08-19 22:30:21.6584672,2004-08-19 16:50:38.0000000,2004-08-19 22:30:21.6584672,2004-08-19 16:50:38.0000000,2004-08-25 16:20:35.1945824,2004-08-19 00:00:00.0000000,0,36678855,0,,,,/evidence/windows-ntfs-mft-nist/nist-hacking-case.mft,,,
701,701,True,700,700,.\WINDOWS\system32\oobe,html,,0,1,,True,False,False,False,True,False,Directory,DosWindows,2004-08-19 16:50:38.0000000,,2004-08-19 22:30:32.2436880,2004-08-19 16:50:40.0000000,2004-08-19 22:30:32.2436880,2004-08-19 16:50:40.0000000,2004-08-19 23:02:34.1398448,2004-08-19 00:00:00.0000000,0,27089776,0,,,,/evidence/windows-ntfs-mft-nist/nist-hacking-case.mft,,,
702,702,True,701,701,.\WINDOWS\system32\oobe\html,ispsgnup,,0,1,,True,False,False,False,True,False,Directory,DosWindows,2004-08-19 16:50:38.0000000,,2004-08-19 16:50:40.0000000,,2004-08-19 16:50:40.0000000,,2004-08-19 17:02:14.6836672,2004-08-19 00:00:00.0000000,0,9489751,0,,,,/evidence/windows-ntfs-mft-nist/nist-hacking-case.mft,,,
703,703,True,701,701,.\WINDOWS\system32\oobe\html,mouse,,0,1,,True,False,False,False,True,False,Directory,DosWindows,2004-08-19 16:50:38.0000000,,2004-08-19 22:30:16.1705760,2004-08-19 16:50:40.0000000,2004-08-19 22:30:16.1705760,2004-08-19 16:50:40.0000000,2004-08-19 22:30:16.1705760,2004-08-19 00:00:00.0000000,0,16930675,0,,,,/evidence/windows-ntfs-mft-nist/nist-hacking-case.mft,,,
704,704,True,701,701,.\WINDOWS\system32\oobe\html,oemcust,,0,1,,True,False,False,False,True,False,Directory,DosWindows,2004-08-19 16:50:38.0000000,,2004-08-19 16:50:40.0000000,,2004-08-19 16:50:40.0000000,,2004-08-19 17:02:14.6836672,2004-08-19 00:00:00.0000000,0,9489497,0,,,,/evidence/windows-ntfs-mft-nist/nist-hacking-case.mft,,,
705,705,True,701,701,.\WINDOWS\system32\oobe\html,oemhw,,0,1,,True,False,False,False,True,False,Directory,DosWindows,2004-08-19 16:50:38.0000000,,2004-08-19 16:50:40.0000000,,2004-08-19 16:50:40.0000000,,2004-08-19 17:02:14.6836672,2004-08-19 00:00:00.0000000,0,9489362,0,,,,/evidence/windows-ntfs-mft-nist/nist-hacking-case.mft,,,
706,706,True,701,701,.\WINDOWS\system32\oobe\html,oemreg,,0,1,,True,False,False,False,True,False,Directory,DosWindows,2004-08-19 16:50:38.0000000,,2004-08-19 16:50:40.0000000,,2004-08-19 16:50:40.0000000,,2004-08-19 17:02:14.6836672,2004-08-19 00:00:00.0000000,0,9489217,0,,,,/evidence/windows-ntfs-mft-nist/nist-hacking-case.mft,,,
707,707,True,700,700,.\WINDOWS\system32\oobe,images,,0,1,,True,False,False,False,False,False,Directory,DosWindows,2004-08-19 16:50:38.0100000,,2004-08-19 22:30:11.9444992,2004-08-19 16:50:40.0000000,2004-08-19 22:30:11.9444992,2004-08-19 16:50:40.0000000,2004-08-25 16:20:35.2146112,2004-08-19 00:00:00.0000000,0,36678984,0,,,,/evidence/windows-ntfs-mft-nist/nist-hacking-case.mft,,,
708,708,True,700,700,.\WINDOWS\system32\oobe,setup,,0,1,,True,False,False,False,False,False,Directory,DosWindows,2004-08-19 16:50:38.0100000,,2004-08-19 22:30:30.7815856,2004-08-19 16:50:40.0000000,2004-08-19 22:30:30.7815856,2004-08-19 16:50:40.0000000,2004-08-19 22:30:30.7815856,2004-08-19 00:00:00.0000000,0,15131001,0,,,,/evidence/windows-ntfs-mft-nist/nist-hacking-case.mft,,,
709,709,True,700,700,.\WINDOWS\system32\oobe,sample,,0,1,,True,False,False,False,True,False,Directory,DosWindows,2004-08-19 16:50:38.0100000,,2004-08-19 16:50:40.0000000,,2004-08-19 16:50:40.0000000,,2004-08-19 17:02:14.6736528,2004-08-19 00:00:00.0000000,0,9488846,0,,,,/evidence/windows-ntfs-mft-nist/nist-hacking-case.mft,,,
710,710,True,459,459,.\WINDOWS\system32,1025,,0,1,,True,False,False,False,True,False,Directory,DosWindows,2004-08-19 16:50:38.0200000,,2004-08-19 16:50:40.0000000,,2004-08-19 16:50:40.0000000,,2004-08-19 17:02:14.4232928,2004-08-19 00:00:00.0000000,0,9476746,0,,,,/evidence/windows-ntfs-mft-nist/nist-hacking-case.mft,,,
711,711,True,459,459,.\WINDOWS\system32,1028,,0,1,,True,False,False,False,True,False,Directory,DosWindows,2004-08-19 16:50:38.0200000,,2004-08-19 16:50:40.0000000,,2004-08-19 16:50:40.0000000,,2004-08-19 17:02:14.4232928,2004-08-19 00:00:00.0000000,0,9476873,0,,,,/evidence/windows-ntfs-mft-nist/nist-hacking-case.mft,,,
712,712,True,459,459,.\WINDOWS\system32,1031,,0,1,,True,False,False,False,True,False,Directory,DosWindows,2004-08-19 16:50:38.0200000,,2004-08-19 16:50:40.0000000,,2004-08-19 16:50:40.0000000,,2004-08-19 17:02:14.4533360,2004-08-19 00:00:00.0000000,0,9477000,0,,,,/evidence/windows-ntfs-mft-nist/nist-hacking-case.mft,,,
713,713,True,459,459,.\WINDOWS\system32,1033,,0,1,,True,False,False,False,True,False,Directory,DosWindows,2004-08-19 16:50:38.0200000,,2004-08-19 16:50:40.0000000,,2004-08-19 16:50:40.0000000,,2004-08-25 15:25:50.5715264,2004-08-19 00:00:00.0000000,0,35006893,0,,,,/evidence/windows-ntfs-mft-nist/nist-hacking-case.mft,,,
714,714,True,713,713,.\WINDOWS\system32\1033,dwintl.dll,.dll,55632,1,,False,False,False,False,True,False,Archive,DosWindows,2001-08-23 18:00:00.0000000,,2001-08-23 18:00:00.0000000,,2004-08-19 17:02:14.4533360,2001-08-23 18:00:00.0000000,2004-08-25 15:25:51.0522176,2004-08-19 00:00:00.0000000,0,36695546,0,,,,/evidence/windows-ntfs-mft-nist/nist-hacking-case.mft,,,
715,715,True,459,459,.\WINDOWS\system32,1037,,0,1,,True,False,False,False,True,False,Directory,DosWindows,2004-08-19 16:50:38.0200000,,2004-08-19 16:50:40.0000000,,2004-08-19 16:50:40.0000000,,2004-08-19 17:02:14.4533360,2004-08-19 00:00:00.0000000,0,9477375,0,,,,/evidence/windows-ntfs-mft-nist/nist-hacking-case.mft,,,
716,716,True,459,459,.\WINDOWS\system32,1041,,0,1,,True,False,False,False,True,False,Directory,DosWindows,2004-08-19 16:50:38.0200000,,2004-08-19 16:50:40.0000000,,2004-08-19 16:50:40.0000000,,2004-08-19 17:02:14.5134224,2004-08-19 00:00:00.0000000,0,9477502,0,,,,/evidence/windows-ntfs-mft-nist/nist-hacking-case.mft,,,
717,717,True,459,459,.\WINDOWS\system32,1042,,0,1,,True,False,False,False,True,False,Directory,DosWindows,2004-08-19 16:50:38.0200000,,2004-08-19 16:50:40.0000000,,2004-08-19 16:50:40.0000000,,2004-08-19 17:02:14.5134224,2004-08-19 00:00:00.0000000,0,9477640,0,,,,/evidence/windows-ntfs-mft-nist/nist-hacking-case.mft,,,
718,718,True,459,459,.\WINDOWS\system32,1054,,0,1,,True,False,False,False,True,False,Directory,DosWindows,2004-08-19 16:50:38.0200000,,2004-08-19 16:50:40.0000000,,2004-08-19 16:50:40.0000000,,2004-08-19 17:02:14.5134224,2004-08-19 00:00:00.0000000,0,9477767,0,,,,/evidence/windows-ntfs-mft-nist/nist-hacking-case.mft,,,
719,719,True,459,459,.\WINDOWS\system32,2052,,0,1,,True,False,False,False,True,False,Directory,DosWindows,2004-08-19 16:50:38.0300000,,2004-08-19 16:50:40.0000000,,2004-08-19 16:50:40.0000000,,2004-08-19 17:02:14.5134224,2004-08-19 00:00:00.0000000,0,9477894,0,,,,/evidence/windows-ntfs-mft-nist/nist-hacking-case.mft,,,
720,720,True,459,459,.\WINDOWS\system32,3076,,0,1,,True,False,False,False,True,False,Directory,DosWindows,2004-08-19 16:50:38.0300000,,2004-08-19 16:50:40.0000000,,2004-08-19 16:50:40.0000000,,2004-08-19 17:02:14.5434656,2004-08-19 00:00:00.0000000,0,9478021,0,,,,/evidence/windows-ntfs-mft-nist/nist-hacking-case.mft,,,
721,721,True,459,459,.\WINDOWS\system32,usmt,,0,1,,True,False,False,False,True,False,Directory,DosWindows,2004-08-19 16:50:38.0300000,,2004-08-19 16:50:40.0000000,,2004-08-19 16:50:40.0000000,,2004-08-27 15:08:06.2396912,2004-08-19 00:00:00.0000000,0,37981357,0,,,,/evidence/windows-ntfs-mft-nist/nist-hacking-case.mft,,,
722,722,True,721,721,.\WINDOWS\system32\usmt,guitrn.dll,.dll,113664,1,,False,False,False,False,True,False,Archive,DosWindows,2001-08-23 18:00:00.0000000,,2001-08-23 18:00:00.0000000,,2004-08-19 17:02:14.6936816,2001-08-23 18:00:00.0000000,2004-08-19 22:43:25.3553680,2004-08-19 00:00:00.0000000,0,21898670,0,,,,/evidence/windows-ntfs-mft-nist/nist-hacking-case.mft,,,
723,723,True,721,721,.\WINDOWS\system32\usmt,guitrn_a.dll,.dll,100864,1,,False,False,False,False,True,False,Archive,DosWindows,2001-08-23 18:00:00.0000000,,2001-08-23 18:00:00.0000000,,2004-08-19 17:02:14.6936816,2001-08-23 18:00:00.0000000,2004-08-19 22:43:25.4054400,2004-08-19 00:00:00.0000000,0,21898899,0,,,,/evidence/windows-ntfs-mft-nist/nist-hacking-case.mft,,,
724,724,True,721,721,.\WINDOWS\system32\usmt,iconlib.dll,.dll,3584,1,,False,False,False,False,True,False,Archive,DosWindows,2001-08-23 18:00:00.0000000,,2001-08-23 18:00:00.0000000,,2004-08-19 17:02:14.6936816,2001-08-23 18:00:00.0000000,2004-08-19 00:00:00.0000000,,0,9490742,0,,,,/evidence/windows-ntfs-mft-nist/nist-hacking-case.mft,,,
725,725,True,721,721,.\WINDOWS\system32\usmt,log.dll,.dll,16896,1,,False,False,False,False,True,False,Archive,DosWindows,2001-08-23 18:00:00.0000000,,2001-08-23 18:00:00.0000000,,2004-08-19 17:02:14.6936816,2001-08-23 18:00:00.0000000,2004-08-19 22:44:48.0242400,2004-08-19 00:00:00.0000000,0,22898697,0,,,,/evidence/windows-ntfs-mft-nist/nist-hacking-case.mft,,,
726,726,True,721,721,.\WINDOWS\system32\usmt,migapp.inf,.inf,156349,1,,False,False,False,False,True,False,Archive,DosWindows,2001-08-23 18:00:00.0000000,,2001-08-23 18:00:00.0000000,,2004-08-19 17:02:14.7036960,2001-08-23 18:00:00.0000000,2004-08-19 00:00:00.0000000,,0,9490980,0,,,,/evidence/windows-ntfs-mft-nist/nist-hacking-case.mft,,,
727,727,True,721,721,.\WINDOWS\system32\usmt,migism.inf,.inf,2704,1,,False,False,False,False,True,False,Archive,DosWindows,2001-08-23 18:00:00.0000000,,2001-08-23 18:00:00.0000000,,2004-08-19 17:02:14.7036960,2001-08-23 18:00:00.0000000,2004-08-19 00:00:00.0000000,,0,9491210,0,,,,/evidence/windows-ntfs-mft-nist/nist-hacking-case.mft,,,
728,728,True,721,721,.\WINDOWS\system32\usmt,migism.dll,.dll,185344,1,,False,False,False,False,True,False,Archive,DosWindows,2001-08-23 18:00:00.0000000,,2001-08-23 18:00:00.0000000,,2004-08-19 17:02:14.7036960,2001-08-23 18:00:00.0000000,2004-08-19 22:44:57.2875600,2004-08-19 00:00:00.0000000,0,22944120,0,,,,/evidence/windows-ntfs-mft-nist/nist-hacking-case.mft,,,
729,729,True,721,721,.\WINDOWS\system32\usmt,migism_a.dll,.dll,179200,1,,False,False,False,False,True,False,Archive,DosWindows,2001-08-23 18:00:00.0000000,,2001-08-23 18:00:00.0000000,,2004-08-19 17:02:14.7036960,2001-08-23 18:00:00.0000000,2004-08-19 22:44:57.4878480,2004-08-19 00:00:00.0000000,0,22946810,0,,,,/evidence/windows-ntfs-mft-nist/nist-hacking-case.mft,,,
730,730,True,721,721,.\WINDOWS\system32\usmt,migload.exe,.exe,98816,1,,False,False,False,False,True,False,Archive,DosWindows,2001-08-23 18:00:00.0000000,,2001-08-23 18:00:00.0000000,,2004-08-19 17:02:14.7036960,2001-08-23 18:00:00.0000000,2004-08-19 22:44:57.6681072,2004-08-19 00:00:00.0000000,0,22987966,0,,,,/evidence/windows-ntfs-mft-nist/nist-hacking-case.mft,,,
731,731,True,721,721,.\WINDOWS\system32\usmt,migsys.inf,.inf,56561,1,,False,False,False,False,True,False,Archive,DosWindows,2001-08-23 18:00:00.0000000,,2001-08-23 18:00:00.0000000,,2004-08-19 17:02:14.7036960,2001-08-23 18:00:00.0000000,2004-08-19 00:00:00.0000000,,0,9491563,0,,,,/evidence/windows-ntfs-mft-nist/nist-hacking-case.mft,,,
732,732,True,721,721,.\WINDOWS\system32\usmt,miguser.inf,.inf,2724,1,,False,False,False,False,True,False,Archive,DosWindows,2001-08-23 18:00:00.0000000,,2001-08-23 18:00:00.0000000,,2004-08-19 17:02:14.7036960,2001-08-23 18:00:00.0000000,2004-08-19 00:00:00.0000000,,0,9491678,0,,,,/evidence/windows-ntfs-mft-nist/nist-hacking-case.mft,,,
733,733,True,721,721,.\WINDOWS\system32\usmt,migwiz.exe,.exe,230400,1,,False,False,False,False,True,False,Archive,DosWindows,2001-08-23 18:00:00.0000000,,2001-08-23 18:00:00.0000000,,2004-08-19 23:05:04.9466944,2001-08-23 18:00:00.0000000,2004-08-25 15:22:07.2813856,2004-08-19 00:00:00.0000000,0,36639362,0,,,,/evidence/windows-ntfs-mft-nist/nist-hacking-case.mft,,,
734,734,True,721,721,.\WINDOWS\system32\usmt,migwiz_a.exe,.exe,226816,1,,False,False,False,False,True,False,Archive,DosWindows,2001-08-23 18:00:00.0000000,,2001-08-23 18:00:00.0000000,,2004-08-19 17:02:14.7036960,2001-08-23 18:00:00.0000000,2004-08-19 22:44:58.1287696,2004-08-19 00:00:00.0000000,0,22993983,0,,,,/evidence/windows-ntfs-mft-nist/nist-hacking-case.mft,,,
735,735,True,721,721,.\WINDOWS\system32\usmt,migwiz.inf,.inf,4631,1,,False,False,False,False,True,False,Archive,DosWindows,2001-08-23 18:00:00.0000000,,2001-08-23 18:00:00.0000000,,2004-08-19 17:02:14.7036960,2001-08-23 18:00:00.0000000,2004-08-19 00:00:00.0000000,,0,9492063,0,,,,/evidence/windows-ntfs-mft-nist/nist-hacking-case.mft,,,
736,736,True,721,721,.\WINDOWS\system32\usmt,migwiz.exe.manifest,.manifest,1392,1,,False,False,False,False,True,False,Archive,Windows,2001-08-23 18:00:00.0000000,,2001-08-23 18:00:00.0000000,,2004-08-19 17:02:14.7036960,2001-08-23 18:00:00.0000000,2004-08-19 00:00:00.0000000,,0,9491908,0,,,,/evidence/windows-ntfs-mft-nist/nist-hacking-case.mft,,,
737,737,True,721,721,.\WINDOWS\system32\usmt,script.dll,.dll,186368,1,,False,False,False,False,True,False,Archive,DosWindows,2001-08-23 18:00:00.0000000,,2001-08-23 18:00:00.0000000,,2004-08-19 17:02:14.7036960,2001-08-23 18:00:00.0000000,2004-08-19 22:46:40.0553328,2004-08-19 00:00:00.0000000,0,25209305,0,,,,/evidence/windows-ntfs-mft-nist/nist-hacking-case.mft,,,
738,738,True,721,721,.\WINDOWS\system32\usmt,script_a.dll,.dll,167424,1,,False,False,False,False,True,False,Archive,DosWindows,2001-08-23 18:00:00.0000000,,2001-08-23 18:00:00.0000000,,2004-08-19 17:02:14.7036960,2001-08-23 18:00:00.0000000,2004-08-19 22:46:40.1254336,2004-08-19 00:00:00.0000000,0,25209334,0,,,,/evidence/windows-ntfs-mft-nist/nist-hacking-case.mft,,,
739,739,True,721,721,.\WINDOWS\system32\usmt,sysfiles.inf,.inf,790549,1,,False,False,False,False,True,False,Archive,DosWindows,2001-08-23 18:00:00.0000000,,2001-08-23 18:00:00.0000000,,2004-08-19 17:02:14.7036960,2001-08-23 18:00:00.0000000,2004-08-19 00:00:00.0000000,,0,9492531,0,,,,/evidence/windows-ntfs-mft-nist/nist-hacking-case.mft,,,
740,740,True,721,721,.\WINDOWS\system32\usmt,sysmod.dll,.dll,141312,1,,False,False,False,False,True,False,Archive,DosWindows,2001-08-23 18:00:00.0000000,,2001-08-23 18:00:00.0000000,,2004-08-19 17:02:14.7036960,2001-08-23 18:00:00.0000000,2004-08-19 22:47:23.4076704,2004-08-19 00:00:00.0000000,0,25551417,0,,,,/evidence/windows-ntfs-mft-nist/nist-hacking-case.mft,,,
741,741,True,721,721,.\WINDOWS\system32\usmt,sysmod_a.dll,.dll,130560,1,,False,False,False,False,True,False,Archive,DosWindows,2001-08-23 18:00:00.0000000,,2001-08-23 18:00:00.0000000,,2004-08-19 17:02:14.7137104,2001-08-23 18:00:00.0000000,2004-08-19 22:47:23.4677568,2004-08-19 00:00:00.0000000,0,25552661,0,,,,/evidence/windows-ntfs-mft-nist/nist-hacking-case.mft,,,
742,742,True,721,721,.\WINDOWS\system32\usmt,usmtdef.inf,.inf,2868,1,,False,False,False,False,True,False,Archive,DosWindows,2001-08-23 18:00:00.0000000,,2001-08-23 18:00:00.0000000,,2004-08-19 17:02:14.7137104,2001-08-23 18:00:00.0000000,2004-08-19 00:00:00.0000000,,0,9492876,0,,,,/evidence/windows-ntfs-mft-nist/nist-hacking-case.mft,,,
743,743,True,459,459,.\WINDOWS\system32,inetsrv,,0,1,,True,False,False,False,True,False,Directory,DosWindows,2004-08-19 16:50:38.0300000,,2004-08-19 16:50:40.0000000,,2004-08-19 16:50:40.0000000,,2004-08-19 22:28:30.9693040,2004-08-19 00:00:00.0000000,0,15786922,0,,,,/evidence/windows-ntfs-mft-nist/nist-hacking-case.mft,,,
744,744,True,459,459,.\WINDOWS\system32,IME,,0,1,,True,False,False,False,True,False,Directory,DosWindows,2004-08-19 16:50:38.0400000,,2004-08-19 16:50:40.0000000,,2004-08-19 16:50:40.0000000,,2004-08-19 17:02:14.6235808,2004-08-19 00:00:00.0000000,0,9482342,0,,,,/evidence/windows-ntfs-mft-nist/nist-hacking-case.mft,,,
745,745,True,744,744,.\WINDOWS\system32\IME,PINTLGNT,,0,1,,True,False,False,False,True,False,Directory,DosWindows,2004-08-19 16:50:38.0400000,,2004-08-19 16:50:40.0000000,,2004-08-19 16:50:40.0000000,,2004-08-19 17:02:14.6335952,2004-08-19 00:00:00.0000000,0,9482590,0,,,,/evidence/windows-ntfs-mft-nist/nist-hacking-case.mft,,,
746,746,True,744,744,.\WINDOWS\system32\IME,CINTLGNT,,0,1,,True,False,False,False,True,False,Directory,DosWindows,2004-08-19 16:50:38.0400000,,2004-08-19 16:50:40.0000000,,2004-08-19 16:50:40.0000000,,2004-08-19 17:02:14.6335952,2004-08-19 00:00:00.0000000,0,9482711,0,,,,/evidence/windows-ntfs-mft-nist/nist-hacking-case.mft,,,
747,747,True,744,744,.\WINDOWS\system32\IME,TINTLGNT,,0,1,,True,False,False,False,True,False,Directory,DosWindows,2004-08-19 16:50:38.0400000,,2004-08-19 16:50:40.0000000,,2004-08-19 16:50:40.0000000,,2004-08-19 17:02:14.6235808,2004-08-19 00:00:00.0000000,0,9482469,0,,,,/evidence/windows-ntfs-mft-nist/nist-hacking-case.mft,,,
748,748,True,459,459,.\WINDOWS\system32,3com_dmi,,0,1,,True,False,False,False,True,False,Directory,DosWindows,2004-08-19 16:50:38.0500000,,2004-08-19 16:50:40.0000000,,2004-08-19 16:50:40.0000000,,2004-08-19 17:02:14.5434656,2004-08-19 00:00:00.0000000,0,9478156,0,,,,/evidence/windows-ntfs-mft-nist/nist-hacking-case.mft,,,
749,749,True,459,459,.\WINDOWS\system32,bootvid.dll,.dll,12288,1,,False,False,False,False,True,False,Archive,DosWindows,2001-08-23 18:00:00.0000000,,2001-08-23 18:00:00.0000000,,2004-08-19 17:02:15.0141424,2001-08-23 18:00:00.0000000,2004-08-19 22:42:03.4676192,2004-08-19 00:00:00.0000000,0,36418174,0,,,,/evidence/windows-ntfs-mft-nist/nist-hacking-case.mft,,,
750,750,True,459,459,.\WINDOWS\system32,kdcom.dll,.dll,7040,1,,False,False,False,False,True,False,Archive,DosWindows,2001-08-23 18:00:00.0000000,,2001-08-23 18:00:00.0000000,,2004-08-19 17:02:17.0670944,2001-08-23 18:00:00.0000000,2004-08-19 22:44:43.9684080,2004-08-19 00:00:00.0000000,0,36418237,0,,,,/evidence/windows-ntfs-mft-nist/nist-hacking-case.mft,,,
751,751,True,459,459,.\WINDOWS\system32,c_1252.nls,.nls,66082,1,,False,False,False,False,True,False,Archive,DosWindows,2001-08-23 18:00:00.0000000,,2001-08-23 18:00:00.0000000,,2004-08-19 17:02:15.0341712,2001-08-23 18:00:00.0000000,2004-08-19 00:00:00.0000000,,0,36422078,0,,,,/evidence/windows-ntfs-mft-nist/nist-hacking-case.mft,,,
752,752,True,459,459,.\WINDOWS\system32,c_437.nls,.nls,66594,1,,False,False,False,False,True,False,Archive,DosWindows,2001-08-23 18:00:00.0000000,,2001-08-23 18:00:00.0000000,,2004-08-19 17:02:15.0642144,2001-08-23 18:00:00.0000000,2004-08-19 00:00:00.0000000,,0,36422216,0,,,,/evidence/windows-ntfs-mft-nist/nist-hacking-case.mft,,,
753,753,True,459,459,.\WINDOWS\system32,l_intl.nls,.nls,7046,1,,False,False,False,False,True,False,Archive,DosWindows,2001-08-23 18:00:00.0000000,,2001-08-23 18:00:00.0000000,,2004-08-19 17:02:17.0971376,2001-08-23 18:00:00.0000000,2004-08-19 00:00:00.0000000,,0,36422280,0,,,,/evidence/windows-ntfs-mft-nist/nist-hacking-case.mft,,,
754,754,True,459,459,.\WINDOWS\system32,ntdll.dll,.dll,674304,1,,False,False,False,False,True,False,Archive,DosWindows,2001-08-23 18:00:00.0000000,,2001-08-23 18:00:00.0000000,,2004-08-19 17:02:17.8181744,2001-08-23 18:00:00.0000000,2004-08-27 15:08:04.9578480,2004-08-19 00:00:00.0000000,0,37973561,0,,,,/evidence/windows-ntfs-mft-nist/nist-hacking-case.mft,,,
755,755,True,459,459,.\WINDOWS\system32,smss.exe,.exe,45568,1,,False,False,False,False,True,False,Archive,DosWindows,2001-08-23 18:00:00.0000000,,2001-08-23 18:00:00.0000000,,2004-08-25 15:27:28.0516960,2001-08-23 18:00:00.0000000,2004-08-27 15:08:13.5401888,2004-08-19 00:00:00.0000000,0,37986668,0,,,,/evidence/windows-ntfs-mft-nist/nist-hacking-case.mft,,,
756,756,True,459,459,.\WINDOWS\system32,autochk.exe,.exe,565760,1,,False,False,False,False,True,False,Archive,DosWindows,2001-08-23 18:00:00.0000000,,2001-08-23 18:00:00.0000000,,2004-08-19 17:02:14.9740848,2001-08-23 18:00:00.0000000,2004-08-27 15:08:14.1510672,2004-08-19 00:00:00.0000000,0,38361993,0,,,,/evidence/windows-ntfs-mft-nist/nist-hacking-case.mft,,,
757,757,True,459,459,.\WINDOWS\system32,sfcfiles.dll,.dll,1562112,1,,False,False,False,False,True,False,Archive,DosWindows,2001-08-23 18:00:00.0000000,,2001-08-23 18:00:00.0000000,,2004-08-19 17:02:18.7194704,2001-08-23 18:00:00.0000000,2004-08-27 15:08:20.0595632,2004-08-19 00:00:00.0000000,0,38367504,0,,,,/evidence/windows-ntfs-mft-nist/nist-hacking-case.mft,,,
758,758,True,459,459,.\WINDOWS\system32,advapi32.dll,.dll,549888,1,,False,False,False,False,True,False,Archive,DosWindows,2001-08-23 18:00:00.0000000,,2001-08-23 18:00:00.0000000,,2004-08-19 17:02:14.7737968,2001-08-23 18:00:00.0000000,2004-08-27 15:08:13.5401888,2004-08-19 00:00:00.0000000,0,37986859,0,,,,/evidence/windows-ntfs-mft-nist/nist-hacking-case.mft,,,
759,759,True,459,459,.\WINDOWS\system32,comdlg32.dll,.dll,258048,1,,False,False,False,False,True,False,Archive,DosWindows,2001-08-23 18:00:00.0000000,,2001-08-23 18:00:00.0000000,,2004-08-19 17:02:15.3546320,2001-08-23 18:00:00.0000000,2004-08-27 15:08:13.5401888,2004-08-19 00:00:00.0000000,0,37986920,0,,,,/evidence/windows-ntfs-mft-nist/nist-hacking-case.mft,,,
760,760,True,459,459,.\WINDOWS\system32,gdi32.dll,.dll,250880,1,,False,False,False,False,True,False,Archive,DosWindows,2001-08-23 18:00:00.0000000,,2001-08-23 18:00:00.0000000,,2004-08-19 17:02:16.6464896,2001-08-23 18:00:00.0000000,2004-08-27 15:08:13.5401888,2004-08-19 00:00:00.0000000,0,37986981,0,,,,/evidence/windows-ntfs-mft-nist/nist-hacking-case.mft,,,
761,761,True,459,459,.\WINDOWS\system32,imagehlp.dll,.dll,126976,1,,False,False,False,False,True,False,Archive,DosWindows,2001-08-23 18:00:00.0000000,,2001-08-23 18:00:00.0000000,,2004-08-19 17:02:16.8467776,2001-08-23 18:00:00.0000000,2004-08-27 15:08:13.5401888,2004-08-19 00:00:00.0000000,0,37987042,0,,,,/evidence/windows-ntfs-mft-nist/nist-hacking-case.mft,,,
762,762,True,459,459,.\WINDOWS\system32,kernel32.dll,.dll,926720,1,,False,False,False,False,True,False,Archive,DosWindows,2001-08-23 18:00:00.0000000,,2001-08-23 18:00:00.0000000,,2004-08-19 17:02:17.0771088,2001-08-23 18:00:00.0000000,2004-08-27 15:08:13.5401888,2004-08-19 00:00:00.0000000,0,37987103,0,,,,/evidence/windows-ntfs-mft-nist/nist-hacking-case.mft,,,
763,763,True,459,459,.\WINDOWS\system32,lz32.dll,.dll,2560,1,,False,False,False,False,True,False,Archive,DosWindows,2001-08-23 18:00:00.0000000,,2001-08-23 18:00:00.0000000,,2004-08-19 17:02:17.1772528,2001-08-23 18:00:00.0000000,2004-08-27 15:08:14.2612256,2004-08-19 00:00:00.0000000,0,37995593,0,,,,/evidence/windows-ntfs-mft-nist/nist-hacking-case.mft,,,
764,764,True,459,459,.\WINDOWS\system32,ole32.dll,.dll,1141248,1,,False,False,False,False,True,False,Archive,DosWindows,2001-08-23 18:00:00.0000000,,2001-08-23 18:00:00.0000000,,2004-08-19 17:02:18.2287648,2001-08-23 18:00:00.0000000,2004-08-27 15:08:13.5401888,2004-08-19 00:00:00.0000000,0,37987164,0,,,,/evidence/windows-ntfs-mft-nist/nist-hacking-case.mft,,,
765,765,True,459,459,.\WINDOWS\system32,oleaut32.dll,.dll,569344,1,,False,False,False,False,True,False,None,DosWindows,2001-08-23 18:00:00.0000000,,2001-08-23 18:00:00.0000000,,2004-08-20 15:13:05.8020080,2001-08-23 18:00:00.0000000,2004-08-27 15:08:13.5401888,2004-08-19 00:00:00.0000000,0,37987225,0,,,,/evidence/windows-ntfs-mft-nist/nist-hacking-case.mft,,,
766,766,True,459,459,.\WINDOWS\system32,olecli32.dll,.dll,68608,1,,False,False,False,False,True,False,Archive,DosWindows,2001-08-23 18:00:00.0000000,,2001-08-23 18:00:00.0000000,,2004-08-19 17:02:18.2387792,2001-08-23 18:00:00.0000000,2004-08-27 15:08:14.2712400,2004-08-19 00:00:00.0000000,0,37995654,0,,,,/evidence/windows-ntfs-mft-nist/nist-hacking-case.mft,,,
767,767,True,459,459,.\WINDOWS\system32,olecnv32.dll,.dll,34304,1,,False,False,False,False,True,False,Archive,DosWindows,2001-08-23 18:00:00.0000000,,2001-08-23 18:00:00.0000000,,2004-08-19 17:02:18.2487936,2001-08-23 18:00:00.0000000,2004-08-27 15:08:14.2712400,2004-08-19 00:00:00.0000000,0,37995715,0,,,,/evidence/windows-ntfs-mft-nist/nist-hacking-case.mft,,,
768,768,True,459,459,.\WINDOWS\system32,olesvr32.dll,.dll,22016,1,,False,False,False,False,True,False,Archive,DosWindows,2001-08-23 18:00:00.0000000,,2001-08-23 18:00:00.0000000,,2004-08-19 17:02:18.2588080,2001-08-23 18:00:00.0000000,2004-08-27 15:08:14.2712400,2004-08-19 00:00:00.0000000,0,37995776,0,,,,/evidence/windows-ntfs-mft-nist/nist-hacking-case.mft,,,
769,769,True,459,459,.\WINDOWS\system32,olethk32.dll,.dll,69120,1,,False,False,False,False,True,False,Archive,DosWindows,2001-08-23 18:00:00.0000000,,2001-08-23 18:00:00.0000000,,2004-08-19 17:02:18.2588080,2001-08-23 18:00:00.0000000,2004-08-27 15:08:14.2712400,2004-08-19 00:00:00.0000000,0,37995837,0,,,,/evidence/windows-ntfs-mft-nist/nist-hacking-case.mft,,,
770,770,True,459,459,.\WINDOWS\system32,rpcrt4.dll,.dll,463872,1,,False,False,False,False,True,False,Archive,DosWindows,2001-08-23 18:00:00.0000000,,2001-08-23 18:00:00.0000000,,2004-08-19 17:02:18.5592400,2001-08-23 18:00:00.0000000,2004-08-27 15:08:13.5401888,2004-08-19 00:00:00.0000000,0,37987286,0,,,,/evidence/windows-ntfs-mft-nist/nist-hacking-case.mft,,,
771,771,True,459,459,.\WINDOWS\system32,shell32.dll,.dll,8322560,1,,False,False,False,False,True,False,Archive,DosWindows,2001-08-23 18:00:00.0000000,,2001-08-23 18:00:00.0000000,,2004-08-27 15:42:48.7273792,2001-08-23 18:00:00.0000000,2004-08-27 15:42:41.8374720,2004-08-19 00:00:00.0000000,0,39364287,0,,,,/evidence/windows-ntfs-mft-nist/nist-hacking-case.mft,,,
772,772,True,459,459,.\WINDOWS\system32,url.dll,.dll,109568,1,,False,False,False,False,True,False,Archive,DosWindows,2001-08-23 18:00:00.0000000,,2001-08-23 18:00:00.0000000,,2004-08-27 15:42:48.7574224,2001-08-23 18:00:00.0000000,2004-08-27 15:08:14.2712400,2004-08-19 00:00:00.0000000,0,39364478,0,,,,/evidence/windows-ntfs-mft-nist/nist-hacking-case.mft,,,
773,773,True,459,459,.\WINDOWS\system32,urlmon.dll,.dll,452096,1,,False,False,False,False,True,False,Archive,DosWindows,2001-08-23 18:00:00.0000000,,2001-08-23 18:00:00.0000000,,2004-08-19 17:02:19.6608240,2001-08-23 18:00:00.0000000,2004-08-27 15:08:13.5401888,2004-08-19 00:00:00.0000000,0,37987416,0,,,,/evidence/windows-ntfs-mft-nist/nist-hacking-case.mft,,,
774,774,True,459,459,.\WINDOWS\system32,user32.dll,.dll,561152,1,,False,False,False,False,True,False,Archive,DosWindows,2001-08-23 18:00:00.0000000,,2001-08-23 18:00:00.0000000,,2004-08-19 17:02:19.6708384,2001-08-23 18:00:00.0000000,2004-08-27 15:08:13.5401888,2004-08-19 00:00:00.0000000,0,37987477,0,,,,/evidence/windows-ntfs-mft-nist/nist-hacking-case.mft,,,
775,775,True,459,459,.\WINDOWS\system32,version.dll,.dll,16384,1,,False,False,False,False,True,False,Archive,DosWindows,2001-08-23 18:00:00.0000000,,2001-08-23 18:00:00.0000000,,2004-08-19 17:02:19.7409392,2001-08-23 18:00:00.0000000,2004-08-27 15:08:13.5401888,2004-08-19 00:00:00.0000000,0,37987538,0,,,,/evidence/windows-ntfs-mft-nist/nist-hacking-case.mft,,,
776,776,True,459,459,.\WINDOWS\system32,wininet.dll,.dll,593920,1,,False,False,False,False,True,False,Archive,DosWindows,2001-08-23 18:00:00.0000000,,2001-08-23 18:00:00.0000000,,2004-08-19 17:02:20.0513856,2001-08-23 18:00:00.0000000,2004-08-27 15:08:13.5401888,2004-08-19 00:00:00.0000000,0,37987599,0,,,,/evidence/windows-ntfs-mft-nist/nist-hacking-case.mft,,,
777,777,True,459,459,.\WINDOWS\system32,wldap32.dll,.dll,167936,1,,False,False,False,False,True,False,Archive,DosWindows,2001-08-23 18:00:00.0000000,,2001-08-23 18:00:00.0000000,,2004-08-19 17:02:20.1014576,2001-08-23 18:00:00.0000000,2004-08-27 15:08:13.5401888,2004-08-19 00:00:00.0000000,0,37987660,0,,,,/evidence/windows-ntfs-mft-nist/nist-hacking-case.mft,,,
778,778,True,459,459,.\WINDOWS\system32,shlwapi.dll,.dll,397824,1,,False,False,False,False,True,False,Archive,DosWindows,2001-08-23 18:00:00.0000000,,2001-08-23 18:00:00.0000000,,2004-08-19 17:02:18.7495136,2001-08-23 18:00:00.0000000,2004-08-27 15:08:13.5401888,2004-08-19 00:00:00.0000000,0,37987721,0,,,,/evidence/windows-ntfs-mft-nist/nist-hacking-case.mft,,,
779,779,True,459,459,.\WINDOWS\system32,comctl32.dll,.dll,557568,1,,False,False,False,False,True,False,Archive,DosWindows,2001-08-23 18:00:00.0000000,,2001-08-23 18:00:00.0000000,,2004-08-19 17:02:15.3546320,2001-08-23 18:00:00.0000000,2004-08-27 15:08:13.5401888,2004-08-19 00:00:00.0000000,0,37987782,0,,,,/evidence/windows-ntfs-mft-nist/nist-hacking-case.mft,,,
780,780,True,459,459,.\WINDOWS\system32,msvcrt.dll,.dll,322560,1,,False,False,False,False,True,False,Archive,DosWindows,2001-08-23 18:00:00.0000000,,2001-08-23 18:00:00.0000000,,2004-08-19 17:02:17.6078720,2001-08-23 18:00:00.0000000,2004-08-27 15:08:13.5401888,2004-08-19 00:00:00.0000000,0,37987851,0,,,,/evidence/windows-ntfs-mft-nist/nist-hacking-case.mft,,,
781,781,True,459,459,.\WINDOWS\system32,mpr.dll,.dll,55808,1,,False,False,False,False,True,False,Archive,DosWindows,2001-08-23 18:00:00.0000000,,2001-08-23 18:00:00.0000000,,2004-08-19 17:02:17.3274688,2001-08-23 18:00:00.0000000,2004-08-27 15:08:13.5401888,2004-08-19 00:00:00.0000000,0,37987912,0,,,,/evidence/windows-ntfs-mft-nist/nist-hacking-case.mft,,,
782,782,True,459,459,.\WINDOWS\system32,ntvdm.exe,.exe,395776,1,,False,False,False,False,True,False,Archive,DosWindows,2001-08-23 18:00:00.0000000,,2001-08-23 18:00:00.0000000,,2004-08-19 17:02:17.8882752,2001-08-23 18:00:00.0000000,2004-08-27 15:08:14.2712400,2004-08-19 00:00:00.0000000,0,37995959,0,,,,/evidence/windows-ntfs-mft-nist/nist-hacking-case.mft,,,
783,783,True,459,459,.\WINDOWS\system32,wow32.dll,.dll,247808,1,,False,False,False,False,True,False,Archive,DosWindows,2001-08-23 18:00:00.0000000,,2001-08-23 18:00:00.0000000,,2004-08-19 17:02:20.1615440,2001-08-23 18:00:00.0000000,2004-08-27 15:08:14.2712400,2004-08-19 00:00:00.0000000,0,37996020,0,,,,/evidence/windows-ntfs-mft-nist/nist-hacking-case.mft,,,
784,784,True,459,459,.\WINDOWS\system32,crypt32.dll,.dll,554496,1,,False,False,False,False,True,False,Archive,DosWindows,2001-08-23 18:00:00.0000000,,2001-08-23 18:00:00.0000000,,2004-08-19 17:02:15.4247328,2001-08-23 18:00:00.0000000,2004-08-27 15:08:13.5401888,2004-08-19 00:00:00.0000000,0,37987973,0,,,,/evidence/windows-ntfs-mft-nist/nist-hacking-case.mft,,,
785,785,True,459,459,.\WINDOWS\system32,userenv.dll,.dll,662016,1,,False,False,False,False,True,False,Archive,DosWindows,2001-08-23 18:00:00.0000000,,2001-08-23 18:00:00.0000000,,2004-08-19 17:02:19.6708384,2001-08-23 18:00:00.0000000,2004-08-27 15:08:13.5401888,2004-08-19 00:00:00.0000000,0,37988095,0,,,,/evidence/windows-ntfs-mft-nist/nist-hacking-case.mft,,,
786,786,True,459,459,.\WINDOWS\system32,msasn1.dll,.dll,51200,1,,False,False,False,False,True,False,Archive,DosWindows,2001-08-23 18:00:00.0000000,,2001-08-23 18:00:00.0000000,,2004-08-19 17:02:17.4075840,2001-08-23 18:00:00.0000000,2004-08-27 15:08:13.5401888,2004-08-19 00:00:00.0000000,0,37988156,0,,,,/evidence/windows-ntfs-mft-nist/nist-hacking-case.mft,,,
787,787,True,459,459,.\WINDOWS\system32,win32k.sys,.sys,1799552,1,,False,False,False,False,True,False,Archive,DosWindows,2001-08-23 18:00:00.0000000,,2001-08-23 18:00:00.0000000,,2004-08-19 17:02:20.0413712,2001-08-23 18:00:00.0000000,2004-08-27 15:08:13.5401888,2004-08-19 00:00:00.0000000,0,37988217,0,,,,/evidence/windows-ntfs-mft-nist/nist-hacking-case.mft,,,
788,788,True,459,459,.\WINDOWS\system32,watchdog.sys,.sys,14592,1,,False,False,False,False,True,False,Archive,DosWindows,2001-08-23 18:00:00.0000000,,2001-08-23 18:00:00.0000000,,2004-08-19 17:02:19.7910112,2001-08-23 18:00:00.0000000,2004-08-27 15:08:16.2440768,2004-08-19 00:00:00.0000000,0,38001092,0,,,,/evidence/windows-ntfs-mft-nist/nist-hacking-case.mft,,,
789,789,True,459,459,.\WINDOWS\system32,csrss.exe,.exe,4096,1,,False,False,False,False,True,False,Archive,DosWindows,2001-08-23 18:00:00.0000000,,2001-08-23 18:00:00.0000000,,2004-08-25 15:27:28.0717248,2001-08-23 18:00:00.0000000,2004-08-27 15:08:13.5401888,2004-08-19 00:00:00.0000000,0,37988278,0,,,,/evidence/windows-ntfs-mft-nist/nist-hacking-case.mft,,,
790,790,True,459,459,.\WINDOWS\system32,csrsrv.dll,.dll,29184,1,,False,False,False,False,True,False,Archive,DosWindows,2001-08-23 18:00:00.0000000,,2001-08-23 18:00:00.0000000,,2004-08-19 17:02:15.4447616,2001-08-23 18:00:00.0000000,2004-08-27 15:08:13.5401888,2004-08-19 00:00:00.0000000,0,37988339,0,,,,/evidence/windows-ntfs-mft-nist/nist-hacking-case.mft,,,
791,791,True,459,459,.\WINDOWS\system32,basesrv.dll,.dll,45056,1,,False,False,False,False,True,False,Archive,DosWindows,2001-08-23 18:00:00.0000000,,2001-08-23 18:00:00.0000000,,2004-08-19 17:02:14.9941136,2001-08-23 18:00:00.0000000,2004-08-27 15:08:13.5401888,2004-08-19 00:00:00.0000000,0,37988408,0,,,,/evidence/windows-ntfs-mft-nist/nist-hacking-case.mft,,,
792,792,True,459,459,.\WINDOWS\system32,winsrv.dll,.dll,275968,1,,False,False,False,False,True,False,Archive,DosWindows,2001-08-23 18:00:00.0000000,,2001-08-23 18:00:00.0000000,,2004-08-19 17:02:20.0814288,2001-08-23 18:00:00.0000000,2004-08-27 15:08:13.5401888,2004-08-19 00:00:00.0000000,0,37988469,0,,,,/evidence/windows-ntfs-mft-nist/nist-hacking-case.mft,,,
793,793,True,459,459,.\WINDOWS\system32,unicode.nls,.nls,89588,1,,False,False,False,False,True,False,Archive,DosWindows,2001-08-23 18:00:00.0000000,,2001-08-23 18:00:00.0000000,,2004-08-19 17:02:19.6207664,2001-08-23 18:00:00.0000000,2004-08-19 00:00:00.0000000,,0,36486290,0,,,,/evidence/windows-ntfs-mft-nist/nist-hacking-case.mft,,,
794,794,True,459,459,.\WINDOWS\system32,locale.nls,.nls,209012,1,,False,False,False,False,True,False,Archive,DosWindows,2001-08-23 18:00:00.0000000,,2001-08-23 18:00:00.0000000,,2004-08-19 17:02:17.1371952,2001-08-23 18:00:00.0000000,2004-08-19 00:00:00.0000000,,0,36486548,0,,,,/evidence/windows-ntfs-mft-nist/nist-hacking-case.mft,,,
795,795,True,459,459,.\WINDOWS\system32,sorttbls.nls,.nls,21116,1,,False,False,False,False,True,False,Archive,DosWindows,2001-08-23 18:00:00.0000000,,2001-08-23 18:00:00.0000000,,2004-08-19 17:02:19.1100320,2001-08-23 18:00:00.0000000,2004-08-19 00:00:00.0000000,,0,36486612,0,,,,/evidence/windows-ntfs-mft-nist/nist-hacking-case.mft,,,
796,796,True,459,459,.\WINDOWS\system32,vga.dll,.dll,9344,1,,False,False,False,False,True,False,Archive,DosWindows,2001-08-23 18:00:00.0000000,,2001-08-23 18:00:00.0000000,,2004-08-19 17:02:19.7509536,2001-08-23 18:00:00.0000000,2004-08-27 15:08:13.5401888,2004-08-19 00:00:00.0000000,0,37988658,0,,,,/evidence/windows-ntfs-mft-nist/nist-hacking-case.mft,,,
797,797,True,459,459,.\WINDOWS\system32,winlogon.exe,.exe,430080,1,,False,False,False,False,True,False,Archive,DosWindows,2001-08-23 18:00:00.0000000,,2001-08-23 18:00:00.0000000,,2004-08-25 15:27:28.0817392,2001-08-23 18:00:00.0000000,2004-08-27 15:08:13.5401888,2004-08-19 00:00:00.0000000,0,37988719,0,,,,/evidence/windows-ntfs-mft-nist/nist-hacking-case.mft,,,
798,798,True,459,459,.\WINDOWS\system32,nddeapi.dll,.dll,15360,1,,False,False,False,False,True,False,Archive,DosWindows,2001-08-23 18:00:00.0000000,,2001-08-23 18:00:00.0000000,,2004-08-19 17:02:17.6879872,2001-08-23 18:00:00.0000000,2004-08-27 15:08:13.5401888,2004-08-19 00:00:00.0000000,0,37988841,0,,,,/evidence/windows-ntfs-mft-nist/nist-hacking-case.mft,,,
799,799,True,459,459,.\WINDOWS\system32,secur32.dll,.dll,52224,1,,False,False,False,False,True,False,Archive,DosWindows,2001-08-23 18:00:00.0000000,,2001-08-23 18:00:00.0000000,,2004-08-19 17:02:18.6794128,2001-08-23 18:00:00.0000000,2004-08-27 15:08:13.5401888,2004-08-19 00:00:00.0000000,0,37989159,0,,,,/evidence/windows-ntfs-mft-nist/nist-hacking-case.mft,,,
800,800,True,459,459,.\WINDOWS\system32,winsta.dll,.dll,47104,1,,False,False,False,False,True,False,Archive,DosWindows,2001-08-23 18:00:00.0000000,,2001-08-23 18:00:00.0000000,,2004-08-19 17:02:20.0814288,2001-08-23 18:00:00.0000000,2004-08-27 15:08:13.5401888,2004-08-19 00:00:00.0000000,0,37989411,0,,,,/evidence/windows-ntfs-mft-nist/nist-hacking-case.mft,,,
801,801,True,459,459,.\WINDOWS\system32,profmap.dll,.dll,28672,1,,False,False,False,False,True,False,Archive,DosWindows,2001-08-23 18:00:00.0000000,,2001-08-23 18:00:00.0000000,,2004-08-19 17:02:18.3889952,2001-08-23 18:00:00.0000000,2004-08-27 15:08:13.5401888,2004-08-19 00:00:00.0000000,0,37988915,0,,,,/evidence/windows-ntfs-mft-nist/nist-hacking-case.mft,,,
802,802,True,459,459,.\WINDOWS\system32,netapi32.dll,.dll,309760,1,,False,False,False,False,True,False,Archive,DosWindows,2001-08-23 18:00:00.0000000,,2001-08-23 18:00:00.0000000,,2004-08-19 17:02:17.7080160,2001-08-23 18:00:00.0000000,2004-08-27 15:08:13.5401888,2004-08-19 00:00:00.0000000,0,37988976,0,,,,/evidence/windows-ntfs-mft-nist/nist-hacking-case.mft,,,
803,803,True,459,459,.\WINDOWS\system32,regapi.dll,.dll,44032,1,,False,False,False,False,True,False,Archive,DosWindows,2001-08-23 18:00:00.0000000,,2001-08-23 18:00:00.0000000,,2004-08-19 17:02:18.5191824,2001-08-23 18:00:00.0000000,2004-08-27 15:08:13.5401888,2004-08-19 00:00:00.0000000,0,37989098,0,,,,/evidence/windows-ntfs-mft-nist/nist-hacking-case.mft,,,
804,804,True,459,459,.\WINDOWS\system32,ws2_32.dll,.dll,75264,1,,False,False,False,False,True,False,Archive,DosWindows,2001-08-23 18:00:00.0000000,,2001-08-23 18:00:00.0000000,,2004-08-19 17:02:20.1815728,2001-08-23 18:00:00.0000000,2004-08-27 15:08:13.5401888,2004-08-19 00:00:00.0000000,0,37989472,0,,,,/evidence/windows-ntfs-mft-nist/nist-hacking-case.mft,,,
805,805,True,459,459,.\WINDOWS\system32,ws2help.dll,.dll,18944,1,,False,False,False,False,True,False,Archive,DosWindows,2001-08-23 18:00:00.0000000,,2001-08-23 18:00:00.0000000,,2004-08-19 17:02:20.1815728,2001-08-23 18:00:00.0000000,2004-08-27 15:08:13.5401888,2004-08-19 00:00:00.0000000,0,37989533,0,,,,/evidence/windows-ntfs-mft-nist/nist-hacking-case.mft,,,
806,806,True,459,459,.\WINDOWS\system32,ctype.nls,.nls,8386,1,,False,False,False,False,True,False,Archive,DosWindows,2001-08-23 18:00:00.0000000,,2001-08-23 18:00:00.0000000,,2004-08-19 17:02:15.4647904,2001-08-23 18:00:00.0000000,2004-08-19 00:00:00.0000000,,0,36490403,0,,,,/evidence/windows-ntfs-mft-nist/nist-hacking-case.mft,,,
807,807,True,459,459,.\WINDOWS\system32,sortkey.nls,.nls,262148,1,,False,False,False,False,True,False,Archive,DosWindows,2001-08-23 18:00:00.0000000,,2001-08-23 18:00:00.0000000,,2004-08-19 17:02:19.1100320,2001-08-23 18:00:00.0000000,2004-08-19 00:00:00.0000000,,0,36490725,0,,,,/evidence/windows-ntfs-mft-nist/nist-hacking-case.mft,,,
808,808,True,459,459,.\WINDOWS\system32,kbdus.dll,.dll,5632,1,,False,False,False,False,True,False,Archive,DosWindows,2001-08-23 18:00:00.0000000,,2001-08-23 18:00:00.0000000,,2004-08-19 17:02:17.0570800,2001-08-23 18:00:00.0000000,2004-08-27 15:08:24.9966624,2004-08-19 00:00:00.0000000,0,38449744,0,,,,/evidence/windows-ntfs-mft-nist/nist-hacking-case.mft,,,
809,809,True,459,459,.\WINDOWS\system32,msgina.dll,.dll,967680,1,,False,False,False,False,True,False,Archive,DosWindows,2001-08-23 18:00:00.0000000,,2001-08-23 18:00:00.0000000,,2004-08-19 17:02:17.4576560,2001-08-23 18:00:00.0000000,2004-08-27 15:08:13.5401888,2004-08-19 00:00:00.0000000,0,37989655,0,,,,/evidence/windows-ntfs-mft-nist/nist-hacking-case.mft,,,
810,810,True,459,459,.\WINDOWS\system32,odbc32.dll,.dll,200704,1,,False,False,False,False,True,False,Archive,DosWindows,2001-08-23 18:00:00.0000000,,2001-08-23 18:00:00.0000000,,2004-08-19 17:02:17.9283328,2001-08-23 18:00:00.0000000,2004-08-27 15:08:13.5401888,2004-08-19 00:00:00.0000000,0,37989716,0,,,,/evidence/windows-ntfs-mft-nist/nist-hacking-case.mft,,,
811,811,True,459,459,.\WINDOWS\system32,sxs.dll,.dll,647680,1,,False,False,False,False,True,False,Archive,DosWindows,2001-08-23 18:00:00.0000000,,2001-08-23 18:00:00.0000000,,2004-08-19 17:02:19.4605360,2001-08-23 18:00:00.0000000,2004-08-27 15:08:13.5401888,2004-08-19 00:00:00.0000000,0,37989777,0,,,,/evidence/windows-ntfs-mft-nist/nist-hacking-case.mft,,,
812,812,True,459,459,.\WINDOWS\system32,odbcint.dll,.dll,90112,1,,False,False,False,False,True,False,Archive,DosWindows,2001-08-23 18:00:00.0000000,,2001-08-23 18:00:00.0000000,,2004-08-19 17:02:18.1686784,2001-08-23 18:00:00.0000000,2004-08-27 15:08:13.5502032,2004-08-19 00:00:00.0000000,0,37989907,0,,,,/evidence/windows-ntfs-mft-nist/nist-hacking-case.mft,,,
813,813,True,459,459,.\WINDOWS\system32,shsvcs.dll,.dll,114688,1,,False,False,False,False,True,False,Archive,DosWindows,2001-08-23 18:00:00.0000000,,2001-08-23 18:00:00.0000000,,2004-08-19 17:02:18.7595280,2001-08-23 18:00:00.0000000,2004-08-27 15:08:13.5502032,2004-08-19 00:00:00.0000000,0,37989968,0,,,,/evidence/windows-ntfs-mft-nist/nist-hacking-case.mft,,,
814,814,True,459,459,.\WINDOWS\system32,setupapi.dll,.dll,922624,1,,False,False,False,False,True,False,Archive,DosWindows,2001-08-23 18:00:00.0000000,,2001-08-23 18:00:00.0000000,,2004-08-19 17:02:18.7094560,2001-08-23 18:00:00.0000000,2004-08-27 15:08:13.5401888,2004-08-19 00:00:00.0000000,0,37989220,0,,,,/evidence/windows-ntfs-mft-nist/nist-hacking-case.mft,,,
815,815,True,459,459,.\WINDOWS\system32,sfc.dll,.dll,4096,1,,False,False,False,False,True,False,Archive,DosWindows,2001-08-23 18:00:00.0000000,,2001-08-23 18:00:00.0000000,,2004-08-19 17:02:18.7194704,2001-08-23 18:00:00.0000000,2004-08-27 15:08:13.5502032,2004-08-19 00:00:00.0000000,0,37990029,0,,,,/evidence/windows-ntfs-mft-nist/nist-hacking-case.mft,,,
816,816,True,459,459,.\WINDOWS\system32,wintrust.dll,.dll,166912,1,,False,False,False,False,True,False,Archive,DosWindows,2001-08-23 18:00:00.0000000,,2001-08-23 18:00:00.0000000,,2004-08-19 17:02:20.0914432,2001-08-23 18:00:00.0000000,2004-08-27 15:08:13.5401888,2004-08-19 00:00:00.0000000,0,37989342,0,,,,/evidence/windows-ntfs-mft-nist/nist-hacking-case.mft,,,
817,817,True,459,459,.\WINDOWS\system32,slayerxp.dll,.dll,22016,1,,False,False,False,False,True,False,Archive,DosWindows,2001-08-23 18:00:00.0000000,,2001-08-23 18:00:00.0000000,,2004-08-19 17:02:19.0799888,2001-08-23 18:00:00.0000000,2004-08-19 22:41:21.3770960,2004-08-19 00:00:00.0000000,0,19459096,0,,,,/evidence/windows-ntfs-mft-nist/nist-hacking-case.mft,,,
818,818,True,459,459,.\WINDOWS\system32,apphelp.dll,.dll,104448,1,,False,False,False,False,True,False,Archive,DosWindows,2001-08-23 18:00:00.0000000,,2001-08-23 18:00:00.0000000,,2004-08-19 17:02:14.8038400,2001-08-23 18:00:00.0000000,2004-08-27 15:08:13.5401888,2004-08-19 00:00:00.0000000,0,37988034,0,,,,/evidence/windows-ntfs-mft-nist/nist-hacking-case.mft,,,
819,819,True,459,459,.\WINDOWS\system32,ahui.exe,.exe,84992,1,,False,False,False,False,True,False,Archive,DosWindows,2001-08-23 18:00:00.0000000,,2001-08-23 18:00:00.0000000,,2004-08-19 17:02:14.7737968,2001-08-23 18:00:00.0000000,2004-08-19 22:40:36.5326128,2004-08-19 00:00:00.0000000,0,19341978,0,,,,/evidence/windows-ntfs-mft-nist/nist-hacking-case.mft,,,
820,820,True,459,459,.\WINDOWS\system32,services.exe,.exe,101376,1,,False,False,False,False,True,False,Archive,DosWindows,2001-08-23 18:00:00.0000000,,2001-08-23 18:00:00.0000000,,2004-08-25 15:27:28.1017680,2001-08-23 18:00:00.0000000,2004-08-27 15:08:13.5502032,2004-08-19 00:00:00.0000000,0,37990090,0,,,,/evidence/windows-ntfs-mft-nist/nist-hacking-case.mft,,,
821,821,True,459,459,.\WINDOWS\system32,lsass.exe,.exe,11776,1,,False,False,False,False,True,False,Archive,DosWindows,2001-08-23 18:00:00.0000000,,2001-08-23 18:00:00.0000000,,2004-08-25 15:27:28.1117824,2001-08-23 18:00:00.0000000,2004-08-27 15:08:13.5502032,2004-08-19 00:00:00.0000000,0,37990151,0,,,,/evidence/windows-ntfs-mft-nist/nist-hacking-case.mft,,,
822,822,True,459,459,.\WINDOWS\system32,scesrv.dll,.dll,295936,1,,False,False,False,False,True,False,Archive,DosWindows,2001-08-23 18:00:00.0000000,,2001-08-23 18:00:00.0000000,,2004-08-19 17:02:18.6493696,2001-08-23 18:00:00.0000000,2004-08-27 15:08:13.5502032,2004-08-19 00:00:00.0000000,0,37990212,0,,,,/evidence/windows-ntfs-mft-nist/nist-hacking-case.mft,,,
823,823,True,459,459,.\WINDOWS\system32,umpnpmgr.dll,.dll,105472,1,,False,False,False,False,True,False,Archive,DosWindows,2001-08-23 18:00:00.0000000,,2001-08-23 18:00:00.0000000,,2004-08-19 17:02:19.6107520,2001-08-23 18:00:00.0000000,2004-08-27 15:08:13.5502032,2004-08-19 00:00:00.0000000,0,37990273,0,,,,/evidence/windows-ntfs-mft-nist/nist-hacking-case.mft,,,
824,824,True,459,459,.\WINDOWS\system32,lsasrv.dll,.dll,669696,1,,False,False,False,False,True,False,Archive,DosWindows,2001-08-23 18:00:00.0000000,,2001-08-23 18:00:00.0000000,,2004-08-19 17:02:17.1772528,2001-08-23 18:00:00.0000000,2004-08-27 15:08:13.5502032,2004-08-19 00:00:00.0000000,0,37990408,0,,,,/evidence/windows-ntfs-mft-nist/nist-hacking-case.mft,,,
825,825,True,459,459,.\WINDOWS\system32,cryptdll.dll,.dll,29184,1,,False,False,False,False,True,False,Archive,DosWindows,2001-08-23 18:00:00.0000000,,2001-08-23 18:00:00.0000000,,2004-08-19 17:02:15.4347472,2001-08-23 18:00:00.0000000,2004-08-27 15:08:13.5502032,2004-08-19 00:00:00.0000000,0,37990530,0,,,,/evidence/windows-ntfs-mft-nist/nist-hacking-case.mft,,,
826,826,True,459,459,.\WINDOWS\system32,ncobjapi.dll,.dll,42496,1,,False,False,False,False,True,False,Archive,DosWindows,2001-08-23 18:00:00.0000000,,2001-08-23 18:00:00.0000000,,2004-08-19 17:02:17.6779728,2001-08-23 18:00:00.0000000,2004-08-27 15:08:13.5502032,2004-08-19 00:00:00.0000000,0,37990334,0,,,,/evidence/windows-ntfs-mft-nist/nist-hacking-case.mft,,,
827,827,True,459,459,.\WINDOWS\system32,samsrv.dll,.dll,411136,1,,False,False,False,False,True,False,Archive,DosWindows,2001-08-23 18:00:00.0000000,,2001-08-23 18:00:00.0000000,,2004-08-19 17:02:18.6293408,2001-08-23 18:00:00.0000000,2004-08-27 15:08:13.5502032,2004-08-19 00:00:00.0000000,0,37990469,0,,,,/evidence/windows-ntfs-mft-nist/nist-hacking-case.mft,,,
828,828,True,459,459,.\WINDOWS\system32,dnsapi.dll,.dll,139264,1,,False,False,False,False,True,False,Archive,DosWindows,2001-08-23 18:00:00.0000000,,2001-08-23 18:00:00.0000000,,2004-08-19 17:02:15.6550640,2001-08-23 18:00:00.0000000,2004-08-27 15:08:13.5502032,2004-08-19 00:00:00.0000000,0,37990591,0,,,,/evidence/windows-ntfs-mft-nist/nist-hacking-case.mft,,,
829,829,True,459,459,.\WINDOWS\system32,samlib.dll,.dll,54784,1,,False,False,False,False,True,False,Archive,DosWindows,2001-08-23 18:00:00.0000000,,2001-08-23 18:00:00.0000000,,2004-08-19 17:02:18.6193264,2001-08-23 18:00:00.0000000,2004-08-27 15:08:13.5502032,2004-08-19 00:00:00.0000000,0,37990652,0,,,,/evidence/windows-ntfs-mft-nist/nist-hacking-case.mft,,,
830,830,True,459,459,.\WINDOWS\system32,ntdsapi.dll,.dll,64512,1,,False,False,False,False,True,False,Archive,DosWindows,2001-08-23 18:00:00.0000000,,2001-08-23 18:00:00.0000000,,2004-08-19 17:02:17.8382032,2001-08-23 18:00:00.0000000,2004-08-27 15:08:13.5502032,2004-08-19 00:00:00.0000000,0,37990713,0,,,,/evidence/windows-ntfs-mft-nist/nist-hacking-case.mft,,,
831,831,True,459,459,.\WINDOWS\system32,schannel.dll,.dll,133632,1,,False,False,False,False,True,False,Archive,DosWindows,2001-08-23 18:00:00.0000000,,2001-08-23 18:00:00.0000000,,2004-08-19 17:02:18.6493696,2001-08-23 18:00:00.0000000,2004-08-27 15:08:13.5502032,2004-08-19 00:00:00.0000000,0,37990774,0,,,,/evidence/windows-ntfs-mft-nist/nist-hacking-case.mft,,,
832,832,True,459,459,.\WINDOWS\system32,cabinet.dll,.dll,58880,1,,False,False,False,False,True,False,Archive,DosWindows,2001-08-23 18:00:00.0000000,,2001-08-23 18:00:00.0000000,,2004-08-19 17:02:15.0942576,2001-08-23 18:00:00.0000000,2004-08-27 15:31:28.0795056,2004-08-19 00:00:00.0000000,0,39164743,0,,,,/evidence/windows-ntfs-mft-nist/nist-hacking-case.mft,,,
833,833,True,459,459,.\WINDOWS\system32,msprivs.dll,.dll,45056,1,,False,False,False,False,True,False,Archive,DosWindows,2001-08-23 18:00:00.0000000,,2001-08-23 18:00:00.0000000,,2004-08-19 17:02:17.5477856,2001-08-23 18:00:00.0000000,2004-08-27 15:08:13.5502032,2004-08-19 00:00:00.0000000,0,37990896,0,,,,/evidence/windows-ntfs-mft-nist/nist-hacking-case.mft,,,
834,834,True,459,459,.\WINDOWS\system32,kerberos.dll,.dll,265216,1,,False,False,False,False,True,False,Archive,DosWindows,2001-08-23 18:00:00.0000000,,2001-08-23 18:00:00.0000000,,2004-08-19 17:02:17.0771088,2001-08-23 18:00:00.0000000,2004-08-27 15:08:13.5502032,2004-08-19 00:00:00.0000000,0,37990965,0,,,,/evidence/windows-ntfs-mft-nist/nist-hacking-case.mft,,,
835,835,True,459,459,.\WINDOWS\system32,imm32.dll,.dll,96768,1,,False,False,False,False,True,False,Archive,DosWindows,2001-08-23 18:00:00.0000000,,2001-08-23 18:00:00.0000000,,2004-08-19 17:02:16.8567920,2001-08-23 18:00:00.0000000,2004-08-27 15:16:52.5556736,2004-08-19 00:00:00.0000000,0,38966164,0,,,,/evidence/windows-ntfs-mft-nist/nist-hacking-case.mft,,,
836,836,True,459,459,.\WINDOWS\system32,winmm.dll,.dll,170496,1,,False,False,False,False,True,False,Archive,DosWindows,2001-08-23 18:00:00.0000000,,2001-08-23 18:00:00.0000000,,2004-08-19 17:02:20.0614000,2001-08-23 18:00:00.0000000,2004-08-27 15:08:13.5502032,2004-08-19 00:00:00.0000000,0,37991888,0,,,,/evidence/windows-ntfs-mft-nist/nist-hacking-case.mft,,,
837,837,True,459,459,.\WINDOWS\system32,msv1_0.dll,.dll,108032,1,,False,False,False,False,True,False,Archive,DosWindows,2001-08-23 18:00:00.0000000,,2001-08-23 18:00:00.0000000,,2004-08-19 17:02:17.5978576,2001-08-23 18:00:00.0000000,2004-08-27 15:08:13.5502032,2004-08-19 00:00:00.0000000,0,37991026,0,,,,/evidence/windows-ntfs-mft-nist/nist-hacking-case.mft,,,
838,838,True,459,459,.\WINDOWS\system32,netlogon.dll,.dll,397824,1,,False,False,False,False,True,False,Archive,DosWindows,2001-08-23 18:00:00.0000000,,2001-08-23 18:00:00.0000000,,2004-08-19 17:02:17.7180304,2001-08-23 18:00:00.0000000,2004-08-27 15:08:13.5502032,2004-08-19 00:00:00.0000000,0,37991087,0,,,,/evidence/windows-ntfs-mft-nist/nist-hacking-case.mft,,,
839,839,True,459,459,.\WINDOWS\system32,wdigest.dll,.dll,46592,1,,False,False,False,False,True,False,Archive,DosWindows,2001-08-23 18:00:00.0000000,,2001-08-23 18:00:00.0000000,,2004-08-19 17:02:19.9912992,2001-08-23 18:00:00.0000000,2004-08-27 15:08:13.5502032,2004-08-19 00:00:00.0000000,0,37992201,0,,,,/evidence/windows-ntfs-mft-nist/nist-hacking-case.mft,,,
840,840,True,459,459,.\WINDOWS\system32,rsaenh.dll,.dll,131584,1,,False,False,False,False,True,False,Archive,DosWindows,2001-08-23 18:00:00.0000000,,2001-08-23 18:00:00.0000000,,2004-08-19 17:02:18.5692544,2001-08-23 18:00:00.0000000,2004-08-27 15:08:13.5502032,2004-08-19 00:00:00.0000000,0,37992262,0,,,,/evidence/windows-ntfs-mft-nist/nist-hacking-case.mft,,,
841,841,True,459,459,.\WINDOWS\system32,winscard.dll,.dll,93184,1,,False,False,False,False,True,False,Archive,DosWindows,2001-08-23 18:00:00.0000000,,2001-08-23 18:00:00.0000000,,2004-08-19 17:02:20.0714144,2001-08-23 18:00:00.0000000,2004-08-27 15:08:13.5502032,2004-08-19 00:00:00.0000000,0,37992323,0,,,,/evidence/windows-ntfs-mft-nist/nist-hacking-case.mft,,,
842,842,True,459,459,.\WINDOWS\system32,eventlog.dll,.dll,47616,1,,False,False,False,False,True,False,Archive,DosWindows,2001-08-23 18:00:00.0000000,,2001-08-23 18:00:00.0000000,,2004-08-19 17:02:16.4862592,2001-08-23 18:00:00.0000000,2004-08-27 15:08:13.5502032,2004-08-19 00:00:00.0000000,0,37992456,0,,,,/evidence/windows-ntfs-mft-nist/nist-hacking-case.mft,,,
843,843,True,459,459,.\WINDOWS\system32,netevent.dll,.dll,214016,1,,False,False,False,False,True,False,Archive,DosWindows,2001-08-23 18:00:00.0000000,,2001-08-23 18:00:00.0000000,,2004-08-19 17:02:17.7080160,2001-08-23 18:00:00.0000000,2004-08-19 22:45:40.2593504,2004-08-19 00:00:00.0000000,0,36509040,0,,,,/evidence/windows-ntfs-mft-nist/nist-hacking-case.mft,,,
844,844,True,459,459,.\WINDOWS\system32,scecli.dll,.dll,174080,1,,False,False,False,False,True,False,Archive,DosWindows,2001-08-23 18:00:00.0000000,,2001-08-23 18:00:00.0000000,,2004-08-19 17:02:18.6393552,2001-08-23 18:00:00.0000000,2004-08-27 15:08:13.5502032,2004-08-19 00:00:00.0000000,0,37992384,0,,,,/evidence/windows-ntfs-mft-nist/nist-hacking-case.mft,,,
845,845,True,459,459,.\WINDOWS\system32,svchost.exe,.exe,12800,1,,False,False,False,False,True,False,Archive,DosWindows,2001-08-23 18:00:00.0000000,,2001-08-23 18:00:00.0000000,,2004-08-25 15:27:28.1217968,2001-08-23 18:00:00.0000000,2004-08-27 15:08:13.5502032,2004-08-19 00:00:00.0000000,0,37992517,0,,,,/evidence/windows-ntfs-mft-nist/nist-hacking-case.mft,,,
846,846,True,459,459,.\WINDOWS\system32,rpcss.dll,.dll,259072,1,,False,False,False,False,True,False,Archive,DosWindows,2001-08-23 18:00:00.0000000,,2001-08-23 18:00:00.0000000,,2004-08-19 17:02:18.5592400,2001-08-23 18:00:00.0000000,2004-08-27 15:08:13.5502032,2004-08-19 00:00:00.0000000,0,37992578,0,,,,/evidence/windows-ntfs-mft-nist/nist-hacking-case.mft,,,
847,847,True,459,459,.\WINDOWS\system32,mswsock.dll,.dll,228352,1,,False,False,False,False,True,False,Archive,DosWindows,2001-08-23 18:00:00.0000000,,2001-08-23 18:00:00.0000000,,2004-08-19 17:02:17.6379152,2001-08-23 18:00:00.0000000,2004-08-27 15:08:13.5502032,2004-08-19 00:00:00.0000000,0,37992639,0,,,,/evidence/windows-ntfs-mft-nist/nist-hacking-case.mft,,,
848,848,True,459,459,.\WINDOWS\system32,wshtcpip.dll,.dll,17408,1,,False,False,False,False,True,False,Archive,DosWindows,2001-08-23 18:00:00.0000000,,2001-08-23 18:00:00.0000000,,2004-08-19 17:02:20.2116160,2001-08-23 18:00:00.0000000,2004-08-27 15:08:13.5502032,2004-08-19 00:00:00.0000000,0,37992700,0,,,,/evidence/windows-ntfs-mft-nist/nist-hacking-case.mft,,,
849,849,True,459,459,.\WINDOWS\system32,iphlpapi.dll,.dll,77312,1,,False,False,False,False,True,False,Archive,DosWindows,2001-08-23 18:00:00.0000000,,2001-08-23 18:00:00.0000000,,2004-08-19 17:02:16.8868352,2001-08-23 18:00:00.0000000,2004-08-27 15:08:13.5502032,2004-08-19 00:00:00.0000000,0,37991270,0,,,,/evidence/windows-ntfs-mft-nist/nist-hacking-case.mft,,,
850,850,True,459,459,.\WINDOWS\system32,dhcpcsvc.dll,.dll,98816,1,,False,False,False,False,True,False,Archive,DosWindows,2001-08-23 18:00:00.0000000,,2001-08-23 18:00:00.0000000,,2004-08-19 17:02:15.5649344,2001-08-23 18:00:00.0000000,2004-08-27 15:08:13.5502032,2004-08-19 00:00:00.0000000,0,37992079,0,,,,/evidence/windows-ntfs-mft-nist/nist-hacking-case.mft,,,
851,851,True,459,459,.\WINDOWS\system32,winrnr.dll,.dll,14848,1,,False,False,False,False,True,False,Archive,DosWindows,2001-08-23 18:00:00.0000000,,2001-08-23 18:00:00.0000000,,2004-08-19 17:02:20.0714144,2001-08-23 18:00:00.0000000,2004-08-27 15:08:13.5502032,2004-08-19 00:00:00.0000000,0,37992761,0,,,,/evidence/windows-ntfs-mft-nist/nist-hacking-case.mft,,,
852,852,True,459,459,.\WINDOWS\system32,rasadhlp.dll,.dll,6144,1,,False,False,False,False,True,False,Archive,DosWindows,2001-08-23 18:00:00.0000000,,2001-08-23 18:00:00.0000000,,2004-08-19 17:02:18.4590960,2001-08-23 18:00:00.0000000,2004-08-27 15:08:13.5502032,2004-08-19 00:00:00.0000000,0,37992822,0,,,,/evidence/windows-ntfs-mft-nist/nist-hacking-case.mft,,,
853,853,True,459,459,.\WINDOWS\system32,rtutils.dll,.dll,39936,1,,False,False,False,False,True,False,Archive,DosWindows,2001-08-23 18:00:00.0000000,,2001-08-23 18:00:00.0000000,,2004-08-19 17:02:18.6093120,2001-08-23 18:00:00.0000000,2004-08-27 15:08:13.5502032,2004-08-19 00:00:00.0000000,0,37991644,0,,,,/evidence/windows-ntfs-mft-nist/nist-hacking-case.mft,,,
854,854,True,459,459,.\WINDOWS\system32,uxtheme.dll,.dll,202752,1,,False,False,False,False,True,False,Archive,DosWindows,2001-08-23 18:00:00.0000000,,2001-08-23 18:00:00.0000000,,2004-08-19 17:02:19.7209104,2001-08-23 18:00:00.0000000,2004-08-27 15:08:13.5502032,2004-08-19 00:00:00.0000000,0,37992883,0,,,,/evidence/windows-ntfs-mft-nist/nist-hacking-case.mft,,,
855,855,True,459,459,.\WINDOWS\system32,wtsapi32.dll,.dll,16896,1,,False,False,False,False,True,False,Archive,DosWindows,2001-08-23 18:00:00.0000000,,2001-08-23 18:00:00.0000000,,2004-08-19 17:02:20.2216304,2001-08-23 18:00:00.0000000,2004-08-27 15:08:13.5502032,2004-08-19 00:00:00.0000000,0,37992140,0,,,,/evidence/windows-ntfs-mft-nist/nist-hacking-case.mft,,,
856,856,True,459,459,.\WINDOWS\system32,wdmaud.drv,.drv,22016,1,,False,False,False,False,True,False,Archive,DosWindows,2001-08-17 22:37:04.0000000,,2001-08-23 18:00:00.0000000,,2004-08-19 17:02:20.0013136,2001-08-23 18:00:00.0000000,2004-08-27 15:08:18.9079072,2004-08-19 00:00:00.0000000,0,38002707,0,,,,/evidence/windows-ntfs-mft-nist/nist-hacking-case.mft,,,
857,857,True,459,459,.\WINDOWS\system32,dnsrslvr.dll,.dll,44032,1,,False,False,False,False,True,False,Archive,DosWindows,2001-08-23 18:00:00.0000000,,2001-08-23 18:00:00.0000000,,2004-08-19 17:02:15.6550640,2001-08-23 18:00:00.0000000,2004-08-27 15:08:13.5502032,2004-08-19 00:00:00.0000000,0,37992944,0,,,,/evidence/windows-ntfs-mft-nist/nist-hacking-case.mft,,,
858,858,True,459,459,.\WINDOWS\system32,lmhsvc.dll,.dll,12288,1,,False,False,False,False,True,False,Archive,DosWindows,2001-08-23 18:00:00.0000000,,2001-08-23 18:00:00.0000000,,2004-08-19 17:02:17.1171664,2001-08-23 18:00:00.0000000,2004-08-27 15:08:13.5502032,2004-08-19 00:00:00.0000000,0,37993013,0,,,,/evidence/windows-ntfs-mft-nist/nist-hacking-case.mft,,,
859,859,True,459,459,.\WINDOWS\system32,msidle.dll,.dll,5120,1,,False,False,False,False,True,False,Archive,DosWindows,2001-08-23 18:00:00.0000000,,2001-08-23 18:00:00.0000000,,2004-08-19 17:02:17.4776848,2001-08-23 18:00:00.0000000,2004-08-27 15:08:18.8978928,2004-08-19 00:00:00.0000000,0,38002184,0,,,,/evidence/windows-ntfs-mft-nist/nist-hacking-case.mft,,,
860,860,True,459,459,.\WINDOWS\system32,spoolsv.exe,.exe,51200,1,,False,False,False,False,True,False,Archive,DosWindows,2001-08-23 18:00:00.0000000,,2001-08-23 18:00:00.0000000,,2004-08-25 15:27:28.1618544,2001-08-23 18:00:00.0000000,2004-08-27 15:08:18.8978928,2004-08-19 00:00:00.0000000,0,38002113,0,,,,/evidence/windows-ntfs-mft-nist/nist-hacking-case.mft,,,
861,861,True,459,459,.\WINDOWS\system32,ntmarta.dll,.dll,110080,1,,False,False,False,False,True,False,Archive,DosWindows,2001-08-23 18:00:00.0000000,,2001-08-23 18:00:00.0000000,,2004-08-19 17:02:17.8682464,2001-08-23 18:00:00.0000000,2004-08-27 15:08:13.5502032,2004-08-19 00:00:00.0000000,0,37993887,0,,,,/evidence/windows-ntfs-mft-nist/nist-hacking-case.mft,,,
862,862,True,459,459,.\WINDOWS\system32,wkssvc.dll,.dll,120832,1,,False,False,False,False,True,False,Archive,DosWindows,2001-08-23 18:00:00.0000000,,2001-08-23 18:00:00.0000000,,2004-08-19 17:02:20.0914432,2001-08-23 18:00:00.0000000,2004-08-27 15:08:18.8978928,2004-08-19 00:00:00.0000000,0,38002306,0,,,,/evidence/windows-ntfs-mft-nist/nist-hacking-case.mft,,,
863,863,True,459,459,.\WINDOWS\system32,msacm32.drv,.drv,20480,1,,False,False,False,False,True,False,Archive,DosWindows,2001-08-23 18:00:00.0000000,,2001-08-23 18:00:00.0000000,,2004-08-19 17:02:17.3975696,2001-08-23 18:00:00.0000000,2004-08-27 15:08:18.9079072,2004-08-19 00:00:00.0000000,0,38002902,0,,,,/evidence/windows-ntfs-mft-nist/nist-hacking-case.mft,,,
864,864,True,459,459,.\WINDOWS\system32,msacm32.dll,.dll,67072,1,,False,False,False,False,True,False,Archive,DosWindows,2001-08-23 18:00:00.0000000,,2001-08-23 18:00:00.0000000,,2004-08-19 17:02:17.3975696,2001-08-23 18:00:00.0000000,2004-08-27 15:08:18.9079072,2004-08-19 00:00:00.0000000,0,38002963,0,,,,/evidence/windows-ntfs-mft-nist/nist-hacking-case.mft,,,
865,865,True,459,459,.\WINDOWS\system32,audiosrv.dll,.dll,37888,1,,False,False,False,False,True,False,Archive,DosWindows,2001-08-23 18:00:00.0000000,,2001-08-23 18:00:00.0000000,,2004-08-19 17:02:14.9740848,2001-08-23 18:00:00.0000000,2004-08-27 15:08:18.8978928,2004-08-19 00:00:00.0000000,0,38002245,0,,,,/evidence/windows-ntfs-mft-nist/nist-hacking-case.mft,,,
866,866,True,459,459,.\WINDOWS\system32,cfgmgr32.dll,.dll,16896,1,,False,False,False,False,True,False,Archive,DosWindows,2001-08-23 18:00:00.0000000,,2001-08-23 18:00:00.0000000,,2004-08-19 17:02:15.1543440,2001-08-23 18:00:00.0000000,2004-08-27 15:08:51.3437248,2004-08-19 00:00:00.0000000,0,38083752,0,,,,/evidence/windows-ntfs-mft-nist/nist-hacking-case.mft,,,
867,867,True,459,459,.\WINDOWS\system32,es.dll,.dll,224768,1,,False,False,False,False,True,False,Archive,DosWindows,2001-08-23 18:00:00.0000000,,2001-08-23 18:00:00.0000000,,2004-08-19 17:02:16.4662304,2001-08-23 18:00:00.0000000,2004-08-27 15:08:18.9079072,2004-08-19 00:00:00.0000000,0,38003146,0,,,,/evidence/windows-ntfs-mft-nist/nist-hacking-case.mft,,,
868,868,True,459,459,.\WINDOWS\system32,msgsvc.dll,.dll,34304,1,,False,False,False,False,True,False,Archive,DosWindows,2001-08-23 18:00:00.0000000,,2001-08-23 18:00:00.0000000,,2004-08-19 17:02:17.4576560,2001-08-23 18:00:00.0000000,2004-08-27 15:08:18.9079072,2004-08-19 00:00:00.0000000,0,38005193,0,,,,/evidence/windows-ntfs-mft-nist/nist-hacking-case.mft,,,
869,869,True,459,459,.\WINDOWS\system32,netmsg.dll,.dll,171008,1,,False,False,False,False,True,False,Archive,DosWindows,2001-08-23 18:00:00.0000000,,2001-08-23 18:00:00.0000000,,2004-08-19 17:02:17.7180304,2001-08-23 18:00:00.0000000,2004-08-27 15:08:37.1533200,2004-08-19 00:00:00.0000000,0,38713101,0,,,,/evidence/windows-ntfs-mft-nist/nist-hacking-case.mft,,,
870,870,True,459,459,.\WINDOWS\system32,ipsecsvc.dll,.dll,152576,1,,False,False,False,False,True,False,Archive,DosWindows,2001-08-23 18:00:00.0000000,,2001-08-23 18:00:00.0000000,,2004-08-19 17:02:16.9068640,2001-08-23 18:00:00.0000000,2004-08-27 15:08:18.9079072,2004-08-19 00:00:00.0000000,0,38003781,0,,,,/evidence/windows-ntfs-mft-nist/nist-hacking-case.mft,,,
871,871,True,459,459,.\WINDOWS\system32,faultrep.dll,.dll,61952,1,,False,False,False,False,True,False,Archive,DosWindows,2001-08-23 18:00:00.0000000,,2001-08-23 18:00:00.0000000,,2004-08-19 17:02:16.5163024,2001-08-23 18:00:00.0000000,2004-08-25 15:25:47.9978256,2004-08-19 00:00:00.0000000,0,36692680,0,,,,/evidence/windows-ntfs-mft-nist/nist-hacking-case.mft,,,
872,872,True,459,459,.\WINDOWS\system32,oakley.dll,.dll,210432,1,,False,False,False,False,True,False,Archive,DosWindows,2001-08-23 18:00:00.0000000,,2001-08-23 18:00:00.0000000,,2004-08-19 17:02:17.9183184,2001-08-23 18:00:00.0000000,2004-08-27 15:08:18.9079072,2004-08-19 00:00:00.0000000,0,38003964,0,,,,/evidence/windows-ntfs-mft-nist/nist-hacking-case.mft,,,
873,873,True,459,459,.\WINDOWS\system32,regsvc.dll,.dll,51712,1,,False,False,False,False,True,False,Archive,DosWindows,2001-08-23 18:00:00.0000000,,2001-08-23 18:00:00.0000000,,2004-08-19 17:02:18.5191824,2001-08-23 18:00:00.0000000,2004-08-27 15:08:18.9079072,2004-08-19 00:00:00.0000000,0,38003842,0,,,,/evidence/windows-ntfs-mft-nist/nist-hacking-case.mft,,,
874,874,True,459,459,.\WINDOWS\system32,winipsec.dll,.dll,25600,1,,False,False,False,False,True,False,Archive,DosWindows,2001-08-23 18:00:00.0000000,,2001-08-23 18:00:00.0000000,,2004-08-19 17:02:20.0614000,2001-08-23 18:00:00.0000000,2004-08-27 15:08:18.9079072,2004-08-19 00:00:00.0000000,0,38004025,0,,,,/evidence/windows-ntfs-mft-nist/nist-hacking-case.mft,,,
875,875,True,459,459,.\WINDOWS\system32,dmserver.dll,.dll,21504,1,,False,False,False,False,True,False,Archive,DosWindows,2001-08-23 18:00:00.0000000,,2001-08-23 18:00:00.0000000,,2004-08-19 17:02:15.6350352,2001-08-23 18:00:00.0000000,2004-08-19 22:42:47.6010800,2004-08-19 00:00:00.0000000,0,21491394,0,,,,/evidence/windows-ntfs-mft-nist/nist-hacking-case.mft,,,
876,876,True,459,459,.\WINDOWS\system32,webclnt.dll,.dll,61440,1,,False,False,False,False,True,False,Archive,DosWindows,2001-08-23 18:00:00.0000000,,2001-08-23 18:00:00.0000000,,2004-08-19 17:02:20.0013136,2001-08-23 18:00:00.0000000,2004-08-27 15:08:18.9079072,2004-08-19 00:00:00.0000000,0,38003585,0,,,,/evidence/windows-ntfs-mft-nist/nist-hacking-case.mft,,,
877,877,True,459,459,.\WINDOWS\system32,cryptsvc.dll,.dll,51200,1,,False,False,False,False,True,False,Archive,DosWindows,2001-08-23 18:00:00.0000000,,2001-08-23 18:00:00.0000000,,2004-08-19 17:02:15.4347472,2001-08-23 18:00:00.0000000,2004-08-27 15:08:18.9079072,2004-08-19 00:00:00.0000000,0,38003720,0,,,,/evidence/windows-ntfs-mft-nist/nist-hacking-case.mft,,,
878,878,True,459,459,.\WINDOWS\system32,certcli.dll,.dll,184320,1,,False,False,False,False,True,False,Archive,DosWindows,2001-08-23 18:00:00.0000000,,2001-08-23 18:00:00.0000000,,2004-08-19 17:02:15.1443296,2001-08-23 18:00:00.0000000,2004-08-27 15:08:18.9079072,2004-08-19 00:00:00.0000000,0,38003903,0,,,,/evidence/windows-ntfs-mft-nist/nist-hacking-case.mft,,,
879,879,True,459,459,.\WINDOWS\system32,atl.dll,.dll,74802,1,,False,False,False,False,True,False,Archive,DosWindows,2001-08-23 18:00:00.0000000,,2001-08-23 18:00:00.0000000,,2004-08-19 17:02:14.9540560,2001-08-23 18:00:00.0000000,2004-08-27 15:08:13.5502032,2004-08-19 00:00:00.0000000,0,37991583,0,,,,/evidence/windows-ntfs-mft-nist/nist-hacking-case.mft,,,
880,880,True,459,459,.\WINDOWS\system32,esent.dll,.dll,1018368,1,,False,False,False,False,True,False,Archive,DosWindows,2001-08-23 18:00:00.0000000,,2001-08-23 18:00:00.0000000,,2004-08-19 17:02:16.4662304,2001-08-23 18:00:00.0000000,2004-08-27 15:08:18.9079072,2004-08-19 00:00:00.0000000,0,38004147,0,,,,/evidence/windows-ntfs-mft-nist/nist-hacking-case.mft,,,
881,881,True,459,459,.\WINDOWS\system32,pstorsvc.dll,.dll,25600,1,,False,False,False,False,True,False,Archive,DosWindows,2001-08-23 18:00:00.0000000,,2001-08-23 18:00:00.0000000,,2004-08-19 17:02:18.4190384,2001-08-23 18:00:00.0000000,2004-08-27 15:08:18.9079072,2004-08-19 00:00:00.0000000,0,38004208,0,,,,/evidence/windows-ntfs-mft-nist/nist-hacking-case.mft,,,
882,882,True,459,459,.\WINDOWS\system32,drprov.dll,.dll,11776,1,,False,False,False,False,True,False,Archive,DosWindows,2001-08-23 18:00:00.0000000,,2001-08-23 18:00:00.0000000,,2004-08-19 17:02:16.3861152,2001-08-23 18:00:00.0000000,2004-08-27 15:09:13.0349152,2004-08-19 00:00:00.0000000,0,38110615,0,,,,/evidence/windows-ntfs-mft-nist/nist-hacking-case.mft,,,
883,883,True,459,459,.\WINDOWS\system32,psbase.dll,.dll,82944,1,,False,False,False,False,True,False,Archive,DosWindows,2001-08-23 18:00:00.0000000,,2001-08-23 18:00:00.0000000,,2004-08-19 17:02:18.3990096,2001-08-23 18:00:00.0000000,2004-08-27 15:08:18.9079072,2004-08-19 00:00:00.0000000,0,38004338,0,,,,/evidence/windows-ntfs-mft-nist/nist-hacking-case.mft,,,
884,884,True,459,459,.\WINDOWS\system32,ntlanman.dll,.dll,38400,1,,False,False,False,False,True,False,Archive,DosWindows,2001-08-23 18:00:00.0000000,,2001-08-23 18:00:00.0000000,,2004-08-19 17:02:17.8582320,2001-08-23 18:00:00.0000000,2004-08-27 15:09:13.0449296,2004-08-19 00:00:00.0000000,0,38110676,0,,,,/evidence/windows-ntfs-mft-nist/nist-hacking-case.mft,,,
885,885,True,459,459,.\WINDOWS\system32,netui0.dll,.dll,74752,1,,False,False,False,False,True,False,Archive,DosWindows,2001-08-23 18:00:00.0000000,,2001-08-23 18:00:00.0000000,,2004-08-19 17:02:17.7380592,2001-08-23 18:00:00.0000000,2004-08-27 15:09:13.0549440,2004-08-19 00:00:00.0000000,0,38110745,0,,,,/evidence/windows-ntfs-mft-nist/nist-hacking-case.mft,,,
886,886,True,459,459,.\WINDOWS\system32,netui1.dll,.dll,230400,1,,False,False,False,False,True,False,Archive,DosWindows,2001-08-23 18:00:00.0000000,,2001-08-23 18:00:00.0000000,,2004-08-19 17:02:17.7380592,2001-08-23 18:00:00.0000000,2004-08-27 15:09:13.0549440,2004-08-19 00:00:00.0000000,0,38110806,0,,,,/evidence/windows-ntfs-mft-nist/nist-hacking-case.mft,,,
887,887,True,459,459,.\WINDOWS\system32,w32time.dll,.dll,165376,1,,False,False,False,False,True,False,Archive,DosWindows,2001-08-23 18:00:00.0000000,,2001-08-23 18:00:00.0000000,,2004-08-19 17:02:19.7809968,2001-08-23 18:00:00.0000000,2004-08-27 15:08:13.5502032,2004-08-19 00:00:00.0000000,0,37991148,0,,,,/evidence/windows-ntfs-mft-nist/nist-hacking-case.mft,,,
888,888,True,459,459,.\WINDOWS\system32,netrap.dll,.dll,10752,1,,False,False,False,False,True,False,Archive,DosWindows,2001-08-23 18:00:00.0000000,,2001-08-23 18:00:00.0000000,,2004-08-19 17:02:17.7280448,2001-08-23 18:00:00.0000000,2004-08-27 15:08:18.9079072,2004-08-19 00:00:00.0000000,0,38006925,0,,,,/evidence/windows-ntfs-mft-nist/nist-hacking-case.mft,,,
889,889,True,459,459,.\WINDOWS\system32,msvcp60.dll,.dll,401462,1,,False,False,False,False,True,False,Archive,DosWindows,2001-08-23 18:00:00.0000000,,2001-08-23 18:00:00.0000000,,2004-08-19 17:02:17.6078720,2001-08-23 18:00:00.0000000,2004-08-27 15:08:13.5502032,2004-08-19 00:00:00.0000000,0,37991209,0,,,,/evidence/windows-ntfs-mft-nist/nist-hacking-case.mft,,,
890,890,True,459,459,.\WINDOWS\system32,wpa.dbl,.dbl,2184,1,,False,False,False,False,True,False,Archive,DosWindows,2001-08-23 18:00:00.0000000,,2004-08-27 15:08:22.7233936,2001-08-23 18:00:00.0000000,2004-08-27 15:08:22.7233936,2001-08-23 18:00:00.0000000,2004-08-27 15:08:24.6962304,2004-08-19 00:00:00.0000000,0,38621778,0,,,,/evidence/windows-ntfs-mft-nist/nist-hacking-case.mft,,,
891,891,True,459,459,.\WINDOWS\system32,davclnt.dll,.dll,22016,1,,False,False,False,False,True,False,Archive,DosWindows,2001-08-23 18:00:00.0000000,,2001-08-23 18:00:00.0000000,,2004-08-19 17:02:15.4848192,2001-08-23 18:00:00.0000000,2004-08-27 15:09:13.0849872,2004-08-19 00:00:00.0000000,0,38110867,0,,,,/evidence/windows-ntfs-mft-nist/nist-hacking-case.mft,,,
892,892,True,459,459,.\WINDOWS\system32,dssenh.dll,.dll,122880,1,,False,False,False,False,True,False,Archive,DosWindows,2001-08-23 18:00:00.0000000,,2001-08-23 18:00:00.0000000,,2004-08-19 17:02:16.4161584,2001-08-23 18:00:00.0000000,2004-08-27 15:08:18.9079072,2004-08-19 00:00:00.0000000,0,38004399,0,,,,/evidence/windows-ntfs-mft-nist/nist-hacking-case.mft,,,
893,893,True,459,459,.\WINDOWS\system32,wsock32.dll,.dll,21504,1,,False,False,False,False,True,False,Archive,DosWindows,2001-08-23 18:00:00.0000000,,2001-08-23 18:00:00.0000000,,2004-08-19 17:02:20.2116160,2001-08-23 18:00:00.0000000,2004-08-27 15:08:18.9079072,2004-08-19 00:00:00.0000000,0,38003646,0,,,,/evidence/windows-ntfs-mft-nist/nist-hacking-case.mft,,,
894,894,True,459,459,.\WINDOWS\system32,icmp.dll,.dll,3072,1,,False,False,False,False,True,False,Archive,DosWindows,2001-08-23 18:00:00.0000000,,2001-08-23 18:00:00.0000000,,2004-08-19 17:02:16.7566480,2001-08-23 18:00:00.0000000,2004-08-27 15:08:18.9079072,2004-08-19 00:00:00.0000000,0,38007047,0,,,,/evidence/windows-ntfs-mft-nist/nist-hacking-case.mft,,,
895,895,True,459,459,.\WINDOWS\system32,mprapi.dll,.dll,79360,1,,False,False,False,False,True,False,Archive,DosWindows,2001-08-23 18:00:00.0000000,,2001-08-23 18:00:00.0000000,,2004-08-19 17:02:17.3274688,2001-08-23 18:00:00.0000000,2004-08-27 15:08:13.5502032,2004-08-19 00:00:00.0000000,0,37991392,0,,,,/evidence/windows-ntfs-mft-nist/nist-hacking-case.mft,,,
896,896,True,459,459,.\WINDOWS\system32,activeds.dll,.dll,181760,1,,False,False,False,False,True,False,Archive,DosWindows,2001-08-23 18:00:00.0000000,,2001-08-23 18:00:00.0000000,,2004-08-19 17:02:14.7337392,2001-08-23 18:00:00.0000000,2004-08-27 15:08:13.5502032,2004-08-19 00:00:00.0000000,0,37991461,0,,,,/evidence/windows-ntfs-mft-nist/nist-hacking-case.mft,,,
897,897,True,459,459,.\WINDOWS\system32,adsldpc.dll,.dll,139264,1,,False,False,False,False,True,False,Archive,DosWindows,2001-08-23 18:00:00.0000000,,2001-08-23 18:00:00.0000000,,2004-08-19 17:02:14.7537680,2001-08-23 18:00:00.0000000,2004-08-27 15:08:13.5502032,2004-08-19 00:00:00.0000000,0,37991522,0,,,,/evidence/windows-ntfs-mft-nist/nist-hacking-case.mft,,,
898,898,True,459,459,.\WINDOWS\system32,trkwks.dll,.dll,80384,1,,False,False,False,False,True,False,Archive,DosWindows,2001-08-23 18:00:00.0000000,,2001-08-23 18:00:00.0000000,,2004-08-19 17:02:19.5807088,2001-08-23 18:00:00.0000000,2004-08-27 15:08:18.9079072,2004-08-19 00:00:00.0000000,0,38005004,0,,,,/evidence/windows-ntfs-mft-nist/nist-hacking-case.mft,,,
899,899,True,459,459,.\WINDOWS\system32,seclogon.dll,.dll,20992,1,,False,False,False,False,True,False,Archive,DosWindows,2001-08-23 18:00:00.0000000,,2001-08-23 18:00:00.0000000,,2004-08-19 17:02:18.6693984,2001-08-23 18:00:00.0000000,2004-08-27 15:08:18.9079072,2004-08-19 00:00:00.0000000,0,38005132,0,,,,/evidence/windows-ntfs-mft-nist/nist-hacking-case.mft,,,
900,900,True,459,459,.\WINDOWS\system32,srvsvc.dll,.dll,87040,1,,False,False,False,False,True,False,Archive,DosWindows,2001-08-23 18:00:00.0000000,,2001-08-23 18:00:00.0000000,,2004-08-19 17:02:19.2802768,2001-08-23 18:00:00.0000000,2004-08-27 15:08:18.9079072,2004-08-19 00:00:00.0000000,0,38005267,0,,,,/evidence/windows-ntfs-mft-nist/nist-hacking-case.mft,,,
901,901,True,459,459,.\WINDOWS\system32,sens.dll,.dll,35840,1,,False,False,False,False,True,False,Archive,DosWindows,2001-08-23 18:00:00.0000000,,2001-08-23 18:00:00.0000000,,2004-08-19 17:02:18.6894272,2001-08-23 18:00:00.0000000,2004-08-27 15:08:18.9079072,2004-08-19 00:00:00.0000000,0,38005450,0,,,,/evidence/windows-ntfs-mft-nist/nist-hacking-case.mft,,,
902,902,True,459,459,.\WINDOWS\system32,mspmspsv.dll,.dll,47104,1,,False,False,False,False,True,False,Archive,DosWindows,2001-08-23 18:00:00.0000000,,2001-08-23 18:00:00.0000000,,2004-08-19 17:02:17.5377712,2001-08-23 18:00:00.0000000,2004-08-27 15:08:18.9079072,2004-08-19 00:00:00.0000000,0,38004527,0,,,,/evidence/windows-ntfs-mft-nist/nist-hacking-case.mft,,,
903,903,True,459,459,.\WINDOWS\system32,shfolder.dll,.dll,22528,1,,False,False,False,False,True,False,Archive,DosWindows,2001-08-23 18:00:00.0000000,,2001-08-23 18:00:00.0000000,,2004-08-19 17:02:18.7394992,2001-08-23 18:00:00.0000000,2004-08-25 15:25:51.0021456,2004-08-19 00:00:00.0000000,0,36695483,0,,,,/evidence/windows-ntfs-mft-nist/nist-hacking-case.mft,,,
904,904,True,459,459,.\WINDOWS\system32,browser.dll,.dll,49152,1,,False,False,False,False,True,False,Archive,DosWindows,2001-08-23 18:00:00.0000000,,2001-08-23 18:00:00.0000000,,2004-08-19 17:02:15.0141424,2001-08-23 18:00:00.0000000,2004-08-27 15:08:18.9079072,2004-08-19 00:00:00.0000000,0,38005511,0,,,,/evidence/windows-ntfs-mft-nist/nist-hacking-case.mft,,,
905,905,True,459,459,.\WINDOWS\system32,stdole2.tlb,.tlb,17920,1,,False,False,False,False,True,False,None,DosWindows,2001-08-23 18:00:00.0000000,,2001-08-23 18:00:00.0000000,,2004-08-20 15:13:06.0623824,2001-08-23 18:00:00.0000000,2004-08-27 15:32:57.1266992,2004-08-19 00:00:00.0000000,0,39297415,0,,,,/evidence/windows-ntfs-mft-nist/nist-hacking-case.mft,,,
906,906,True,459,459,.\WINDOWS\system32,rasapi32.dll,.dll,214528,1,,False,False,False,False,True,False,Archive,DosWindows,2001-08-23 18:00:00.0000000,,2001-08-23 18:00:00.0000000,,2004-08-19 17:02:18.4590960,2001-08-23 18:00:00.0000000,2004-08-27 15:08:13.5502032,2004-08-19 00:00:00.0000000,0,37991705,0,,,,/evidence/windows-ntfs-mft-nist/nist-hacking-case.mft,,,
907,907,True,459,459,.\WINDOWS\system32,rasman.dll,.dll,55808,1,,False,False,False,False,True,False,Archive,DosWindows,2001-08-23 18:00:00.0000000,,2001-08-23 18:00:00.0000000,,2004-08-19 17:02:18.4791248,2001-08-23 18:00:00.0000000,2004-08-27 15:08:13.5502032,2004-08-19 00:00:00.0000000,0,37991766,0,,,,/evidence/windows-ntfs-mft-nist/nist-hacking-case.mft,,,
908,908,True,459,459,.\WINDOWS\system32,tapi32.dll,.dll,163328,1,,False,False,False,False,True,False,Archive,DosWindows,2001-08-23 18:00:00.0000000,,2001-08-23 18:00:00.0000000,,2004-08-19 17:02:19.5005936,2001-08-23 18:00:00.0000000,2004-08-27 15:08:13.5502032,2004-08-19 00:00:00.0000000,0,37991827,0,,,,/evidence/windows-ntfs-mft-nist/nist-hacking-case.mft,,,
909,909,True,459,459,.\WINDOWS\system32,sensapi.dll,.dll,6144,1,,False,False,False,False,True,False,Archive,DosWindows,2001-08-23 18:00:00.0000000,,2001-08-23 18:00:00.0000000,,2004-08-19 17:02:18.6894272,2001-08-23 18:00:00.0000000,2004-08-27 15:08:18.9079072,2004-08-19 00:00:00.0000000,0,38006218,0,,,,/evidence/windows-ntfs-mft-nist/nist-hacking-case.mft,,,
910,910,True,459,459,.\WINDOWS\system32,cscdll.dll,.dll,89600,1,,False,False,False,False,True,False,Archive,DosWindows,2001-08-23 18:00:00.0000000,,2001-08-23 18:00:00.0000000,,2004-08-19 17:02:15.4447616,2001-08-23 18:00:00.0000000,2004-08-27 15:08:13.5502032,2004-08-19 00:00:00.0000000,0,37993135,0,,,,/evidence/windows-ntfs-mft-nist/nist-hacking-case.mft,,,
911,911,True,459,459,.\WINDOWS\system32,wlnotify.dll,.dll,86016,1,,False,False,False,False,True,False,Archive,DosWindows,2001-08-23 18:00:00.0000000,,2001-08-23 18:00:00.0000000,,2004-08-19 17:02:20.1014576,2001-08-23 18:00:00.0000000,2004-08-27 15:08:13.5502032,2004-08-19 00:00:00.0000000,0,37993196,0,,,,/evidence/windows-ntfs-mft-nist/nist-hacking-case.mft,,,
912,912,True,459,459,.\WINDOWS\system32,winspool.drv,.drv,131584,1,,False,False,False,False,True,False,Archive,DosWindows,2001-08-23 18:00:00.0000000,,2001-08-23 18:00:00.0000000,,2004-08-19 17:02:20.0814288,2001-08-23 18:00:00.0000000,2004-08-27 15:08:13.5502032,2004-08-19 00:00:00.0000000,0,37993257,0,,,,/evidence/windows-ntfs-mft-nist/nist-hacking-case.mft,,,
913,913,True,459,459,.\WINDOWS\system32,cscui.dll,.dll,305664,1,,False,False,False,False,True,False,Archive,DosWindows,2001-08-23 18:00:00.0000000,,2001-08-23 18:00:00.0000000,,2004-08-19 17:02:15.4447616,2001-08-23 18:00:00.0000000,2004-08-27 15:08:13.5502032,2004-08-19 00:00:00.0000000,0,37993948,0,,,,/evidence/windows-ntfs-mft-nist/nist-hacking-case.mft,,,
914,914,True,459,459,.\WINDOWS\system32,powrprof.dll,.dll,14848,1,,False,False,False,False,True,False,Archive,DosWindows,2001-08-23 18:00:00.0000000,,2001-08-23 18:00:00.0000000,,2004-08-19 17:02:18.3589520,2001-08-23 18:00:00.0000000,2004-08-27 15:08:13.5502032,2004-08-19 00:00:00.0000000,0,37994017,0,,,,/evidence/windows-ntfs-mft-nist/nist-hacking-case.mft,,,
915,915,True,459,459,.\WINDOWS\system32,licdll.dll,.dll,308736,1,,False,False,False,False,True,False,Archive,DosWindows,2001-08-23 18:00:00.0000000,,2001-08-23 18:00:00.0000000,,2004-08-19 17:02:17.1071520,2001-08-23 18:00:00.0000000,2004-08-19 22:51:42.5136816,2004-08-19 00:00:00.0000000,0,27019711,0,,,,/evidence/windows-ntfs-mft-nist/nist-hacking-case.mft,,,
916,916,True,459,459,.\WINDOWS\system32,dpcdll.dll,.dll,116736,1,,False,False,False,False,True,False,Archive,DosWindows,2001-08-23 18:00:00.0000000,,2001-08-23 18:00:00.0000000,,2004-08-19 17:02:15.6650784,2001-08-23 18:00:00.0000000,2004-08-27 15:08:24.5760576,2004-08-19 00:00:00.0000000,0,38449715,0,,,,/evidence/windows-ntfs-mft-nist/nist-hacking-case.mft,,,
917,917,True,459,459,.\WINDOWS\system32,userinit.exe,.exe,21504,1,,False,False,False,False,True,False,Archive,DosWindows,2001-08-23 18:00:00.0000000,,2001-08-23 18:00:00.0000000,,2004-08-19 17:02:19.6708384,2001-08-23 18:00:00.0000000,2004-08-27 15:08:25.1068208,2004-08-19 00:00:00.0000000,0,38773075,0,,,,/evidence/windows-ntfs-mft-nist/nist-hacking-case.mft,,,
918,918,True,459,459,.\WINDOWS\system32,spoolss.dll,.dll,66560,1,,False,False,False,False,True,False,Archive,DosWindows,2001-08-23 18:00:00.0000000,,2001-08-23 18:00:00.0000000,,2004-08-19 17:02:19.2602480,2001-08-23 18:00:00.0000000,2004-08-27 15:08:18.8978928,2004-08-19 00:00:00.0000000,0,38002367,0,,,,/evidence/windows-ntfs-mft-nist/nist-hacking-case.mft,,,
919,919,True,459,459,.\WINDOWS\system32,mstlsapi.dll,.dll,103936,1,,False,False,False,False,True,False,Archive,DosWindows,2001-08-23 18:00:00.0000000,,2001-08-23 18:00:00.0000000,,2004-08-19 17:02:17.5878432,2001-08-23 18:00:00.0000000,2004-08-27 15:08:18.9079072,2004-08-19 00:00:00.0000000,0,38005706,0,,,,/evidence/windows-ntfs-mft-nist/nist-hacking-case.mft,,,
920,920,True,459,459,.\WINDOWS\system32,browseui.dll,.dll,1020416,1,,False,False,False,False,True,False,Archive,DosWindows,2001-08-23 18:00:00.0000000,,2001-08-23 18:00:00.0000000,,2004-08-19 17:02:15.0141424,2001-08-23 18:00:00.0000000,2004-08-27 15:08:18.8978928,2004-08-19 00:00:00.0000000,0,38001991,0,,,,/evidence/windows-ntfs-mft-nist/nist-hacking-case.mft,,,
921,921,True,459,459,.\WINDOWS\system32,localspl.dll,.dll,292352,1,,False,False,False,False,True,False,Archive,DosWindows,2001-08-23 18:00:00.0000000,,2001-08-23 18:00:00.0000000,,2004-08-19 17:02:17.1472096,2001-08-23 18:00:00.0000000,2004-08-27 15:08:18.9079072,2004-08-19 00:00:00.0000000,0,38006480,0,,,,/evidence/windows-ntfs-mft-nist/nist-hacking-case.mft,,,
922,922,True,459,459,.\WINDOWS\system32,shdocvw.dll,.dll,1338880,1,,False,False,False,False,True,False,Archive,DosWindows,2001-08-23 18:00:00.0000000,,2001-08-23 18:00:00.0000000,,2004-08-19 17:02:18.7294848,2001-08-23 18:00:00.0000000,2004-08-27 15:08:18.8978928,2004-08-19 00:00:00.0000000,0,38002052,0,,,,/evidence/windows-ntfs-mft-nist/nist-hacking-case.mft,,,
923,923,True,459,459,.\WINDOWS\system32,cnbjmon.dll,.dll,45568,1,,False,False,False,False,True,False,Archive,DosWindows,2001-08-17 22:36:10.0000000,,2001-08-23 18:00:00.0000000,,2004-08-19 17:02:15.2144304,2001-08-23 18:00:00.0000000,2004-08-27 15:08:18.9079072,2004-08-19 00:00:00.0000000,0,38006541,0,,,,/evidence/windows-ntfs-mft-nist/nist-hacking-case.mft,,,
924,924,True,459,459,.\WINDOWS\system32,pjlmon.dll,.dll,12800,1,,False,False,False,False,True,False,Archive,DosWindows,2001-08-17 22:36:28.0000000,,2001-08-23 18:00:00.0000000,,2004-08-19 17:02:18.3489376,2001-08-23 18:00:00.0000000,2004-08-27 15:08:18.9079072,2004-08-19 00:00:00.0000000,0,38006669,0,,,,/evidence/windows-ntfs-mft-nist/nist-hacking-case.mft,,,
925,925,True,459,459,.\WINDOWS\system32,tcpmon.dll,.dll,40448,1,,False,False,False,False,True,False,Archive,DosWindows,2001-08-23 18:00:00.0000000,,2001-08-23 18:00:00.0000000,,2004-08-19 17:02:19.5306368,2001-08-23 18:00:00.0000000,2004-08-27 15:08:18.9079072,2004-08-19 00:00:00.0000000,0,38006730,0,,,,/evidence/windows-ntfs-mft-nist/nist-hacking-case.mft,,,
926,926,True,459,459,.\WINDOWS\system32,usbmon.dll,.dll,14848,1,,False,False,False,False,True,False,Archive,DosWindows,2001-08-23 18:00:00.0000000,,2001-08-23 18:00:00.0000000,,2004-08-19 17:02:19.6608240,2001-08-23 18:00:00.0000000,2004-08-27 15:08:18.9079072,2004-08-19 00:00:00.0000000,0,38006803,0,,,,/evidence/windows-ntfs-mft-nist/nist-hacking-case.mft,,,
927,927,True,459,459,.\WINDOWS\system32,tsddd.dll,.dll,8456,1,,False,False,False,False,True,False,Archive,DosWindows,2001-08-23 18:00:00.0000000,,2001-08-23 18:00:00.0000000,,2004-08-19 17:02:19.5907232,2001-08-23 18:00:00.0000000,2004-08-19 22:47:38.0186800,2004-08-19 00:00:00.0000000,0,25745263,0,,,,/evidence/windows-ntfs-mft-nist/nist-hacking-case.mft,,,
928,928,True,459,459,.\WINDOWS\system32,rdpdd.dll,.dll,87048,1,,False,False,False,False,True,False,Archive,DosWindows,2001-08-23 18:00:00.0000000,,2001-08-23 18:00:00.0000000,,2004-08-19 17:02:18.5091680,2001-08-23 18:00:00.0000000,2004-08-19 22:46:25.3241504,2004-08-19 00:00:00.0000000,0,24061059,0,,,,/evidence/windows-ntfs-mft-nist/nist-hacking-case.mft,,,
929,929,True,459,459,.\WINDOWS\system32,win32spl.dll,.dll,95232,1,,False,False,False,False,True,False,Archive,DosWindows,2001-08-23 18:00:00.0000000,,2001-08-23 18:00:00.0000000,,2004-08-19 17:02:20.0413712,2001-08-23 18:00:00.0000000,2004-08-27 15:08:18.9079072,2004-08-19 00:00:00.0000000,0,38006864,0,,,,/evidence/windows-ntfs-mft-nist/nist-hacking-case.mft,,,
930,930,True,459,459,.\WINDOWS\system32,inetpp.dll,.dll,68096,1,,False,False,False,False,True,False,Archive,DosWindows,2001-08-23 18:00:00.0000000,,2001-08-23 18:00:00.0000000,,2004-08-19 17:02:16.8668064,2001-08-23 18:00:00.0000000,2004-08-27 15:08:18.9079072,2004-08-19 00:00:00.0000000,0,38006986,0,,,,/evidence/windows-ntfs-mft-nist/nist-hacking-case.mft,,,
931,931,True,459,459,.\WINDOWS\system32,desk.cpl,.cpl,130048,1,,False,False,False,False,True,False,Archive,DosWindows,2001-08-23 18:00:00.0000000,,2001-08-23 18:00:00.0000000,,2004-08-19 23:05:50.4120704,2001-08-23 18:00:00.0000000,2004-08-27 15:08:25.4673392,2004-08-19 00:00:00.0000000,0,38610147,0,,,,/evidence/windows-ntfs-mft-nist/nist-hacking-case.mft,,,
932,932,True,459,459,.\WINDOWS\system32,themeui.dll,.dll,383488,1,,False,False,False,False,True,False,Archive,DosWindows,2001-08-23 18:00:00.0000000,,2001-08-23 18:00:00.0000000,,2004-08-19 17:02:19.5506656,2001-08-23 18:00:00.0000000,2004-08-27 15:08:18.8978928,2004-08-19 00:00:00.0000000,0,38002489,0,,,,/evidence/windows-ntfs-mft-nist/nist-hacking-case.mft,,,
933,933,True,459,459,.\WINDOWS\system32,msimg32.dll,.dll,4608,1,,False,False,False,False,True,False,Archive,DosWindows,2001-08-23 18:00:00.0000000,,2001-08-23 18:00:00.0000000,,2004-08-19 17:02:17.4876992,2001-08-23 18:00:00.0000000,2004-08-27 15:08:13.5502032,2004-08-19 00:00:00.0000000,0,37993509,0,,,,/evidence/windows-ntfs-mft-nist/nist-hacking-case.mft,,,
934,934,True,459,459,.\WINDOWS\system32,msi.dll,.dll,2044928,1,,False,False,False,False,True,False,Archive,DosWindows,2001-08-23 18:00:00.0000000,,2001-08-23 18:00:00.0000000,,2004-08-19 17:02:17.4776848,2001-08-23 18:00:00.0000000,2004-08-27 15:14:44.7218576,2004-08-19 00:00:00.0000000,0,38362022,0,,,,/evidence/windows-ntfs-mft-nist/nist-hacking-case.mft,,,
935,935,True,459,459,.\WINDOWS\system32,authz.dll,.dll,51200,1,,False,False,False,False,True,False,Archive,DosWindows,2001-08-23 18:00:00.0000000,,2001-08-23 18:00:00.0000000,,2004-08-19 17:02:14.9740848,2001-08-23 18:00:00.0000000,2004-08-27 15:08:13.5401888,2004-08-19 00:00:00.0000000,0,37988780,0,,,,/evidence/windows-ntfs-mft-nist/nist-hacking-case.mft,,,
936,936,True,459,459,.\WINDOWS\system32,aclui.dll,.dll,107008,1,,False,False,False,False,True,False,Archive,DosWindows,2001-08-23 18:00:00.0000000,,2001-08-23 18:00:00.0000000,,2004-08-19 17:02:14.7337392,2001-08-23 18:00:00.0000000,2004-08-19 22:41:44.6705904,2004-08-19 00:00:00.0000000,0,19925882,0,,,,/evidence/windows-ntfs-mft-nist/nist-hacking-case.mft,,,
937,937,True,459,459,.\WINDOWS\system32,ulib.dll,.dll,268800,1,,False,False,False,False,True,False,Archive,DosWindows,2001-08-23 18:00:00.0000000,,2001-08-23 18:00:00.0000000,,2004-08-19 17:02:19.6107520,2001-08-23 18:00:00.0000000,2004-08-19 22:47:41.5437488,2004-08-19 00:00:00.0000000,0,25756182,0,,,,/evidence/windows-ntfs-mft-nist/nist-hacking-case.mft,,,
938,938,True,459,459,.\WINDOWS\system32,clb.dll,.dll,10752,1,,False,False,False,False,True,False,Archive,DosWindows,2001-08-23 18:00:00.0000000,,2001-08-23 18:00:00.0000000,,2004-08-19 17:02:15.1743728,2001-08-23 18:00:00.0000000,2004-08-19 22:42:21.2431792,2004-08-19 00:00:00.0000000,0,21019144,0,,,,/evidence/windows-ntfs-mft-nist/nist-hacking-case.mft,,,
939,939,True,459,459,.\WINDOWS\system32,actxprxy.dll,.dll,98304,1,,False,False,False,False,True,False,Archive,DosWindows,2001-08-23 18:00:00.0000000,,2001-08-23 18:00:00.0000000,,2004-08-19 17:02:14.7437536,2001-08-23 18:00:00.0000000,2004-08-27 15:08:18.9079072,2004-08-19 00:00:00.0000000,0,38002550,0,,,,/evidence/windows-ntfs-mft-nist/nist-hacking-case.mft,,,
940,940,True,459,459,.\WINDOWS\system32,ie4uinit.exe,.exe,28160,1,,False,False,False,False,True,False,Archive,DosWindows,2001-08-23 18:00:00.0000000,,2001-08-23 18:00:00.0000000,,2004-08-19 23:04:14.6343488,2001-08-23 18:00:00.0000000,2004-08-19 23:04:14.6543776,2004-08-19 00:00:00.0000000,0,36696671,0,,,,/evidence/windows-ntfs-mft-nist/nist-hacking-case.mft,,,
941,941,True,459,459,.\WINDOWS\system32,advpack.dll,.dll,91136,1,,False,False,False,False,True,False,Archive,DosWindows,2001-08-23 18:00:00.0000000,,2001-08-23 18:00:00.0000000,,2004-08-19 17:02:14.7737968,2001-08-23 18:00:00.0000000,2004-08-27 15:08:18.9079072,2004-08-19 00:00:00.0000000,0,38004655,0,,,,/evidence/windows-ntfs-mft-nist/nist-hacking-case.mft,,,
942,942,True,459,459,.\WINDOWS\system32,cmd.exe,.exe,375808,1,,False,False,False,False,True,False,Archive,DosWindows,2001-08-23 18:00:00.0000000,,2001-08-23 18:00:00.0000000,,2004-08-27 15:14:58.3414416,2001-08-23 18:00:00.0000000,2004-08-27 15:14:58.3314272,2004-08-19 00:00:00.0000000,0,38382617,0,,,,/evidence/windows-ntfs-mft-nist/nist-hacking-case.mft,,,
943,943,True,459,459,.\WINDOWS\system32,linkinfo.dll,.dll,15360,1,,False,False,False,False,True,False,Archive,DosWindows,2001-08-23 18:00:00.0000000,,2001-08-23 18:00:00.0000000,,2004-08-19 17:02:17.1171664,2001-08-23 18:00:00.0000000,2004-08-27 15:08:18.9079072,2004-08-19 00:00:00.0000000,0,38003219,0,,,,/evidence/windows-ntfs-mft-nist/nist-hacking-case.mft,,,
944,944,True,459,459,.\WINDOWS\system32,ntshrui.dll,.dll,137216,1,,False,False,False,False,True,False,Archive,DosWindows,2001-08-23 18:00:00.0000000,,2001-08-23 18:00:00.0000000,,2004-08-19 17:02:17.8882752,2001-08-23 18:00:00.0000000,2004-08-27 15:08:18.9079072,2004-08-19 00:00:00.0000000,0,38003085,0,,,,/evidence/windows-ntfs-mft-nist/nist-hacking-case.mft,,,
945,945,True,459,459,.\WINDOWS\system32,wmvcore.dll,.dll,1216512,1,,False,False,False,False,True,False,Archive,DosWindows,2001-08-23 18:00:00.0000000,,2001-08-23 18:00:00.0000000,,2004-08-19 17:02:20.1515296,2001-08-23 18:00:00.0000000,2004-08-19 22:51:41.3820544,2004-08-19 00:00:00.0000000,0,36817855,0,,,,/evidence/windows-ntfs-mft-nist/nist-hacking-case.mft,,,
946,946,True,459,459,.\WINDOWS\system32,wmasf.dll,.dll,274432,1,,False,False,False,False,True,False,Archive,DosWindows,2001-08-23 18:00:00.0000000,,2001-08-23 18:00:00.0000000,,2004-08-19 17:02:20.1114720,2001-08-23 18:00:00.0000000,2004-08-19 22:51:41.3920688,2004-08-19 00:00:00.0000000,0,36821531,0,,,,/evidence/windows-ntfs-mft-nist/nist-hacking-case.mft,,,
947,947,True,459,459,.\WINDOWS\system32,avifil32.dll,.dll,76288,1,,False,False,False,False,True,False,Archive,DosWindows,2001-08-23 18:00:00.0000000,,2001-08-23 18:00:00.0000000,,2004-08-19 17:02:14.9840992,2001-08-23 18:00:00.0000000,2004-08-20 15:25:35.1895744,2004-08-19 00:00:00.0000000,0,36714989,0,,,,/evidence/windows-ntfs-mft-nist/nist-hacking-case.mft,,,
948,948,True,459,459,.\WINDOWS\system32,msvfw32.dll,.dll,113152,1,,False,False,False,False,True,False,Archive,DosWindows,2001-08-23 18:00:00.0000000,,2001-08-23 18:00:00.0000000,,2004-08-19 17:02:17.6178864,2001-08-23 18:00:00.0000000,2004-08-20 15:25:35.1895744,2004-08-19 00:00:00.0000000,0,36715129,0,,,,/evidence/windows-ntfs-mft-nist/nist-hacking-case.mft,,,
949,949,True,459,459,.\WINDOWS\system32,mindex.dll,.dll,163840,1,,False,False,False,False,True,False,Archive,DosWindows,2001-08-23 18:00:00.0000000,,2001-08-23 18:00:00.0000000,,2004-08-19 17:02:17.2673824,2001-08-23 18:00:00.0000000,2004-08-19 23:04:33.4013344,2004-08-19 00:00:00.0000000,0,37860491,0,,,,/evidence/windows-ntfs-mft-nist/nist-hacking-case.mft,,,
950,950,True,459,459,.\WINDOWS\system32,msxml.dll,.dll,495376,1,,False,False,False,False,True,False,Archive,DosWindows,2001-08-23 18:00:00.0000000,,2001-08-23 18:00:00.0000000,,2004-08-19 17:02:17.6479296,2001-08-23 18:00:00.0000000,2004-08-19 22:45:33.2292416,2004-08-19 00:00:00.0000000,0,23332551,0,,,,/evidence/windows-ntfs-mft-nist/nist-hacking-case.mft,,,
951,951,True,459,459,.\WINDOWS\system32,msxmlr.dll,.dll,26624,1,,False,False,False,False,True,False,Archive,DosWindows,2001-08-23 18:00:00.0000000,,2001-08-23 18:00:00.0000000,,2004-08-19 17:02:17.6579440,2001-08-23 18:00:00.0000000,2004-08-19 22:45:34.1505664,2004-08-19 00:00:00.0000000,0,23343229,0,,,,/evidence/windows-ntfs-mft-nist/nist-hacking-case.mft,,,
952,952,True,459,459,.\WINDOWS\system32,msisam11.dll,.dll,368710,1,,False,False,False,False,True,False,Archive,DosWindows,2001-08-23 18:00:00.0000000,,2001-08-23 18:00:00.0000000,,2004-08-19 17:02:17.4977136,2001-08-23 18:00:00.0000000,2004-08-19 23:04:33.4914640,2004-08-19 00:00:00.0000000,0,37860891,0,,,,/evidence/windows-ntfs-mft-nist/nist-hacking-case.mft,,,
953,953,True,459,459,.\WINDOWS\system32,msuni11.dll,.dll,241725,1,,False,False,False,False,True,False,Archive,DosWindows,2001-08-23 18:00:00.0000000,,2001-08-23 18:00:00.0000000,,2004-08-19 17:02:17.5978576,2001-08-23 18:00:00.0000000,2004-08-19 23:04:33.5014784,2004-08-19 00:00:00.0000000,0,37861149,0,,,,/evidence/windows-ntfs-mft-nist/nist-hacking-case.mft,,,
954,954,True,459,459,.\WINDOWS\system32,msdart.dll,.dll,126976,1,,False,False,False,False,True,False,Archive,DosWindows,2001-08-23 18:00:00.0000000,,2001-08-23 18:00:00.0000000,,2004-08-19 17:02:17.4276128,2001-08-23 18:00:00.0000000,2004-08-19 23:04:33.6516944,2004-08-19 00:00:00.0000000,0,37861738,0,,,,/evidence/windows-ntfs-mft-nist/nist-hacking-case.mft,,,
955,955,True,459,459,.\WINDOWS\system32,wmpcore.dll,.dll,1302528,1,,False,False,False,False,True,False,Archive,DosWindows,2001-08-23 18:00:00.0000000,,2001-08-23 18:00:00.0000000,,2004-08-19 17:02:20.1315008,2001-08-23 18:00:00.0000000,2004-08-19 23:04:33.1309456,2004-08-19 00:00:00.0000000,0,36819185,0,,,,/evidence/windows-ntfs-mft-nist/nist-hacking-case.mft,,,
956,956,True,459,459,.\WINDOWS\system32,wmploc.dll,.dll,1998848,1,,False,False,False,False,True,False,Archive,DosWindows,2001-08-23 18:00:00.0000000,,2001-08-23 18:00:00.0000000,,2004-08-19 17:02:20.1315008,2001-08-23 18:00:00.0000000,2004-08-19 23:04:32.8004704,2004-08-19 00:00:00.0000000,0,37860227,0,,,,/evidence/windows-ntfs-mft-nist/nist-hacking-case.mft,,,
957,957,True,459,459,.\WINDOWS\system32,rundll32.exe,.exe,31744,1,,False,False,False,False,True,False,Archive,DosWindows,2001-08-23 18:00:00.0000000,,2001-08-23 18:00:00.0000000,,2004-08-27 15:14:44.2912384,2001-08-23 18:00:00.0000000,2004-08-27 15:31:17.7045872,2004-08-19 00:00:00.0000000,0,39285412,0,,,,/evidence/windows-ntfs-mft-nist/nist-hacking-case.mft,,,
958,958,True,459,459,.\WINDOWS\system32,regsvr32.exe,.exe,9728,1,,False,False,False,False,True,False,Archive,DosWindows,2001-08-23 18:00:00.0000000,,2001-08-23 18:00:00.0000000,,2004-08-20 15:13:06.7633904,2001-08-23 18:00:00.0000000,2004-08-20 15:13:06.9035920,2004-08-19 00:00:00.0000000,0,37846062,0,,,,/evidence/windows-ntfs-mft-nist/nist-hacking-case.mft,,,
959,959,True,459,459,.\WINDOWS\system32,syssetup.dll,.dll,927744,1,,False,False,False,False,True,False,Archive,DosWindows,2001-08-23 18:00:00.0000000,,2001-08-23 18:00:00.0000000,,2004-08-20 15:18:50.8982320,2001-08-23 18:00:00.0000000,2004-08-20 15:25:32.5858304,2004-08-19 00:00:00.0000000,0,36714542,0,,,,/evidence/windows-ntfs-mft-nist/nist-hacking-case.mft,,,
960,960,True,459,459,.\WINDOWS\system32,imapi.exe,.exe,118784,1,,False,False,False,False,True,False,Archive,DosWindows,2001-08-23 18:00:00.0000000,,2001-08-23 18:00:00.0000000,,2004-08-19 17:02:16.8467776,2001-08-23 18:00:00.0000000,2004-08-19 22:44:07.4058336,2004-08-19 00:00:00.0000000,0,22563067,0,,,,/evidence/windows-ntfs-mft-nist/nist-hacking-case.mft,,,
961,961,True,459,459,.\WINDOWS\system32,ipconfig.exe,.exe,49664,1,,False,False,False,False,True,False,Archive,DosWindows,2001-08-23 18:00:00.0000000,,2001-08-23 18:00:00.0000000,,2004-08-19 17:02:16.8868352,2001-08-23 18:00:00.0000000,2004-08-19 22:44:19.8437184,2004-08-19 00:00:00.0000000,0,22615436,0,,,,/evidence/windows-ntfs-mft-nist/nist-hacking-case.mft,,,
962,962,True,459,459,.\WINDOWS\system32,netman.dll,.dll,147968,1,,False,False,False,False,True,False,Archive,DosWindows,2001-08-23 18:00:00.0000000,,2001-08-23 18:00:00.0000000,,2004-08-19 17:02:17.7180304,2001-08-23 18:00:00.0000000,2004-08-27 15:08:13.5502032,2004-08-19 00:00:00.0000000,0,37991331,0,,,,/evidence/windows-ntfs-mft-nist/nist-hacking-case.mft,,,
963,963,True,459,459,.\WINDOWS\system32,msiexec.exe,.exe,63488,1,,False,False,False,False,True,False,Archive,DosWindows,2001-08-23 18:00:00.0000000,,2001-08-23 18:00:00.0000000,,2004-08-20 15:12:05.4652480,2001-08-23 18:00:00.0000000,2004-08-20 15:12:05.5854208,2004-08-19 00:00:00.0000000,0,36767166,0,,,,/evidence/windows-ntfs-mft-nist/nist-hacking-case.mft,,,
964,964,True,459,459,.\WINDOWS\system32,webfldrs.msi,.msi,1308672,1,,False,False,False,False,True,False,Archive,DosWindows,2001-08-23 18:00:00.0000000,,2001-08-23 18:00:00.0000000,,2004-08-19 17:02:20.0013136,2001-08-23 18:00:00.0000000,2004-08-19 23:04:39.5702048,2004-08-19 00:00:00.0000000,0,36772365,0,,,,/evidence/windows-ntfs-mft-nist/nist-hacking-case.mft,,,
965,965,True,459,459,.\WINDOWS\system32,msimsg.dll,.dll,847872,1,,False,False,False,False,True,False,Archive,DosWindows,2001-08-23 18:00:00.0000000,,2001-08-23 18:00:00.0000000,,2004-08-19 17:02:17.4977136,2001-08-23 18:00:00.0000000,2004-08-19 22:45:17.7970512,2004-08-19 00:00:00.0000000,0,36770703,0,,,,/evidence/windows-ntfs-mft-nist/nist-hacking-case.mft,,,
966,966,True,459,459,.\WINDOWS\system32,net.exe,.exe,39424,1,,False,False,False,False,True,False,Archive,DosWindows,2001-08-23 18:00:00.0000000,,2001-08-23 18:00:00.0000000,,2004-08-19 17:02:17.6980016,2001-08-23 18:00:00.0000000,2004-08-19 22:45:39.0776512,2004-08-19 00:00:00.0000000,0,23411813,0,,,,/evidence/windows-ntfs-mft-nist/nist-hacking-case.mft,,,
967,967,True,459,459,.\WINDOWS\system32,net1.exe,.exe,115200,1,,False,False,False,False,True,False,Archive,DosWindows,2001-08-23 18:00:00.0000000,,2001-08-23 18:00:00.0000000,,2004-08-19 17:02:17.6980016,2001-08-23 18:00:00.0000000,2004-08-19 22:45:39.1477520,2004-08-19 00:00:00.0000000,0,23412759,0,,,,/evidence/windows-ntfs-mft-nist/nist-hacking-case.mft,,,
968,968,True,459,459,.\WINDOWS\system32,crtdll.dll,.dll,149019,1,,False,False,False,False,True,False,Archive,DosWindows,2001-08-23 18:00:00.0000000,,2001-08-23 18:00:00.0000000,,2004-08-19 17:02:15.4247328,2001-08-23 18:00:00.0000000,2004-08-27 15:15:08.5761584,2004-08-19 00:00:00.0000000,0,38391711,0,,,,/evidence/windows-ntfs-mft-nist/nist-hacking-case.mft,,,
969,969,True,459,459,.\WINDOWS\system32,webcheck.dll,.dll,258560,1,,False,False,False,False,True,False,Archive,DosWindows,2001-08-23 18:00:00.0000000,,2001-08-23 18:00:00.0000000,,2004-08-19 17:02:20.0013136,2001-08-23 18:00:00.0000000,2004-08-27 15:08:18.9079072,2004-08-19 00:00:00.0000000,0,38003280,0,,,,/evidence/windows-ntfs-mft-nist/nist-hacking-case.mft,,,
970,970,True,459,459,.\WINDOWS\system32,pstorec.dll,.dll,37888,1,,False,False,False,False,True,False,Archive,DosWindows,2001-08-23 18:00:00.0000000,,2001-08-23 18:00:00.0000000,,2004-08-19 17:02:18.4090240,2001-08-23 18:00:00.0000000,2004-08-27 15:33:04.0166064,2004-08-19 00:00:00.0000000,0,39365147,0,,,,/evidence/windows-ntfs-mft-nist/nist-hacking-case.mft,,,
971,971,True,459,459,.\WINDOWS\system32,mobsync.dll,.dll,196096,1,,False,False,False,False,True,False,Archive,DosWindows,2001-08-23 18:00:00.0000000,,2001-08-23 18:00:00.0000000,,2004-08-19 17:02:17.2974256,2001-08-23 18:00:00.0000000,2004-08-19 23:04:38.0279872,2004-08-19 00:00:00.0000000,0,37846320,0,,,,/evidence/windows-ntfs-mft-nist/nist-hacking-case.mft,,,
972,972,True,459,459,.\WINDOWS\system32,wmpshell.dll,.dll,77824,1,,False,False,False,False,True,False,Archive,DosWindows,2001-08-23 18:00:00.0000000,,2001-08-23 18:00:00.0000000,,2004-08-19 17:02:20.1415152,2001-08-23 18:00:00.0000000,2004-08-19 23:04:38.0279872,2004-08-19 00:00:00.0000000,0,37846777,0,,,,/evidence/windows-ntfs-mft-nist/nist-hacking-case.mft,,,
973,973,True,459,459,.\WINDOWS\system32,initpki.dll,.dll,144896,1,,False,False,False,False,True,False,Archive,DosWindows,2001-08-23 18:00:00.0000000,,2001-08-23 18:00:00.0000000,,2004-08-19 17:02:16.8668064,2001-08-23 18:00:00.0000000,2004-08-19 23:04:17.2481072,2004-08-19 00:00:00.0000000,0,36716163,0,,,,/evidence/windows-ntfs-mft-nist/nist-hacking-case.mft,,,
974,974,True,459,459,.\WINDOWS\system32,iedkcs32.dll,.dll,294912,1,,False,False,False,False,True,False,Archive,DosWindows,2001-08-23 18:00:00.0000000,,2001-08-23 18:00:00.0000000,,2004-08-19 17:02:16.8167344,2001-08-23 18:00:00.0000000,2004-08-19 23:04:56.7048432,2004-08-19 00:00:00.0000000,0,37867170,0,,,,/evidence/windows-ntfs-mft-nist/nist-hacking-case.mft,,,
975,975,True,459,459,.\WINDOWS\system32,ieuinit.inf,.inf,19273,1,,False,False,False,False,True,False,Archive,DosWindows,2001-08-23 18:00:00.0000000,,2001-08-23 18:00:00.0000000,,2004-08-19 17:02:16.8267488,2001-08-23 18:00:00.0000000,2004-08-19 00:00:00.0000000,,0,36715963,0,,,,/evidence/windows-ntfs-mft-nist/nist-hacking-case.mft,,,
976,976,True,459,459,.\WINDOWS\system32,msident.dll,.dll,44032,1,,False,False,False,False,True,False,Archive,DosWindows,2001-08-23 18:00:00.0000000,,2001-08-23 18:00:00.0000000,,2004-08-19 17:02:17.4776848,2001-08-23 18:00:00.0000000,2004-08-20 21:13:24.6862848,2004-08-19 00:00:00.0000000,0,36784527,0,,,,/evidence/windows-ntfs-mft-nist/nist-hacking-case.mft,,,
977,977,True,459,459,.\WINDOWS\system32,msidntld.dll,.dll,14848,1,,False,False,False,False,True,False,Archive,DosWindows,2001-08-23 18:00:00.0000000,,2001-08-23 18:00:00.0000000,,2004-08-19 17:02:17.4876992,2001-08-23 18:00:00.0000000,2004-08-20 21:13:24.7363568,2004-08-19 00:00:00.0000000,0,36784590,0,,,,/evidence/windows-ntfs-mft-nist/nist-hacking-case.mft,,,
978,978,True,459,459,.\WINDOWS\system32,msdxm.ocx,.ocx,843804,1,,False,False,False,False,True,False,Archive,DosWindows,2001-08-23 18:00:00.0000000,,2001-08-23 18:00:00.0000000,,2004-08-19 17:02:17.4376272,2001-08-23 18:00:00.0000000,2004-08-19 23:04:36.3155248,2004-08-19 00:00:00.0000000,0,37874509,0,,,,/evidence/windows-ntfs-mft-nist/nist-hacking-case.mft,,,
979,979,True,459,459,.\WINDOWS\system32,quartz.dll,.dll,1135616,1,,False,False,False,False,True,False,Archive,DosWindows,2001-08-23 18:00:00.0000000,,2001-08-23 18:00:00.0000000,,2004-08-19 17:02:18.4390672,2001-08-23 18:00:00.0000000,2004-08-19 23:04:36.3155248,2004-08-19 00:00:00.0000000,0,36822720,0,,,,/evidence/windows-ntfs-mft-nist/nist-hacking-case.mft,,,
980,980,True,459,459,.\WINDOWS\system32,dxmasf.dll,.dll,498205,1,,False,False,False,False,True,False,Archive,DosWindows,2001-08-23 18:00:00.0000000,,2001-08-23 18:00:00.0000000,,2004-08-19 17:02:16.4462016,2001-08-23 18:00:00.0000000,2004-08-19 23:04:36.3255392,2004-08-19 00:00:00.0000000,0,37875785,0,,,,/evidence/windows-ntfs-mft-nist/nist-hacking-case.mft,,,
981,981,True,459,459,.\WINDOWS\system32,wmp.ocx,.ocx,188416,1,,False,False,False,False,True,False,Archive,DosWindows,2001-08-23 18:00:00.0000000,,2001-08-23 18:00:00.0000000,,2004-08-19 17:02:20.1315008,2001-08-23 18:00:00.0000000,2004-08-19 23:04:37.1266912,2004-08-19 00:00:00.0000000,0,37875978,0,,,,/evidence/windows-ntfs-mft-nist/nist-hacking-case.mft,,,
982,982,True,459,459,.\WINDOWS\system32,pautoenr.dll,.dll,58368,1,,False,False,False,False,True,False,Archive,DosWindows,2001-08-23 18:00:00.0000000,,2001-08-23 18:00:00.0000000,,2004-08-19 17:02:18.2788368,2001-08-23 18:00:00.0000000,2004-08-19 22:46:04.4841840,2004-08-19 00:00:00.0000000,0,23883563,0,,,,/evidence/windows-ntfs-mft-nist/nist-hacking-case.mft,,,
983,983,True,459,459,.\WINDOWS\system32,cryptui.dll,.dll,470016,1,,False,False,False,False,True,False,Archive,DosWindows,2001-08-23 18:00:00.0000000,,2001-08-23 18:00:00.0000000,,2004-08-19 17:02:15.4447616,2001-08-23 18:00:00.0000000,2004-08-27 15:08:18.9079072,2004-08-19 00:00:00.0000000,0,38004086,0,,,,/evidence/windows-ntfs-mft-nist/nist-hacking-case.mft,,,
984,984,True,459,459,.\WINDOWS\system32,riched20.dll,.dll,426496,1,,False,False,False,False,True,False,Archive,DosWindows,2001-08-23 18:00:00.0000000,,2001-08-23 18:00:00.0000000,,2004-08-19 17:02:18.5492256,2001-08-23 18:00:00.0000000,2004-08-27 15:28:36.8941816,2004-08-19 00:00:00.0000000,0,39284120,0,,,,/evidence/windows-ntfs-mft-nist/nist-hacking-case.mft,,,
985,985,True,459,459,.\WINDOWS\system32,cryptnet.dll,.dll,53248,1,,False,False,False,False,True,False,Archive,DosWindows,2001-08-23 18:00:00.0000000,,2001-08-23 18:00:00.0000000,,2004-08-19 17:02:15.4347472,2001-08-23 18:00:00.0000000,2004-08-27 15:46:18.5390736,2004-08-19 00:00:00.0000000,0,39434043,0,,,,/evidence/windows-ntfs-mft-nist/nist-hacking-case.mft,,,
986,986,True,459,459,.\WINDOWS\system32,psapi.dll,.dll,17408,1,,False,False,False,False,True,False,Archive,DosWindows,2001-08-23 18:00:00.0000000,,2001-08-23 18:00:00.0000000,,2004-08-19 17:02:18.3990096,2001-08-23 18:00:00.0000000,2004-08-27 15:08:13.5401888,2004-08-19 00:00:00.0000000,0,37989037,0,,,,/evidence/windows-ntfs-mft-nist/nist-hacking-case.mft,,,
987,987,True,459,459,.\WINDOWS\system32,loadperf.dll,.dll,91648,1,,False,False,False,False,True,False,Archive,DosWindows,2001-08-23 18:00:00.0000000,,2001-08-23 18:00:00.0000000,,2004-08-19 17:02:17.1271808,2001-08-23 18:00:00.0000000,2004-08-20 15:23:55.6575971,2004-08-19 00:00:00.0000000,0,37877885,0,,,,/evidence/windows-ntfs-mft-nist/nist-hacking-case.mft,,,
988,988,True,459,459,.\WINDOWS\system32,wmi.dll,.dll,5632,1,,False,False,False,False,True,False,Archive,DosWindows,2001-08-23 18:00:00.0000000,,2001-08-23 18:00:00.0000000,,2004-08-19 17:02:20.1214864,2001-08-23 18:00:00.0000000,2004-08-27 15:08:13.5502032,2004-08-19 00:00:00.0000000,0,37992018,0,,,,/evidence/windows-ntfs-mft-nist/nist-hacking-case.mft,,,
989,989,True,459,459,.\WINDOWS\system32,mprui.dll,.dll,47104,1,,False,False,False,False,True,False,Archive,DosWindows,2001-08-23 18:00:00.0000000,,2001-08-23 18:00:00.0000000,,2004-08-19 17:02:17.3374832,2001-08-23 18:00:00.0000000,2004-08-19 22:45:02.9456960,2004-08-19 00:00:00.0000000,0,23046788,0,,,,/evidence/windows-ntfs-mft-nist/nist-hacking-case.mft,,,
990,990,True,459,459,.\WINDOWS\system32,netui2.dll,.dll,308224,1,,False,False,False,False,True,False,Archive,DosWindows,2001-08-23 18:00:00.0000000,,2001-08-23 18:00:00.0000000,,2004-08-19 17:02:17.7380592,2001-08-23 18:00:00.0000000,2004-08-27 15:14:42.1882144,2004-08-19 00:00:00.0000000,0,38360178,0,,,,/evidence/windows-ntfs-mft-nist/nist-hacking-case.mft,,,
991,991,True,459,459,.\WINDOWS\system32,netshell.dll,.dll,1618944,1,,False,False,False,False,True,False,Archive,DosWindows,2001-08-23 18:00:00.0000000,,2001-08-23 18:00:00.0000000,,2004-08-19 23:05:50.1817392,2001-08-23 18:00:00.0000000,2004-08-27 15:08:18.9079072,2004-08-19 00:00:00.0000000,0,38003463,0,,,,/evidence/windows-ntfs-mft-nist/nist-hacking-case.mft,,,
992,992,True,459,459,.\WINDOWS\system32,rastls.dll,.dll,52224,1,,False,False,False,False,True,False,Archive,DosWindows,2001-08-23 18:00:00.0000000,,2001-08-23 18:00:00.0000000,,2004-08-19 17:02:18.4991536,2001-08-23 18:00:00.0000000,2004-08-27 15:08:13.5502032,2004-08-19 00:00:00.0000000,0,37993318,0,,,,/evidence/windows-ntfs-mft-nist/nist-hacking-case.mft,,,
993,993,True,459,459,.\WINDOWS\system32,raschap.dll,.dll,34304,1,,False,False,False,False,True,False,Archive,DosWindows,2001-08-23 18:00:00.0000000,,2001-08-23 18:00:00.0000000,,2004-08-19 17:02:18.4691104,2001-08-23 18:00:00.0000000,2004-08-27 15:08:13.5502032,2004-08-19 00:00:00.0000000,0,37993379,0,,,,/evidence/windows-ntfs-mft-nist/nist-hacking-case.mft,,,
994,994,True,459,459,.\WINDOWS\system32,hnetcfg.dll,.dll,240640,1,,False,False,False,False,True,False,Archive,DosWindows,2001-08-23 18:00:00.0000000,,2001-08-23 18:00:00.0000000,,2004-08-19 17:02:16.7065760,2001-08-23 18:00:00.0000000,2004-08-27 15:08:18.9079072,2004-08-19 00:00:00.0000000,0,38006352,0,,,,/evidence/windows-ntfs-mft-nist/nist-hacking-case.mft,,,
995,995,True,459,459,.\WINDOWS\system32,stobject.dll,.dll,117760,1,,False,False,False,False,True,False,Archive,DosWindows,2001-08-23 18:00:00.0000000,,2001-08-23 18:00:00.0000000,,2004-08-19 17:02:19.4405072,2001-08-23 18:00:00.0000000,2004-08-27 15:08:18.9079072,2004-08-19 00:00:00.0000000,0,38003341,0,,,,/evidence/windows-ntfs-mft-nist/nist-hacking-case.mft,,,
996,996,True,459,459,.\WINDOWS\system32,batmeter.dll,.dll,27136,1,,False,False,False,False,True,False,Archive,DosWindows,2001-08-23 18:00:00.0000000,,2001-08-23 18:00:00.0000000,,2004-08-19 17:02:14.9941136,2001-08-23 18:00:00.0000000,2004-08-27 15:08:18.9079072,2004-08-19 00:00:00.0000000,0,38003402,0,,,,/evidence/windows-ntfs-mft-nist/nist-hacking-case.mft,,,
997,997,True,459,459,.\WINDOWS\system32,credui.dll,.dll,161792,1,,False,False,False,False,True,False,Archive,DosWindows,2001-08-23 18:00:00.0000000,,2001-08-23 18:00:00.0000000,,2004-08-19 17:02:15.4147184,2001-08-23 18:00:00.0000000,2004-08-27 15:08:18.9079072,2004-08-19 00:00:00.0000000,0,38003524,0,,,,/evidence/windows-ntfs-mft-nist/nist-hacking-case.mft,,,
998,998,True,459,459,.\WINDOWS\system32,defrag.exe,.exe,109568,1,,False,False,False,False,True,False,Archive,DosWindows,2001-08-23 18:00:00.0000000,,2001-08-23 18:00:00.0000000,,2004-08-26 15:46:18.3707856,2001-08-23 18:00:00.0000000,2004-08-26 15:46:18.3407424,2004-08-19 00:00:00.0000000,0,36412073,0,,,,/evidence/windows-ntfs-mft-nist/nist-hacking-case.mft,,,
999,999,True,459,459,.\WINDOWS\system32,dfrgres.dll,.dll,51200,1,,False,False,False,False,True,False,Archive,DosWindows,2001-08-23 18:00:00.0000000,,2001-08-23 18:00:00.0000000,,2004-08-19 23:05:14.7207488,2001-08-23 18:00:00.0000000,2004-08-26 15:46:18.4709296,2004-08-19 00:00:00.0000000,0,36412147,0,,,,/evidence/windows-ntfs-mft-nist/nist-hacking-case.mft,,,
1000,1000,True,459,459,.\WINDOWS\system32,dfrgfat.exe,.exe,73216,1,,False,False,False,False,True,False,Archive,DosWindows,2001-08-23 18:00:00.0000000,,2001-08-23 18:00:00.0000000,,2004-08-19 17:02:15.5449056,2001-08-23 18:00:00.0000000,2004-08-19 22:42:41.6625408,2004-08-19 00:00:00.0000000,0,21410048,0,,,,/evidence/windows-ntfs-mft-nist/nist-hacking-case.mft,,,
1001,1001,True,459,459,.\WINDOWS\system32,vssapi.dll,.dll,409088,1,,False,False,False,False,True,False,Archive,DosWindows,2001-08-23 18:00:00.0000000,,2001-08-23 18:00:00.0000000,,2004-08-19 17:02:19.7609680,2001-08-23 18:00:00.0000000,2004-08-27 15:08:18.9079072,2004-08-19 00:00:00.0000000,0,38004858,0,,,,/evidence/windows-ntfs-mft-nist/nist-hacking-case.mft,,,
1002,1002,True,459,459,.\WINDOWS\system32,dfrgntfs.exe,.exe,85504,1,,False,False,False,False,True,False,Archive,DosWindows,2001-08-23 18:00:00.0000000,,2001-08-23 18:00:00.0000000,,2004-08-19 17:02:15.5449056,2001-08-23 18:00:00.0000000,2004-08-26 15:46:18.5510448,2004-08-19 00:00:00.0000000,0,36412764,0,,,,/evidence/windows-ntfs-mft-nist/nist-hacking-case.mft,,,
1003,1003,True,459,459,.\WINDOWS\system32,findstr.exe,.exe,25088,1,,False,False,False,False,True,False,Archive,DosWindows,2001-08-23 18:00:00.0000000,,2001-08-23 18:00:00.0000000,,2004-08-19 17:02:16.5263168,2001-08-23 18:00:00.0000000,2004-08-19 22:43:06.7085552,2004-08-19 00:00:00.0000000,0,21781623,0,,,,/evidence/windows-ntfs-mft-nist/nist-hacking-case.mft,,,
1004,1004,True,459,459,.\WINDOWS\system32,logon.scr,.scr,219648,1,,False,False,False,False,True,False,Archive,DosWindows,2001-08-23 18:00:00.0000000,,2001-08-23 18:00:00.0000000,,2004-08-20 19:38:56.3447904,2001-08-23 18:00:00.0000000,2004-08-26 15:25:03.1270752,2004-08-19 00:00:00.0000000,0,36723134,0,,,,/evidence/windows-ntfs-mft-nist/nist-hacking-case.mft,,,
1005,1005,True,459,459,.\WINDOWS\system32,net.hlp,.hlp,102446,1,,False,False,False,False,True,False,Archive,DosWindows,2001-08-23 18:00:00.0000000,,2001-08-23 18:00:00.0000000,,2004-08-19 17:02:17.6980016,2001-08-23 18:00:00.0000000,2004-08-19 00:00:00.0000000,,0,9629176,0,,,,/evidence/windows-ntfs-mft-nist/nist-hacking-case.mft,,,
1006,1006,True,459,459,.\WINDOWS\system32,notepad.exe,.exe,66048,1,,False,False,False,False,True,False,Archive,DosWindows,2001-08-23 18:00:00.0000000,,2001-08-23 18:00:00.0000000,,2004-08-20 15:50:40.4852259,2001-08-23 18:00:00.0000000,2004-08-27 15:17:28.2169520,2004-08-19 00:00:00.0000000,0,38477305,0,,,,/evidence/windows-ntfs-mft-nist/nist-hacking-case.mft,,,
1007,1007,True,459,459,.\WINDOWS\system32,sort.exe,.exe,23552,1,,False,False,False,False,True,False,Archive,DosWindows,2001-08-23 18:00:00.0000000,,2001-08-23 18:00:00.0000000,,2004-08-19 17:02:19.1000176,2001-08-23 18:00:00.0000000,2004-08-19 22:47:13.3932704,2004-08-19 00:00:00.0000000,0,25441459,0,,,,/evidence/windows-ntfs-mft-nist/nist-hacking-case.mft,,,
1008,1008,True,459,459,.\WINDOWS\system32,perfc009.dat,.dat,40190,1,,False,False,False,False,True,False,Archive,DosWindows,2001-08-23 18:00:00.0000000,,2004-08-20 15:24:01.7363379,2001-08-23 18:00:00.0000000,2004-08-20 15:24:01.7363379,2001-08-23 18:00:00.0000000,2004-08-20 15:24:01.7363379,2004-08-19 00:00:00.0000000,0,37878286,0,,,,/evidence/windows-ntfs-mft-nist/nist-hacking-case.mft,,,
1009,1009,True,459,459,.\WINDOWS\system32,perfh009.dat,.dat,311842,1,,False,False,False,False,True,False,Archive,DosWindows,2001-08-23 18:00:00.0000000,,2004-08-20 15:24:01.7363379,2001-08-23 18:00:00.0000000,2004-08-20 15:24:01.7363379,2001-08-23 18:00:00.0000000,2004-08-20 15:24:01.7363379,2004-08-19 00:00:00.0000000,0,37878627,0,,,,/evidence/windows-ntfs-mft-nist/nist-hacking-case.mft,,,
1010,1010,True,459,459,.\WINDOWS\system32,wuv3is.dll,.dll,153600,1,,False,False,False,False,True,False,Archive,DosWindows,2001-08-23 18:00:00.0000000,,2001-08-23 18:00:00.0000000,,2004-08-19 17:02:20.2216304,2001-08-23 18:00:00.0000000,2004-08-20 15:03:47.8196688,2004-08-19 00:00:00.0000000,0,27316115,0,,,,/evidence/windows-ntfs-mft-nist/nist-hacking-case.mft,,,
1011,1011,True,459,459,.\WINDOWS\system32,console.dll,.dll,66560,1,,False,False,False,False,True,False,Archive,DosWindows,2001-08-23 18:00:00.0000000,,2001-08-23 18:00:00.0000000,,2004-08-19 17:02:15.4047040,2001-08-23 18:00:00.0000000,2004-08-19 22:42:32.0987888,2004-08-19 00:00:00.0000000,0,21310199,0,,,,/evidence/windows-ntfs-mft-nist/nist-hacking-case.mft,,,
1012,1012,True,459,459,.\WINDOWS\system32,dbghelp.dll,.dll,486400,1,,False,False,False,False,True,False,Archive,DosWindows,2001-08-23 18:00:00.0000000,,2001-08-23 18:00:00.0000000,,2004-08-19 17:02:15.4948336,2001-08-23 18:00:00.0000000,2004-08-25 15:25:50.8419152,2004-08-19 00:00:00.0000000,0,36690879,0,,,,/evidence/windows-ntfs-mft-nist/nist-hacking-case.mft,,,
1013,1013,True,459,459,.\WINDOWS\system32,more.com,.com,15872,1,,False,False,False,False,True,False,Archive,DosWindows,2001-08-23 18:00:00.0000000,,2001-08-23 18:00:00.0000000,,2004-08-19 17:02:17.3074400,2001-08-23 18:00:00.0000000,2004-08-19 00:00:00.0000000,,0,9606362,0,,,,/evidence/windows-ntfs-mft-nist/nist-hacking-case.mft,,,
1014,1014,True,459,459,.\WINDOWS\system32,winver.exe,.exe,4096,1,,False,False,False,False,True,False,Archive,DosWindows,2001-08-23 18:00:00.0000000,,2001-08-23 18:00:00.0000000,,2004-08-19 17:02:20.0914432,2001-08-23 18:00:00.0000000,2004-08-19 22:48:08.1520096,2004-08-19 00:00:00.0000000,0,26009082,0,,,,/evidence/windows-ntfs-mft-nist/nist-hacking-case.mft,,,
1015,1015,True,459,459,.\WINDOWS\system32,logonui.exe,.exe,504320,1,,False,False,False,False,True,False,Archive,DosWindows,2001-08-23 18:00:00.0000000,,2001-08-23 18:00:00.0000000,,2004-08-19 17:02:17.1572240,2001-08-23 18:00:00.0000000,2004-08-27 15:08:22.5531488,2004-08-19 00:00:00.0000000,0,38621222,0,,,,/evidence/windows-ntfs-mft-nist/nist-hacking-case.mft,,,
1016,1016,True,459,459,.\WINDOWS\system32,printui.dll,.dll,522240,1,,False,False,False,False,True,False,Archive,DosWindows,2001-08-23 18:00:00.0000000,,2001-08-23 18:00:00.0000000,,2004-08-19 17:02:18.3689664,2001-08-23 18:00:00.0000000,2004-08-27 15:08:51.3036672,2004-08-19 00:00:00.0000000,0,38083691,0,,,,/evidence/windows-ntfs-mft-nist/nist-hacking-case.mft,,,
1017,1017,True,459,459,.\WINDOWS\system32,sclgntfy.dll,.dll,18432,1,,False,False,False,False,True,False,Archive,DosWindows,2001-08-23 18:00:00.0000000,,2001-08-23 18:00:00.0000000,,2004-08-19 17:02:18.6493696,2001-08-23 18:00:00.0000000,2004-08-27 15:46:18.6392176,2004-08-19 00:00:00.0000000,0,39434104,0,,,,/evidence/windows-ntfs-mft-nist/nist-hacking-case.mft,,,
1018,1018,True,459,459,.\WINDOWS\system32,shgina.dll,.dll,62464,1,,False,False,False,False,True,False,Archive,DosWindows,2001-08-23 18:00:00.0000000,,2001-08-23 18:00:00.0000000,,2004-08-19 17:02:18.7495136,2001-08-23 18:00:00.0000000,2004-08-27 15:16:51.9648240,2004-08-19 00:00:00.0000000,0,38964429,0,,,,/evidence/windows-ntfs-mft-nist/nist-hacking-case.mft,,,
1019,1019,True,459,459,.\WINDOWS\system32,appwiz.cpl,.cpl,558592,1,,False,False,False,False,True,False,Archive,DosWindows,2001-08-23 18:00:00.0000000,,2001-08-23 18:00:00.0000000,,2004-08-19 23:05:50.4621424,2001-08-23 18:00:00.0000000,2004-08-27 15:14:44.7218576,2004-08-19 00:00:00.0000000,0,38868811,0,,,,/evidence/windows-ntfs-mft-nist/nist-hacking-case.mft,,,
1020,1020,True,459,459,.\WINDOWS\system32,browselc.dll,.dll,62976,1,,False,False,False,False,True,False,Archive,DosWindows,2001-08-23 18:00:00.0000000,,2001-08-23 18:00:00.0000000,,2004-08-19 17:02:15.0141424,2001-08-23 18:00:00.0000000,2004-08-27 15:08:48.2192320,2004-08-19 00:00:00.0000000,0,38082433,0,,,,/evidence/windows-ntfs-mft-nist/nist-hacking-case.mft,,,
1021,1021,True,459,459,.\WINDOWS\system32,d3d8.dll,.dll,1181184,1,,False,False,False,False,True,False,Archive,DosWindows,2001-08-23 18:00:00.0000000,,2001-08-23 18:00:00.0000000,,2004-08-19 17:02:15.4647904,2001-08-23 18:00:00.0000000,2004-08-19 22:42:36.2747936,2004-08-19 00:00:00.0000000,0,21325833,0,,,,/evidence/windows-ntfs-mft-nist/nist-hacking-case.mft,,,
1022,1022,True,459,459,.\WINDOWS\system32,mshtml.dll,.dll,2793984,1,,False,False,False,False,True,False,Archive,DosWindows,2001-08-23 18:00:00.0000000,,2001-08-23 18:00:00.0000000,,2004-08-27 15:42:48.7974800,2001-08-23 18:00:00.0000000,2004-08-27 15:42:47.2853056,2004-08-19 00:00:00.0000000,0,39364634,0,,,,/evidence/windows-ntfs-mft-nist/nist-hacking-case.mft,,,
1023,1023,True,459,459,.\WINDOWS\system32,mydocs.dll,.dll,88064,1,,False,False,False,False,True,False,Archive,DosWindows,2001-08-23 18:00:00.0000000,,2001-08-23 18:00:00.0000000,,2004-08-27 15:18:03.7380288,2001-08-23 18:00:00.0000000,2004-08-27 15:29:47.9563640,2004-08-19 00:00:00.0000000,0,39284149,0,,,,/evidence/windows-ntfs-mft-nist/nist-hacking-case.mft,,,
1024,1024,True,459,459,.\WINDOWS\system32,duser.dll,.dll,261120,1,,False,False,False,False,True,False,Archive,DosWindows,2001-08-23 18:00:00.0000000,,2001-08-23 18:00:00.0000000,,2004-08-19 17:02:16.4261728,2001-08-23 18:00:00.0000000,2004-08-27 15:14:44.4714976,2004-08-19 00:00:00.0000000,0,38869489,0,,,,/evidence/windows-ntfs-mft-nist/nist-hacking-case.mft,,,
1025,1025,True,459,459,.\WINDOWS\system32,12520437.cpx,.cpx,2151,1,,False,False,False,False,True,False,Archive,DosWindows,2001-08-23 18:00:00.0000000,,2001-08-23 18:00:00.0000000,,2004-08-19 17:02:14.7237248,2001-08-23 18:00:00.0000000,2004-08-19 22:41:44.0897552,2004-08-19 00:00:00.0000000,0,19915494,0,,,,/evidence/windows-ntfs-mft-nist/nist-hacking-case.mft,,,
1026,1026,True,459,459,.\WINDOWS\system32,12520850.cpx,.cpx,2233,1,,False,False,False,False,True,False,Archive,DosWindows,2001-08-23 18:00:00.0000000,,2001-08-23 18:00:00.0000000,,2004-08-19 17:02:14.7237248,2001-08-23 18:00:00.0000000,2004-08-19 22:41:44.0997696,2004-08-19 00:00:00.0000000,0,19715328,0,,,,/evidence/windows-ntfs-mft-nist/nist-hacking-case.mft,,,
1027,1027,True,459,459,.\WINDOWS\system32,6to4svc.dll,.dll,35840,1,,False,False,False,False,True,False,Archive,DosWindows,2001-08-23 18:00:00.0000000,,2001-08-23 18:00:00.0000000,,2004-08-19 17:02:14.7237248,2001-08-23 18:00:00.0000000,2004-08-19 22:41:44.1999136,2004-08-19 00:00:00.0000000,0,19915748,0,,,,/evidence/windows-ntfs-mft-nist/nist-hacking-case.mft,,,
1028,1028,True,459,459,.\WINDOWS\system32,aaaamon.dll,.dll,25600,1,,False,False,False,False,True,False,Archive,DosWindows,2001-08-23 18:00:00.0000000,,2001-08-23 18:00:00.0000000,,2004-08-19 17:02:14.7237248,2001-08-23 18:00:00.0000000,2004-08-19 22:41:44.2299568,2004-08-19 00:00:00.0000000,0,19716842,0,,,,/evidence/windows-ntfs-mft-nist/nist-hacking-case.mft,,,
1029,1029,True,459,459,.\WINDOWS\system32,acelpdec.ax,.ax,61952,1,,False,False,False,False,True,False,Archive,DosWindows,2001-08-23 18:00:00.0000000,,2001-08-23 18:00:00.0000000,,2004-08-19 17:02:14.7237248,2001-08-23 18:00:00.0000000,2004-08-19 22:33:40.6946672,2004-08-19 00:00:00.0000000,0,16975593,0,,,,/evidence/windows-ntfs-mft-nist/nist-hacking-case.mft,,,
1030,1030,True,459,459,.\WINDOWS\system32,acledit.dll,.dll,129536,1,,False,False,False,False,True,False,Archive,DosWindows,2001-08-23 18:00:00.0000000,,2001-08-23 18:00:00.0000000,,2004-08-19 17:02:14.7337392,2001-08-23 18:00:00.0000000,2004-08-19 22:41:44.4903312,2004-08-19 00:00:00.0000000,0,19917043,0,,,,/evidence/windows-ntfs-mft-nist/nist-hacking-case.mft,,,
1031,1031,True,459,459,.\WINDOWS\system32,activeds.tlb,.tlb,111104,1,,False,False,False,False,True,False,Archive,DosWindows,2001-08-23 18:00:00.0000000,,2001-08-23 18:00:00.0000000,,2004-08-19 17:02:14.7337392,2001-08-23 18:00:00.0000000,2004-08-19 22:41:45.1913392,2004-08-19 00:00:00.0000000,0,19926433,0,,,,/evidence/windows-ntfs-mft-nist/nist-hacking-case.mft,,,
1032,1032,True,459,459,.\WINDOWS\system32,actmovie.exe,.exe,4096,1,,False,False,False,False,True,False,Archive,DosWindows,2001-08-23 18:00:00.0000000,,2001-08-23 18:00:00.0000000,,2004-08-19 17:02:14.7437536,2001-08-23 18:00:00.0000000,2004-08-19 22:41:45.2414112,2004-08-19 00:00:00.0000000,0,19926462,0,,,,/evidence/windows-ntfs-mft-nist/nist-hacking-case.mft,,,
1033,1033,True,459,459,.\WINDOWS\system32,admparse.dll,.dll,57344,1,,False,False,False,False,True,False,Archive,DosWindows,2001-08-23 18:00:00.0000000,,2001-08-23 18:00:00.0000000,,2004-08-19 17:02:14.7437536,2001-08-23 18:00:00.0000000,2004-08-19 22:41:47.1942192,2004-08-19 00:00:00.0000000,0,19926782,0,,,,/evidence/windows-ntfs-mft-nist/nist-hacking-case.mft,,,
1034,1034,True,459,459,.\WINDOWS\system32,adptif.dll,.dll,26112,1,,False,False,False,False,True,False,Archive,DosWindows,2001-08-23 18:00:00.0000000,,2001-08-23 18:00:00.0000000,,2004-08-19 17:02:14.7437536,2001-08-23 18:00:00.0000000,2004-08-19 22:41:47.6348528,2004-08-19 00:00:00.0000000,0,19926811,0,,,,/evidence/windows-ntfs-mft-nist/nist-hacking-case.mft,,,
1035,1035,True,459,459,.\WINDOWS\system32,adsldp.dll,.dll,160768,1,,False,False,False,False,True,False,Archive,DosWindows,2001-08-23 18:00:00.0000000,,2001-08-23 18:00:00.0000000,,2004-08-19 17:02:14.7437536,2001-08-23 18:00:00.0000000,2004-08-19 22:41:49.0168400,2004-08-19 00:00:00.0000000,0,19926840,0,,,,/evidence/windows-ntfs-mft-nist/nist-hacking-case.mft,,,
1036,1036,True,459,459,.\WINDOWS\system32,adsmsext.dll,.dll,62464,1,,False,False,False,False,True,False,Archive,DosWindows,2001-08-23 18:00:00.0000000,,2001-08-23 18:00:00.0000000,,2004-08-19 17:02:14.7537680,2001-08-23 18:00:00.0000000,2004-08-19 22:41:49.1370128,2004-08-19 00:00:00.0000000,0,19770874,0,,,,/evidence/windows-ntfs-mft-nist/nist-hacking-case.mft,,,
1037,1037,True,459,459,.\WINDOWS\system32,adsnds.dll,.dll,161792,1,,False,False,False,False,True,False,Archive,DosWindows,2001-08-23 18:00:00.0000000,,2001-08-23 18:00:00.0000000,,2004-08-19 17:02:14.7537680,2001-08-23 18:00:00.0000000,2004-08-19 22:41:49.2171280,2004-08-19 00:00:00.0000000,0,19926869,0,,,,/evidence/windows-ntfs-mft-nist/nist-hacking-case.mft,,,
1038,1038,True,459,459,.\WINDOWS\system32,adsnt.dll,.dll,239616,1,,False,False,False,False,True,False,Archive,DosWindows,2001-08-23 18:00:00.0000000,,2001-08-23 18:00:00.0000000,,2004-08-19 17:02:14.7537680,2001-08-23 18:00:00.0000000,2004-08-19 22:41:49.3072576,2004-08-19 00:00:00.0000000,0,19928282,0,,,,/evidence/windows-ntfs-mft-nist/nist-hacking-case.mft,,,
1039,1039,True,459,459,.\WINDOWS\system32,adsnw.dll,.dll,109568,1,,False,False,False,False,True,False,Archive,DosWindows,2001-08-23 18:00:00.0000000,,2001-08-23 18:00:00.0000000,,2004-08-19 17:02:14.7537680,2001-08-23 18:00:00.0000000,2004-08-19 22:41:49.3373008,2004-08-19 00:00:00.0000000,0,19929220,0,,,,/evidence/windows-ntfs-mft-nist/nist-hacking-case.mft,,,
1040,1040,True,459,459,.\WINDOWS\system32,alg.exe,.exe,40960,1,,False,False,False,False,True,False,Archive,DosWindows,2001-08-23 18:00:00.0000000,,2001-08-23 18:00:00.0000000,,2004-08-19 17:02:14.7737968,2001-08-23 18:00:00.0000000,2004-08-19 22:41:54.3645296,2004-08-19 00:00:00.0000000,0,19991480,0,,,,/evidence/windows-ntfs-mft-nist/nist-hacking-case.mft,,,
1041,1041,True,459,459,.\WINDOWS\system32,alrsvc.dll,.dll,15872,1,,False,False,False,False,True,False,Archive,DosWindows,2001-08-23 18:00:00.0000000,,2001-08-23 18:00:00.0000000,,2004-08-19 17:02:14.7838112,2001-08-23 18:00:00.0000000,2004-08-19 22:41:54.4045872,2004-08-19 00:00:00.0000000,0,19991973,0,,,,/evidence/windows-ntfs-mft-nist/nist-hacking-case.mft,,,
1042,1042,True,459,459,.\WINDOWS\system32,amstream.dll,.dll,63488,1,,False,False,False,False,True,False,Archive,DosWindows,2001-08-23 18:00:00.0000000,,2001-08-23 18:00:00.0000000,,2004-08-19 17:02:14.7838112,2001-08-23 18:00:00.0000000,2004-08-19 22:41:54.4746880,2004-08-19 00:00:00.0000000,0,19992237,0,,,,/evidence/windows-ntfs-mft-nist/nist-hacking-case.mft,,,
1043,1043,True,459,459,.\WINDOWS\system32,ansi.sys,.sys,9029,1,,False,False,False,False,True,False,Archive,DosWindows,2001-08-23 18:00:00.0000000,,2001-08-23 18:00:00.0000000,,2004-08-19 17:02:14.7938256,2001-08-23 18:00:00.0000000,2004-08-19 22:41:54.4847024,2004-08-19 00:00:00.0000000,0,19838130,0,,,,/evidence/windows-ntfs-mft-nist/nist-hacking-case.mft,,,
1044,1044,True,459,459,.\WINDOWS\system32,apcups.dll,.dll,102912,1,,False,False,False,False,True,False,Archive,DosWindows,2001-08-23 18:00:00.0000000,,2001-08-23 18:00:00.0000000,,2004-08-19 17:02:14.7938256,2001-08-23 18:00:00.0000000,2004-08-19 22:41:54.5648176,2004-08-19 00:00:00.0000000,0,19996494,0,,,,/evidence/windows-ntfs-mft-nist/nist-hacking-case.mft,,,
1045,1045,True,459,459,.\WINDOWS\system32,append.exe,.exe,12498,1,,False,False,False,False,True,False,Archive,DosWindows,2001-08-23 18:00:00.0000000,,2001-08-23 18:00:00.0000000,,2004-08-19 17:02:14.7938256,2001-08-23 18:00:00.0000000,2004-08-19 22:41:55.0655376,2004-08-19 00:00:00.0000000,0,19844675,0,,,,/evidence/windows-ntfs-mft-nist/nist-hacking-case.mft,,,
1046,1046,True,459,459,.\WINDOWS\system32,appmgmts.dll,.dll,155648,1,,False,False,False,False,True,False,Archive,DosWindows,2001-08-23 18:00:00.0000000,,2001-08-23 18:00:00.0000000,,2004-08-19 17:02:14.8038400,2001-08-23 18:00:00.0000000,2004-08-19 22:41:55.1256240,2004-08-19 00:00:00.0000000,0,19997680,0,,,,/evidence/windows-ntfs-mft-nist/nist-hacking-case.mft,,,
1047,1047,True,459,459,.\WINDOWS\system32,appmgr.dll,.dll,277504,1,,False,False,False,False,True,False,Archive,DosWindows,2001-08-23 18:00:00.0000000,,2001-08-23 18:00:00.0000000,,2004-08-19 17:02:14.8038400,2001-08-23 18:00:00.0000000,2004-08-19 22:41:55.2257680,2004-08-19 00:00:00.0000000,0,19999417,0,,,,/evidence/windows-ntfs-mft-nist/nist-hacking-case.mft,,,
1048,1048,True,459,459,.\WINDOWS\system32,arp.exe,.exe,19456,1,,False,False,False,False,True,False,Archive,DosWindows,2001-08-23 18:00:00.0000000,,2001-08-23 18:00:00.0000000,,2004-08-19 17:02:14.8138544,2001-08-23 18:00:00.0000000,2004-08-19 22:41:56.6478128,2004-08-19 00:00:00.0000000,0,20013310,0,,,,/evidence/windows-ntfs-mft-nist/nist-hacking-case.mft,,,
1049,1049,True,459,459,.\WINDOWS\system32,asctrls.ocx,.ocx,89600,1,,False,False,False,False,True,False,Archive,DosWindows,2001-08-23 18:00:00.0000000,,2001-08-23 18:00:00.0000000,,2004-08-19 17:02:14.8138544,2001-08-23 18:00:00.0000000,2004-08-19 22:41:56.7479568,2004-08-19 00:00:00.0000000,0,20013339,0,,,,/evidence/windows-ntfs-mft-nist/nist-hacking-case.mft,,,
1050,1050,True,459,459,.\WINDOWS\system32,asferror.dll,.dll,5120,1,,False,False,False,False,True,False,Archive,DosWindows,2001-08-23 18:00:00.0000000,,2001-08-23 18:00:00.0000000,,2004-08-19 17:02:14.8138544,2001-08-23 18:00:00.0000000,2004-08-19 22:41:56.7579712,2004-08-19 00:00:00.0000000,0,19856987,0,,,,/evidence/windows-ntfs-mft-nist/nist-hacking-case.mft,,,
1051,1051,True,459,459,.\WINDOWS\system32,asfsipc.dll,.dll,14366,1,,False,False,False,False,True,False,Archive,DosWindows,2001-08-23 18:00:00.0000000,,2001-08-23 18:00:00.0000000,,2004-08-19 17:02:14.8238688,2001-08-23 18:00:00.0000000,2004-08-19 22:41:31.4015104,2004-08-19 00:00:00.0000000,0,19697264,0,,,,/evidence/windows-ntfs-mft-nist/nist-hacking-case.mft,,,
1052,1052,True,459,459,.\WINDOWS\system32,asr_fmt.exe,.exe,27136,1,,False,False,False,False,True,False,Archive,DosWindows,2001-08-23 18:00:00.0000000,,2001-08-23 18:00:00.0000000,,2004-08-19 17:02:14.9440416,2001-08-23 18:00:00.0000000,2004-08-19 22:41:58.3202176,2004-08-19 00:00:00.0000000,0,20987343,0,,,,/evidence/windows-ntfs-mft-nist/nist-hacking-case.mft,,,
1053,1053,True,459,459,.\WINDOWS\system32,asr_ldm.exe,.exe,32256,1,,False,False,False,False,True,False,Archive,DosWindows,2001-08-23 18:00:00.0000000,,2001-08-23 18:00:00.0000000,,2004-08-19 17:02:14.9540560,2001-08-23 18:00:00.0000000,2004-08-19 22:41:58.3302320,2004-08-19 00:00:00.0000000,0,19873293,0,,,,/evidence/windows-ntfs-mft-nist/nist-hacking-case.mft,,,
1054,1054,True,459,459,.\WINDOWS\system32,asycfilt.dll,.dll,77824,1,,False,False,False,False,True,False,None,DosWindows,2001-08-23 18:00:00.0000000,,2001-08-23 18:00:00.0000000,,2004-08-20 15:13:06.0123104,2001-08-23 18:00:00.0000000,2004-08-25 15:27:27.6911776,2004-08-19 00:00:00.0000000,0,36703159,0,,,,/evidence/windows-ntfs-mft-nist/nist-hacking-case.mft,,,
1055,1055,True,459,459,.\WINDOWS\system32,at.exe,.exe,22528,1,,False,False,False,False,True,False,Archive,DosWindows,2001-08-23 18:00:00.0000000,,2001-08-23 18:00:00.0000000,,2004-08-19 17:02:14.9540560,2001-08-23 18:00:00.0000000,2004-08-19 22:41:58.4203616,2004-08-19 00:00:00.0000000,0,20987411,0,,,,/evidence/windows-ntfs-mft-nist/nist-hacking-case.mft,,,
1056,1056,True,459,459,.\WINDOWS\system32,atkctrs.dll,.dll,13312,1,,False,False,False,False,True,False,Archive,DosWindows,2001-08-23 18:00:00.0000000,,2001-08-23 18:00:00.0000000,,2004-08-19 17:02:14.9540560,2001-08-23 18:00:00.0000000,2004-08-19 22:41:58.5205056,2004-08-19 00:00:00.0000000,0,20987440,0,,,,/evidence/windows-ntfs-mft-nist/nist-hacking-case.mft,,,
1057,1057,True,459,459,.\WINDOWS\system32,atmadm.exe,.exe,10240,1,,False,False,False,False,True,False,Archive,DosWindows,2001-08-23 18:00:00.0000000,,2001-08-23 18:00:00.0000000,,2004-08-19 17:02:14.9640704,2001-08-23 18:00:00.0000000,2004-08-19 22:41:58.6006208,2004-08-19 00:00:00.0000000,0,20987469,0,,,,/evidence/windows-ntfs-mft-nist/nist-hacking-case.mft,,,
1058,1058,True,459,459,.\WINDOWS\system32,atmfd.dll,.dll,272768,1,,False,False,False,False,True,False,Archive,DosWindows,2001-08-23 18:00:00.0000000,,2001-08-23 18:00:00.0000000,,2004-08-19 17:02:14.9640704,2001-08-23 18:00:00.0000000,2004-08-27 15:08:16.2641056,2004-08-19 00:00:00.0000000,0,38001367,0,,,,/evidence/windows-ntfs-mft-nist/nist-hacking-case.mft,,,
1059,1059,True,459,459,.\WINDOWS\system32,atmlib.dll,.dll,27136,1,,False,False,False,False,True,False,Archive,DosWindows,2001-08-23 18:00:00.0000000,,2001-08-23 18:00:00.0000000,,2004-08-19 17:02:14.9640704,2001-08-23 18:00:00.0000000,2004-08-19 22:40:36.7529296,2004-08-19 00:00:00.0000000,0,19342529,0,,,,/evidence/windows-ntfs-mft-nist/nist-hacking-case.mft,,,
1060,1060,True,459,459,.\WINDOWS\system32,atmpvcno.dll,.dll,34816,1,,False,False,False,False,True,False,Archive,DosWindows,2001-08-23 18:00:00.0000000,,2001-08-23 18:00:00.0000000,,2004-08-19 17:02:14.9640704,2001-08-23 18:00:00.0000000,2004-08-19 22:41:59.1213696,2004-08-19 00:00:00.0000000,0,20988086,0,,,,/evidence/windows-ntfs-mft-nist/nist-hacking-case.mft,,,
1061,1061,True,459,459,.\WINDOWS\system32,attrib.exe,.exe,11264,1,,False,False,False,False,True,False,Archive,DosWindows,2001-08-23 18:00:00.0000000,,2001-08-23 18:00:00.0000000,,2004-08-19 17:02:14.9640704,2001-08-23 18:00:00.0000000,2004-08-19 22:41:59.3416864,2004-08-19 00:00:00.0000000,0,21000388,0,,,,/evidence/windows-ntfs-mft-nist/nist-hacking-case.mft,,,
1062,1062,True,459,459,.\WINDOWS\system32,autoconv.exe,.exe,578560,1,,False,False,False,False,True,False,Archive,DosWindows,2001-08-23 18:00:00.0000000,,2001-08-23 18:00:00.0000000,,2004-08-19 17:02:14.9740848,2001-08-23 18:00:00.0000000,2004-08-19 22:42:00.3030688,2004-08-19 00:00:00.0000000,0,21009451,0,,,,/evidence/windows-ntfs-mft-nist/nist-hacking-case.mft,,,
1063,1063,True,459,459,.\WINDOWS\system32,autodisc.dll,.dll,80384,1,,False,False,False,False,True,False,Archive,DosWindows,2001-08-23 18:00:00.0000000,,2001-08-23 18:00:00.0000000,,2004-08-19 17:02:14.9740848,2001-08-23 18:00:00.0000000,2004-08-19 22:42:00.3531408,2004-08-19 00:00:00.0000000,0,21009480,0,,,,/evidence/windows-ntfs-mft-nist/nist-hacking-case.mft,,,
1064,1064,True,459,459,.\WINDOWS\system32,autofmt.exe,.exe,558592,1,,False,False,False,False,True,False,Archive,DosWindows,2001-08-23 18:00:00.0000000,,2001-08-23 18:00:00.0000000,,2004-08-19 17:02:14.9840992,2001-08-23 18:00:00.0000000,2004-08-19 22:42:00.5634432,2004-08-19 00:00:00.0000000,0,21018610,0,,,,/evidence/windows-ntfs-mft-nist/nist-hacking-case.mft,,,
1065,1065,True,459,459,.\WINDOWS\system32,autolfn.exe,.exe,8192,1,,False,False,False,False,True,False,Archive,DosWindows,2001-08-23 18:00:00.0000000,,2001-08-23 18:00:00.0000000,,2004-08-19 17:02:14.9840992,2001-08-23 18:00:00.0000000,2004-08-19 22:42:00.6235296,2004-08-19 00:00:00.0000000,0,21018647,0,,,,/evidence/windows-ntfs-mft-nist/nist-hacking-case.mft,,,
1066,1066,True,459,459,.\WINDOWS\system32,avicap.dll,.dll,69584,1,,False,False,False,False,True,False,Archive,DosWindows,2001-08-23 18:00:00.0000000,,2001-08-23 18:00:00.0000000,,2004-08-19 17:02:14.9840992,2001-08-23 18:00:00.0000000,2004-08-19 00:00:00.0000000,,0,9500575,0,,,,/evidence/windows-ntfs-mft-nist/nist-hacking-case.mft,,,
1067,1067,True,459,459,.\WINDOWS\system32,avicap32.dll,.dll,64000,1,,False,False,False,False,True,False,Archive,DosWindows,2001-08-23 18:00:00.0000000,,2001-08-23 18:00:00.0000000,,2004-08-19 17:02:14.9840992,2001-08-23 18:00:00.0000000,2004-08-19 22:42:00.7036448,2004-08-19 00:00:00.0000000,0,21019888,0,,,,/evidence/windows-ntfs-mft-nist/nist-hacking-case.mft,,,
1068,1068,True,459,459,.\WINDOWS\system32,avifile.dll,.dll,109456,1,,False,False,False,False,True,False,Archive,DosWindows,2001-08-23 18:00:00.0000000,,2001-08-23 18:00:00.0000000,,2004-08-19 17:02:14.9941136,2001-08-23 18:00:00.0000000,2004-08-19 00:00:00.0000000,,0,9500928,0,,,,/evidence/windows-ntfs-mft-nist/nist-hacking-case.mft,,,
1069,1069,True,459,459,.\WINDOWS\system32,bidispl.dll,.dll,14848,1,,False,False,False,False,True,False,Archive,DosWindows,2001-08-23 18:00:00.0000000,,2001-08-23 18:00:00.0000000,,2004-08-19 17:02:14.9941136,2001-08-23 18:00:00.0000000,2004-08-19 22:42:03.1071008,2004-08-19 00:00:00.0000000,0,21034252,0,,,,/evidence/windows-ntfs-mft-nist/nist-hacking-case.mft,,,
1070,1070,True,459,459,.\WINDOWS\system32,bios1.rom,.rom,28420,1,,False,False,False,False,True,False,Archive,DosWindows,2001-08-23 18:00:00.0000000,,2001-08-23 18:00:00.0000000,,2004-08-19 17:02:14.9941136,2001-08-23 18:00:00.0000000,2004-08-19 00:00:00.0000000,,0,9501458,0,,,,/evidence/windows-ntfs-mft-nist/nist-hacking-case.mft,,,
1071,1071,True,459,459,.\WINDOWS\system32,bios4.rom,.rom,8191,1,,False,False,False,False,True,False,Archive,DosWindows,2001-08-23 18:00:00.0000000,,2001-08-23 18:00:00.0000000,,2004-08-19 17:02:15.0041280,2001-08-23 18:00:00.0000000,2004-08-19 00:00:00.0000000,,0,9501573,0,,,,/evidence/windows-ntfs-mft-nist/nist-hacking-case.mft,,,
1072,1072,True,459,459,.\WINDOWS\system32,blackbox.dll,.dll,204800,1,,False,False,False,False,True,False,Archive,DosWindows,2001-08-23 18:00:00.0000000,,2001-08-23 18:00:00.0000000,,2004-08-19 17:02:15.0041280,2001-08-23 18:00:00.0000000,2004-08-19 22:42:03.2072448,2004-08-19 00:00:00.0000000,0,21034281,0,,,,/evidence/windows-ntfs-mft-nist/nist-hacking-case.mft,,,
1073,1073,True,459,459,.\WINDOWS\system32,bootcfg.exe,.exe,136704,1,,False,False,False,False,True,False,Archive,DosWindows,2001-08-23 18:00:00.0000000,,2001-08-23 18:00:00.0000000,,2004-08-19 17:02:15.0041280,2001-08-23 18:00:00.0000000,2004-08-19 22:42:03.3774896,2004-08-19 00:00:00.0000000,0,21036318,0,,,,/evidence/windows-ntfs-mft-nist/nist-hacking-case.mft,,,
1074,1074,True,459,459,.\WINDOWS\system32,bootok.exe,.exe,4608,1,,False,False,False,False,True,False,Archive,DosWindows,2001-08-23 18:00:00.0000000,,2001-08-23 18:00:00.0000000,,2004-08-19 17:02:15.0041280,2001-08-23 18:00:00.0000000,2004-08-19 22:42:03.3975184,2004-08-19 00:00:00.0000000,0,21036347,0,,,,/evidence/windows-ntfs-mft-nist/nist-hacking-case.mft,,,
1075,1075,True,459,459,.\WINDOWS\system32,bootvrfy.exe,.exe,5120,1,,False,False,False,False,True,False,Archive,DosWindows,2001-08-23 18:00:00.0000000,,2001-08-23 18:00:00.0000000,,2004-08-19 17:02:15.0141424,2001-08-23 18:00:00.0000000,2004-08-19 22:42:03.5076768,2004-08-19 00:00:00.0000000,0,21036405,0,,,,/evidence/windows-ntfs-mft-nist/nist-hacking-case.mft,,,
1076,1076,True,459,459,.\WINDOWS\system32,browsewm.dll,.dll,71680,1,,False,False,False,False,True,False,Archive,DosWindows,2001-08-23 18:00:00.0000000,,2001-08-23 18:00:00.0000000,,2004-08-19 17:02:15.0241568,2001-08-23 18:00:00.0000000,2004-08-19 22:42:04.7795056,2004-08-19 00:00:00.0000000,0,21107948,0,,,,/evidence/windows-ntfs-mft-nist/nist-hacking-case.mft,,,
1077,1077,True,459,459,.\WINDOWS\system32,c_037.nls,.nls,66082,1,,False,False,False,False,True,False,Archive,DosWindows,2001-08-23 18:00:00.0000000,,2001-08-23 18:00:00.0000000,,2004-08-19 17:02:15.0241568,2001-08-23 18:00:00.0000000,2004-08-19 00:00:00.0000000,,0,36802169,0,,,,/evidence/windows-ntfs-mft-nist/nist-hacking-case.mft,,,
1078,1078,True,459,459,.\WINDOWS\system32,c_10000.nls,.nls,66082,1,,False,False,False,False,True,False,Archive,DosWindows,2001-08-23 18:00:00.0000000,,2001-08-23 18:00:00.0000000,,2004-08-19 17:02:15.0241568,2001-08-23 18:00:00.0000000,2004-08-19 00:00:00.0000000,,0,36804315,0,,,,/evidence/windows-ntfs-mft-nist/nist-hacking-case.mft,,,
1079,1079,True,459,459,.\WINDOWS\system32,c_10079.nls,.nls,66082,1,,False,False,False,False,True,False,Archive,DosWindows,2001-08-23 18:00:00.0000000,,2001-08-23 18:00:00.0000000,,2004-08-19 17:02:15.0241568,2001-08-23 18:00:00.0000000,2004-08-19 00:00:00.0000000,,0,36802425,0,,,,/evidence/windows-ntfs-mft-nist/nist-hacking-case.mft,,,
1080,1080,True,459,459,.\WINDOWS\system32,c_1026.nls,.nls,66082,1,,False,False,False,False,True,False,Archive,DosWindows,2001-08-23 18:00:00.0000000,,2001-08-23 18:00:00.0000000,,2004-08-19 17:02:15.0241568,2001-08-23 18:00:00.0000000,2004-08-19 00:00:00.0000000,,0,36802030,0,,,,/evidence/windows-ntfs-mft-nist/nist-hacking-case.mft,,,
1081,1081,True,459,459,.\WINDOWS\system32,c_1250.nls,.nls,66082,1,,False,False,False,False,True,False,Archive,DosWindows,2001-08-23 18:00:00.0000000,,2001-08-23 18:00:00.0000000,,2004-08-19 17:02:15.0341712,2001-08-23 18:00:00.0000000,2004-08-19 00:00:00.0000000,,0,36799169,0,,,,/evidence/windows-ntfs-mft-nist/nist-hacking-case.mft,,,
1082,1082,True,459,459,.\WINDOWS\system32,c_1251.nls,.nls,66082,1,,False,False,False,False,True,False,Archive,DosWindows,2001-08-23 18:00:00.0000000,,2001-08-23 18:00:00.0000000,,2004-08-19 17:02:15.0341712,2001-08-23 18:00:00.0000000,2004-08-19 00:00:00.0000000,,0,36799817,0,,,,/evidence/windows-ntfs-mft-nist/nist-hacking-case.mft,,,
1083,1083,True,459,459,.\WINDOWS\system32,c_1253.nls,.nls,66082,1,,False,False,False,False,True,False,Archive,DosWindows,2001-08-23 18:00:00.0000000,,2001-08-23 18:00:00.0000000,,2004-08-19 17:02:15.0341712,2001-08-23 18:00:00.0000000,2004-08-19 00:00:00.0000000,,0,36800731,0,,,,/evidence/windows-ntfs-mft-nist/nist-hacking-case.mft,,,
1084,1084,True,459,459,.\WINDOWS\system32,c_1254.nls,.nls,66082,1,,False,False,False,False,True,False,Archive,DosWindows,2001-08-23 18:00:00.0000000,,2001-08-23 18:00:00.0000000,,2004-08-19 17:02:15.0441856,2001-08-23 18:00:00.0000000,2004-08-19 00:00:00.0000000,,0,36801902,0,,,,/evidence/windows-ntfs-mft-nist/nist-hacking-case.mft,,,
1085,1085,True,459,459,.\WINDOWS\system32,c_1255.nls,.nls,66082,1,,False,False,False,False,True,False,Archive,DosWindows,2001-08-23 18:00:00.0000000,,2001-08-23 18:00:00.0000000,,2004-08-19 17:02:15.0441856,2001-08-23 18:00:00.0000000,2004-08-19 00:00:00.0000000,,0,36801379,0,,,,/evidence/windows-ntfs-mft-nist/nist-hacking-case.mft,,,
1086,1086,True,459,459,.\WINDOWS\system32,c_1256.nls,.nls,66082,1,,False,False,False,False,True,False,Archive,DosWindows,2001-08-23 18:00:00.0000000,,2001-08-23 18:00:00.0000000,,2004-08-19 17:02:15.0441856,2001-08-23 18:00:00.0000000,2004-08-19 00:00:00.0000000,,0,36798648,0,,,,/evidence/windows-ntfs-mft-nist/nist-hacking-case.mft,,,
1087,1087,True,459,459,.\WINDOWS\system32,c_1257.nls,.nls,66082,1,,False,False,False,False,True,False,Archive,DosWindows,2001-08-23 18:00:00.0000000,,2001-08-23 18:00:00.0000000,,2004-08-19 17:02:15.0441856,2001-08-23 18:00:00.0000000,2004-08-19 00:00:00.0000000,,0,36798776,0,,,,/evidence/windows-ntfs-mft-nist/nist-hacking-case.mft,,,
1088,1088,True,459,459,.\WINDOWS\system32,c_1258.nls,.nls,66082,1,,False,False,False,False,True,False,Archive,DosWindows,2001-08-23 18:00:00.0000000,,2001-08-23 18:00:00.0000000,,2004-08-19 17:02:15.0441856,2001-08-23 18:00:00.0000000,2004-08-19 00:00:00.0000000,,0,36804050,0,,,,/evidence/windows-ntfs-mft-nist/nist-hacking-case.mft,,,
1089,1089,True,459,459,.\WINDOWS\system32,c_20261.nls,.nls,139810,1,,False,False,False,False,True,False,Archive,DosWindows,2001-08-23 18:00:00.0000000,,2001-08-23 18:00:00.0000000,,2004-08-19 17:02:15.0542000,2001-08-23 18:00:00.0000000,2004-08-19 00:00:00.0000000,,0,36803274,0,,,,/evidence/windows-ntfs-mft-nist/nist-hacking-case.mft,,,
1090,1090,True,459,459,.\WINDOWS\system32,c_20866.nls,.nls,66082,1,,False,False,False,False,True,False,Archive,DosWindows,2001-08-23 18:00:00.0000000,,2001-08-23 18:00:00.0000000,,2004-08-19 17:02:15.0542000,2001-08-23 18:00:00.0000000,2004-08-19 00:00:00.0000000,,0,36800209,0,,,,/evidence/windows-ntfs-mft-nist/nist-hacking-case.mft,,,
1091,1091,True,459,459,.\WINDOWS\system32,c_20905.nls,.nls,66082,1,,False,False,False,False,True,False,Archive,DosWindows,2001-08-23 18:00:00.0000000,,2001-08-23 18:00:00.0000000,,2004-08-19 17:02:15.0542000,2001-08-23 18:00:00.0000000,2004-08-19 00:00:00.0000000,,0,9504745,0,,,,/evidence/windows-ntfs-mft-nist/nist-hacking-case.mft,,,
1092,1092,True,459,459,.\WINDOWS\system32,c_21866.nls,.nls,66082,1,,False,False,False,False,True,False,Archive,DosWindows,2001-08-23 18:00:00.0000000,,2001-08-23 18:00:00.0000000,,2004-08-19 17:02:15.0542000,2001-08-23 18:00:00.0000000,2004-08-19 00:00:00.0000000,,0,36800337,0,,,,/evidence/windows-ntfs-mft-nist/nist-hacking-case.mft,,,
1093,1093,True,459,459,.\WINDOWS\system32,c_28591.nls,.nls,66082,1,,False,False,False,False,True,False,Archive,DosWindows,2001-08-23 18:00:00.0000000,,2001-08-23 18:00:00.0000000,,2004-08-19 17:02:15.0542000,2001-08-23 18:00:00.0000000,2004-08-19 00:00:00.0000000,,0,36798444,0,,,,/evidence/windows-ntfs-mft-nist/nist-hacking-case.mft,,,
1094,1094,True,459,459,.\WINDOWS\system32,c_28592.nls,.nls,66082,1,,False,False,False,False,True,False,Archive,DosWindows,2001-08-23 18:00:00.0000000,,2001-08-23 18:00:00.0000000,,2004-08-19 17:02:15.0642144,2001-08-23 18:00:00.0000000,2004-08-19 00:00:00.0000000,,0,36799425,0,,,,/evidence/windows-ntfs-mft-nist/nist-hacking-case.mft,,,
1095,1095,True,459,459,.\WINDOWS\system32,c_28593.nls,.nls,66082,1,,False,False,False,False,True,False,Archive,DosWindows,2001-08-23 18:00:00.0000000,,2001-08-23 18:00:00.0000000,,2004-08-19 17:02:15.0642144,2001-08-23 18:00:00.0000000,2004-08-19 00:00:00.0000000,,0,9505288,0,,,,/evidence/windows-ntfs-mft-nist/nist-hacking-case.mft,,,
1096,1096,True,459,459,.\WINDOWS\system32,c_28598.nls,.nls,66082,1,,False,False,False,False,True,False,Archive,DosWindows,2001-08-23 18:00:00.0000000,,2001-08-23 18:00:00.0000000,,2004-08-19 17:02:15.0642144,2001-08-23 18:00:00.0000000,2004-08-19 00:00:00.0000000,,0,9505403,0,,,,/evidence/windows-ntfs-mft-nist/nist-hacking-case.mft,,,
1097,1097,True,459,459,.\WINDOWS\system32,c_28605.nls,.nls,66082,1,,False,False,False,False,True,False,Archive,DosWindows,2001-08-23 18:00:00.0000000,,2001-08-23 18:00:00.0000000,,2004-08-19 17:02:15.0642144,2001-08-23 18:00:00.0000000,2004-08-19 00:00:00.0000000,,0,36802553,0,,,,/evidence/windows-ntfs-mft-nist/nist-hacking-case.mft,,,
1098,1098,True,459,459,.\WINDOWS\system32,c_500.nls,.nls,66082,1,,False,False,False,False,True,False,Archive,DosWindows,2001-08-23 18:00:00.0000000,,2001-08-23 18:00:00.0000000,,2004-08-19 17:02:15.0742288,2001-08-23 18:00:00.0000000,2004-08-19 00:00:00.0000000,,0,36801646,0,,,,/evidence/windows-ntfs-mft-nist/nist-hacking-case.mft,,,
1099,1099,True,459,459,.\WINDOWS\system32,c_775.nls,.nls,66594,1,,False,False,False,False,True,False,Archive,DosWindows,2001-08-23 18:00:00.0000000,,2001-08-23 18:00:00.0000000,,2004-08-19 17:02:15.0742288,2001-08-23 18:00:00.0000000,2004-08-19 00:00:00.0000000,,0,36798905,0,,,,/evidence/windows-ntfs-mft-nist/nist-hacking-case.mft,,,
1100,1100,True,459,459,.\WINDOWS\system32,c_850.nls,.nls,66594,1,,False,False,False,False,True,False,Archive,DosWindows,2001-08-23 18:00:00.0000000,,2001-08-23 18:00:00.0000000,,2004-08-19 17:02:15.0742288,2001-08-23 18:00:00.0000000,2004-08-19 00:00:00.0000000,,0,36804187,0,,,,/evidence/windows-ntfs-mft-nist/nist-hacking-case.mft,,,
1101,1101,True,459,459,.\WINDOWS\system32,c_860.nls,.nls,66594,1,,False,False,False,False,True,False,Archive,DosWindows,2001-08-23 18:00:00.0000000,,2001-08-23 18:00:00.0000000,,2004-08-19 17:02:15.0742288,2001-08-23 18:00:00.0000000,2004-08-19 00:00:00.0000000,,0,36802945,0,,,,/evidence/windows-ntfs-mft-nist/nist-hacking-case.mft,,,
1102,1102,True,459,459,.\WINDOWS\system32,c_861.nls,.nls,66594,1,,False,False,False,False,True,False,Archive,DosWindows,2001-08-23 18:00:00.0000000,,2001-08-23 18:00:00.0000000,,2004-08-19 17:02:15.0742288,2001-08-23 18:00:00.0000000,2004-08-19 00:00:00.0000000,,0,36802297,0,,,,/evidence/windows-ntfs-mft-nist/nist-hacking-case.mft,,,
1103,1103,True,459,459,.\WINDOWS\system32,c_863.nls,.nls,66594,1,,False,False,False,False,True,False,Archive,DosWindows,2001-08-23 18:00:00.0000000,,2001-08-23 18:00:00.0000000,,2004-08-19 17:02:15.0842432,2001-08-23 18:00:00.0000000,2004-08-19 00:00:00.0000000,,0,36800603,0,,,,/evidence/windows-ntfs-mft-nist/nist-hacking-case.mft,,,
1104,1104,True,459,459,.\WINDOWS\system32,c_865.nls,.nls,66594,1,,False,False,False,False,True,False,Archive,DosWindows,2001-08-23 18:00:00.0000000,,2001-08-23 18:00:00.0000000,,2004-08-19 17:02:15.0842432,2001-08-23 18:00:00.0000000,2004-08-19 00:00:00.0000000,,0,36802689,0,,,,/evidence/windows-ntfs-mft-nist/nist-hacking-case.mft,,,
1105,1105,True,459,459,.\WINDOWS\system32,c_874.nls,.nls,66594,1,,False,False,False,False,True,False,Archive,DosWindows,2001-08-23 18:00:00.0000000,,2001-08-23 18:00:00.0000000,,2004-08-19 17:02:15.0842432,2001-08-23 18:00:00.0000000,2004-08-19 00:00:00.0000000,,0,36801774,0,,,,/evidence/windows-ntfs-mft-nist/nist-hacking-case.mft,,,
1106,1106,True,459,459,.\WINDOWS\system32,c_932.nls,.nls,162850,1,,False,False,False,False,True,False,Archive,DosWindows,2001-08-23 18:00:00.0000000,,2001-08-23 18:00:00.0000000,,2004-08-19 17:02:15.0842432,2001-08-23 18:00:00.0000000,2004-08-19 00:00:00.0000000,,0,36699421,0,,,,/evidence/windows-ntfs-mft-nist/nist-hacking-case.mft,,,
1107,1107,True,459,459,.\WINDOWS\system32,c_936.nls,.nls,196642,1,,False,False,False,False,True,False,Archive,DosWindows,2001-08-23 18:00:00.0000000,,2001-08-23 18:00:00.0000000,,2004-08-19 17:02:15.0842432,2001-08-23 18:00:00.0000000,2004-08-19 00:00:00.0000000,,0,36700211,0,,,,/evidence/windows-ntfs-mft-nist/nist-hacking-case.mft,,,
1108,1108,True,459,459,.\WINDOWS\system32,c_949.nls,.nls,196642,1,,False,False,False,False,True,False,Archive,DosWindows,2001-08-23 18:00:00.0000000,,2001-08-23 18:00:00.0000000,,2004-08-19 17:02:15.0942576,2001-08-23 18:00:00.0000000,2004-08-19 00:00:00.0000000,,0,36699687,0,,,,/evidence/windows-ntfs-mft-nist/nist-hacking-case.mft,,,
1109,1109,True,459,459,.\WINDOWS\system32,c_950.nls,.nls,196642,1,,False,False,False,False,True,False,Archive,DosWindows,2001-08-23 18:00:00.0000000,,2001-08-23 18:00:00.0000000,,2004-08-19 17:02:15.0942576,2001-08-23 18:00:00.0000000,2004-08-19 00:00:00.0000000,,0,36699945,0,,,,/evidence/windows-ntfs-mft-nist/nist-hacking-case.mft,,,
1110,1110,True,459,459,.\WINDOWS\system32,cabview.dll,.dll,80384,1,,False,False,False,False,True,False,Archive,DosWindows,2001-08-23 18:00:00.0000000,,2001-08-23 18:00:00.0000000,,2004-08-19 17:02:15.0942576,2001-08-23 18:00:00.0000000,2004-08-19 22:42:06.4619248,2004-08-19 00:00:00.0000000,0,21110565,0,,,,/evidence/windows-ntfs-mft-nist/nist-hacking-case.mft,,,
1111,1111,True,459,459,.\WINDOWS\system32,cacls.exe,.exe,18432,1,,False,False,False,False,True,False,Archive,DosWindows,2001-08-23 18:00:00.0000000,,2001-08-23 18:00:00.0000000,,2004-08-19 17:02:15.0942576,2001-08-23 18:00:00.0000000,2004-08-19 22:42:06.4719392,2004-08-19 00:00:00.0000000,0,19982243,0,,,,/evidence/windows-ntfs-mft-nist/nist-hacking-case.mft,,,
1112,1112,True,459,459,.\WINDOWS\system32,camocx.dll,.dll,45056,1,,False,False,False,False,True,False,Archive,DosWindows,2001-08-23 18:00:00.0000000,,2001-08-23 18:00:00.0000000,,2004-08-19 17:02:15.1042720,2001-08-23 18:00:00.0000000,2004-08-19 22:42:07.0427600,2004-08-19 00:00:00.0000000,0,21111695,0,,,,/evidence/windows-ntfs-mft-nist/nist-hacking-case.mft,,,
1113,1113,True,459,459,.\WINDOWS\system32,capesnpn.dll,.dll,142848,1,,False,False,False,False,True,False,Archive,DosWindows,2001-08-23 18:00:00.0000000,,2001-08-23 18:00:00.0000000,,2004-08-19 17:02:15.1042720,2001-08-23 18:00:00.0000000,2004-08-19 22:42:07.4333216,2004-08-19 00:00:00.0000000,0,21113495,0,,,,/evidence/windows-ntfs-mft-nist/nist-hacking-case.mft,,,
1114,1114,True,459,459,.\WINDOWS\system32,cards.dll,.dll,359936,1,,False,False,False,False,True,False,Archive,DosWindows,2001-08-23 18:00:00.0000000,,2001-08-23 18:00:00.0000000,,2004-08-19 17:02:15.1042720,2001-08-23 18:00:00.0000000,2004-08-19 22:42:07.6135808,2004-08-19 00:00:00.0000000,0,21113524,0,,,,/evidence/windows-ntfs-mft-nist/nist-hacking-case.mft,,,
1115,1115,True,459,459,.\WINDOWS\system32,ccfgnt.dll,.dll,27648,1,,False,False,False,False,True,False,Archive,DosWindows,2001-08-23 18:00:00.0000000,,2001-08-23 18:00:00.0000000,,2004-08-19 17:02:15.1343152,2001-08-23 18:00:00.0000000,2004-08-19 22:42:08.5949920,2004-08-19 00:00:00.0000000,0,21119765,0,,,,/evidence/windows-ntfs-mft-nist/nist-hacking-case.mft,,,
1116,1116,True,459,459,.\WINDOWS\system32,cdfview.dll,.dll,142336,1,,False,False,False,False,True,False,Archive,DosWindows,2001-08-23 18:00:00.0000000,,2001-08-23 18:00:00.0000000,,2004-08-19 17:02:15.1343152,2001-08-23 18:00:00.0000000,2004-08-20 15:18:02.9893424,2004-08-19 00:00:00.0000000,0,36715836,0,,,,/evidence/windows-ntfs-mft-nist/nist-hacking-case.mft,,,
1117,1117,True,459,459,.\WINDOWS\system32,cdm.dll,.dll,9728,1,,False,False,False,False,True,False,Archive,DosWindows,2001-08-23 18:00:00.0000000,,2001-08-23 18:00:00.0000000,,2004-08-19 17:02:15.1443296,2001-08-23 18:00:00.0000000,2004-08-19 22:42:09.0055824,2004-08-19 00:00:00.0000000,0,21119852,0,,,,/evidence/windows-ntfs-mft-nist/nist-hacking-case.mft,,,
1118,1118,True,459,459,.\WINDOWS\system32,cdosys.dll,.dll,2028032,1,,False,False,False,False,True,False,Archive,DosWindows,2001-08-23 18:00:00.0000000,,2001-08-23 18:00:00.0000000,,2004-08-19 17:02:15.1443296,2001-08-23 18:00:00.0000000,2004-08-19 22:42:09.6164608,2004-08-19 00:00:00.0000000,0,21127577,0,,,,/evidence/windows-ntfs-mft-nist/nist-hacking-case.mft,,,
1119,1119,True,459,459,.\WINDOWS\system32,certmgr.dll,.dll,436736,1,,False,False,False,False,True,False,Archive,DosWindows,2001-08-23 18:00:00.0000000,,2001-08-23 18:00:00.0000000,,2004-08-19 17:02:15.1443296,2001-08-23 18:00:00.0000000,2004-08-19 22:42:10.3374976,2004-08-19 00:00:00.0000000,0,21130515,0,,,,/evidence/windows-ntfs-mft-nist/nist-hacking-case.mft,,,
1120,1120,True,459,459,.\WINDOWS\system32,certmgr.msc,.msc,42339,1,,False,False,False,False,True,False,Archive,DosWindows,2001-08-23 18:00:00.0000000,,2001-08-23 18:00:00.0000000,,2004-08-19 17:02:15.1443296,2001-08-23 18:00:00.0000000,2004-08-19 00:00:00.0000000,,0,9514005,0,,,,/evidence/windows-ntfs-mft-nist/nist-hacking-case.mft,,,
1121,1121,True,459,459,.\WINDOWS\system32,cewmdm.dll,.dll,179712,1,,False,False,False,False,True,False,Archive,DosWindows,2001-08-23 18:00:00.0000000,,2001-08-23 18:00:00.0000000,,2004-08-19 17:02:15.1543440,2001-08-23 18:00:00.0000000,2004-08-19 22:42:10.4476560,2004-08-19 00:00:00.0000000,0,21130544,0,,,,/evidence/windows-ntfs-mft-nist/nist-hacking-case.mft,,,
1122,1122,True,459,459,.\WINDOWS\system32,diskcomp.com,.com,9216,1,,False,False,False,False,True,False,Archive,DosWindows,2001-08-23 18:00:00.0000000,,2001-08-23 18:00:00.0000000,,2004-08-19 17:02:15.5849632,2001-08-23 18:00:00.0000000,2004-08-19 00:00:00.0000000,,0,9533018,0,,,,/evidence/windows-ntfs-mft-nist/nist-hacking-case.mft,,,
1123,1123,True,459,459,.\WINDOWS\system32,View Channels.scf,.scf,75,1,,False,False,False,False,True,False,Archive,Windows,2001-08-23 18:00:00.0000000,,2001-08-23 18:00:00.0000000,,2004-08-19 17:02:19.7509536,2001-08-23 18:00:00.0000000,2004-08-19 00:00:00.0000000,,0,9710153,0,,,,/evidence/windows-ntfs-mft-nist/nist-hacking-case.mft,,,
1124,1124,True,459,459,.\WINDOWS\system32,chcp.com,.com,7680,1,,False,False,False,False,True,False,Archive,DosWindows,2001-08-23 18:00:00.0000000,,2001-08-23 18:00:00.0000000,,2004-08-19 17:02:15.1543440,2001-08-23 18:00:00.0000000,2004-08-19 00:00:00.0000000,,0,9514412,0,,,,/evidence/windows-ntfs-mft-nist/nist-hacking-case.mft,,,
1125,1125,True,459,459,.\WINDOWS\system32,chkdsk.exe,.exe,11776,1,,False,False,False,False,True,False,Archive,DosWindows,2001-08-23 18:00:00.0000000,,2001-08-23 18:00:00.0000000,,2004-08-19 17:02:15.1543440,2001-08-23 18:00:00.0000000,2004-08-19 22:42:13.6923216,2004-08-19 00:00:00.0000000,0,21185595,0,,,,/evidence/windows-ntfs-mft-nist/nist-hacking-case.mft,,,
1126,1126,True,459,459,.\WINDOWS\system32,chkntfs.exe,.exe,11264,1,,False,False,False,False,True,False,Archive,DosWindows,2001-08-23 18:00:00.0000000,,2001-08-23 18:00:00.0000000,,2004-08-19 17:02:15.1543440,2001-08-23 18:00:00.0000000,2004-08-19 22:42:13.7023360,2004-08-19 00:00:00.0000000,0,20052331,0,,,,/evidence/windows-ntfs-mft-nist/nist-hacking-case.mft,,,
1127,1127,True,459,459,.\WINDOWS\system32,ciadmin.dll,.dll,163328,1,,False,False,False,False,True,False,Archive,DosWindows,2001-08-23 18:00:00.0000000,,2001-08-23 18:00:00.0000000,,2004-08-19 17:02:15.1643584,2001-08-23 18:00:00.0000000,2004-08-19 22:42:17.7982256,2004-08-19 00:00:00.0000000,0,21195986,0,,,,/evidence/windows-ntfs-mft-nist/nist-hacking-case.mft,,,
1128,1128,True,459,459,.\WINDOWS\system32,ciadv.msc,.msc,41762,1,,False,False,False,False,True,False,Archive,DosWindows,2001-08-23 18:00:00.0000000,,2001-08-23 18:00:00.0000000,,2004-08-19 17:02:15.1643584,2001-08-23 18:00:00.0000000,2004-08-19 00:00:00.0000000,,0,9514880,0,,,,/evidence/windows-ntfs-mft-nist/nist-hacking-case.mft,,,
1129,1129,True,459,459,.\WINDOWS\system32,cic.dll,.dll,109568,1,,False,False,False,False,True,False,Archive,DosWindows,2001-08-23 18:00:00.0000000,,2001-08-23 18:00:00.0000000,,2004-08-19 17:02:15.1643584,2001-08-23 18:00:00.0000000,2004-08-19 22:42:18.1086720,2004-08-19 00:00:00.0000000,0,21196015,0,,,,/evidence/windows-ntfs-mft-nist/nist-hacking-case.mft,,,
1130,1130,True,459,459,.\WINDOWS\system32,cidaemon.exe,.exe,8192,1,,False,False,False,False,True,False,Archive,DosWindows,2001-08-23 18:00:00.0000000,,2001-08-23 18:00:00.0000000,,2004-08-19 17:02:15.1643584,2001-08-23 18:00:00.0000000,2004-08-19 22:42:18.1487296,2004-08-19 00:00:00.0000000,0,20986352,0,,,,/evidence/windows-ntfs-mft-nist/nist-hacking-case.mft,,,
1131,1131,True,459,459,.\WINDOWS\system32,ciodm.dll,.dll,62976,1,,False,False,False,False,True,False,Archive,DosWindows,2001-08-23 18:00:00.0000000,,2001-08-23 18:00:00.0000000,,2004-08-19 17:02:15.1643584,2001-08-23 18:00:00.0000000,2004-08-19 22:42:21.1129920,2004-08-19 00:00:00.0000000,0,21228835,0,,,,/evidence/windows-ntfs-mft-nist/nist-hacking-case.mft,,,
1132,1132,True,459,459,.\WINDOWS\system32,cipher.exe,.exe,45056,1,,False,False,False,False,True,False,Archive,DosWindows,2001-08-23 18:00:00.0000000,,2001-08-23 18:00:00.0000000,,2004-08-19 17:02:15.1743728,2001-08-23 18:00:00.0000000,2004-08-19 22:42:21.1430352,2004-08-19 00:00:00.0000000,0,21233412,0,,,,/evidence/windows-ntfs-mft-nist/nist-hacking-case.mft,,,
1133,1133,True,459,459,.\WINDOWS\system32,cisvc.exe,.exe,5120,1,,False,False,False,False,True,False,Archive,DosWindows,2001-08-23 18:00:00.0000000,,2001-08-23 18:00:00.0000000,,2004-08-19 17:02:15.1743728,2001-08-23 18:00:00.0000000,2004-08-19 22:42:21.1530496,2004-08-19 00:00:00.0000000,0,21016811,0,,,,/evidence/windows-ntfs-mft-nist/nist-hacking-case.mft,,,
1134,1134,True,459,459,.\WINDOWS\system32,ckcnv.exe,.exe,7680,1,,False,False,False,False,True,False,Archive,DosWindows,2001-08-23 18:00:00.0000000,,2001-08-23 18:00:00.0000000,,2004-08-19 17:02:15.1743728,2001-08-23 18:00:00.0000000,2004-08-19 22:42:21.1730784,2004-08-19 00:00:00.0000000,0,21233441,0,,,,/evidence/windows-ntfs-mft-nist/nist-hacking-case.mft,,,
1135,1135,True,459,459,.\WINDOWS\system32,diskcopy.com,.com,7168,1,,False,False,False,False,True,False,Archive,DosWindows,2001-08-23 18:00:00.0000000,,2001-08-23 18:00:00.0000000,,2004-08-19 17:02:15.5849632,2001-08-23 18:00:00.0000000,2004-08-19 00:00:00.0000000,,0,9533133,0,,,,/evidence/windows-ntfs-mft-nist/nist-hacking-case.mft,,,
1136,1136,True,459,459,.\WINDOWS\system32,shellstyle.dll,.dll,435712,1,,False,False,False,False,True,False,Archive,Windows,2001-08-23 18:00:00.0000000,,2001-08-23 18:00:00.0000000,,2004-08-19 17:02:18.7394992,2001-08-23 18:00:00.0000000,2004-08-26 15:06:57.0954384,2004-08-19 00:00:00.0000000,0,36204247,0,,,,/evidence/windows-ntfs-mft-nist/nist-hacking-case.mft,,,
1137,1137,True,459,459,.\WINDOWS\system32,cleanmgr.exe,.exe,61440,1,,False,False,False,False,True,False,Archive,DosWindows,2001-08-23 18:00:00.0000000,,2001-08-23 18:00:00.0000000,,2004-08-19 23:05:14.6306192,2001-08-23 18:00:00.0000000,2004-08-19 22:42:21.5736544,2004-08-19 00:00:00.0000000,0,27040118,0,,,,/evidence/windows-ntfs-mft-nist/nist-hacking-case.mft,,,
1138,1138,True,459,459,.\WINDOWS\system32,cliconf.chm,.chm,71859,1,,False,False,False,False,True,False,Archive,DosWindows,2001-08-23 18:00:00.0000000,,2001-08-23 18:00:00.0000000,,2004-08-19 17:02:15.1843872,2001-08-23 18:00:00.0000000,2004-08-19 00:00:00.0000000,,0,9516322,0,,,,/evidence/windows-ntfs-mft-nist/nist-hacking-case.mft,,,
1139,1139,True,459,459,.\WINDOWS\system32,cliconfg.dll,.dll,127552,1,,False,False,False,False,True,False,Archive,DosWindows,2001-08-23 18:00:00.0000000,,2001-08-23 18:00:00.0000000,,2004-08-19 17:02:15.1843872,2001-08-23 18:00:00.0000000,2004-08-19 00:00:00.0000000,,0,9516437,0,,,,/evidence/windows-ntfs-mft-nist/nist-hacking-case.mft,,,
1140,1140,True,459,459,.\WINDOWS\system32,cliconfg.exe,.exe,45632,1,,False,False,False,False,True,False,Archive,DosWindows,2001-08-23 18:00:00.0000000,,2001-08-23 18:00:00.0000000,,2004-08-19 17:02:15.1843872,2001-08-23 18:00:00.0000000,2004-08-19 00:00:00.0000000,,0,9516563,0,,,,/evidence/windows-ntfs-mft-nist/nist-hacking-case.mft,,,
1141,1141,True,459,459,.\WINDOWS\system32,cliconfg.rll,.rll,24576,1,,False,False,False,False,True,False,Archive,DosWindows,2001-08-23 18:00:00.0000000,,2001-08-23 18:00:00.0000000,,2004-08-19 17:02:15.1843872,2001-08-23 18:00:00.0000000,2004-08-19 00:00:00.0000000,,0,9516742,0,,,,/evidence/windows-ntfs-mft-nist/nist-hacking-case.mft,,,
1142,1142,True,459,459,.\WINDOWS\system32,clipsrv.exe,.exe,30720,1,,False,False,False,False,True,False,Archive,DosWindows,2001-08-23 18:00:00.0000000,,2001-08-23 18:00:00.0000000,,2004-08-19 17:02:15.1944016,2001-08-23 18:00:00.0000000,2004-08-19 22:42:21.7038416,2004-08-19 00:00:00.0000000,0,21236436,0,,,,/evidence/windows-ntfs-mft-nist/nist-hacking-case.mft,,,
1143,1143,True,459,459,.\WINDOWS\system32,clusapi.dll,.dll,53248,1,,False,False,False,False,True,False,Archive,DosWindows,2001-08-23 18:00:00.0000000,,2001-08-23 18:00:00.0000000,,2004-08-19 17:02:15.1944016,2001-08-23 18:00:00.0000000,2004-08-27 15:08:18.9079072,2004-08-19 00:00:00.0000000,0,38005974,0,,,,/evidence/windows-ntfs-mft-nist/nist-hacking-case.mft,,,
1144,1144,True,459,459,.\WINDOWS\system32,cmcfg32.dll,.dll,12288,1,,False,False,False,False,True,False,Archive,DosWindows,2001-08-23 18:00:00.0000000,,2001-08-23 18:00:00.0000000,,2004-08-19 17:02:15.1944016,2001-08-23 18:00:00.0000000,2004-08-19 22:42:21.8039856,2004-08-19 00:00:00.0000000,0,21024544,0,,,,/evidence/windows-ntfs-mft-nist/nist-hacking-case.mft,,,
1145,1145,True,459,459,.\WINDOWS\system32,cmdial32.dll,.dll,314880,1,,False,False,False,False,True,False,Archive,DosWindows,2001-08-23 18:00:00.0000000,,2001-08-23 18:00:00.0000000,,2004-08-19 17:02:15.1944016,2001-08-23 18:00:00.0000000,2004-08-19 22:42:22.3647920,2004-08-19 00:00:00.0000000,0,21241153,0,,,,/evidence/windows-ntfs-mft-nist/nist-hacking-case.mft,,,
1146,1146,True,459,459,.\WINDOWS\system32,cmdl32.exe,.exe,41472,1,,False,False,False,False,True,False,Archive,DosWindows,2001-08-23 18:00:00.0000000,,2001-08-23 18:00:00.0000000,,2004-08-19 17:02:15.2044160,2001-08-23 18:00:00.0000000,2004-08-19 22:42:22.3948352,2004-08-19 00:00:00.0000000,0,21241182,0,,,,/evidence/windows-ntfs-mft-nist/nist-hacking-case.mft,,,
1147,1147,True,459,459,.\WINDOWS\system32,cmdlib.wsc,.wsc,40505,1,,False,False,False,False,True,False,Archive,DosWindows,2001-08-23 18:00:00.0000000,,2001-08-23 18:00:00.0000000,,2004-08-19 17:02:15.2044160,2001-08-23 18:00:00.0000000,2004-08-19 22:35:47.2566544,2004-08-19 00:00:00.0000000,0,18250858,0,,,,/evidence/windows-ntfs-mft-nist/nist-hacking-case.mft,,,
1148,1148,True,459,459,.\WINDOWS\system32,cmmgr32.hlp,.hlp,61172,1,,False,False,False,False,True,False,Archive,DosWindows,2001-08-23 18:00:00.0000000,,2001-08-23 18:00:00.0000000,,2004-08-19 17:02:15.2044160,2001-08-23 18:00:00.0000000,2004-08-19 00:00:00.0000000,,0,9517763,0,,,,/evidence/windows-ntfs-mft-nist/nist-hacking-case.mft,,,
1149,1149,True,459,459,.\WINDOWS\system32,cmmon32.exe,.exe,35840,1,,False,False,False,False,True,False,Archive,DosWindows,2001-08-23 18:00:00.0000000,,2001-08-23 18:00:00.0000000,,2004-08-19 17:02:15.2044160,2001-08-23 18:00:00.0000000,2004-08-19 22:42:22.4248784,2004-08-19 00:00:00.0000000,0,21241211,0,,,,/evidence/windows-ntfs-mft-nist/nist-hacking-case.mft,,,
1150,1150,True,459,459,.\WINDOWS\system32,cmos.ram,.ram,64,1,,False,False,False,False,True,False,Archive,DosWindows,2001-08-23 18:00:00.0000000,,2001-08-23 18:00:00.0000000,,2004-08-19 17:02:14.5434656,2001-08-23 18:00:00.0000000,2004-08-19 00:00:00.0000000,,0,9478511,0,,,,/evidence/windows-ntfs-mft-nist/nist-hacking-case.mft,,,
1151,1151,True,459,459,.\WINDOWS\system32,cmpbk32.dll,.dll,14336,1,,False,False,False,False,True,False,Archive,DosWindows,2001-08-23 18:00:00.0000000,,2001-08-23 18:00:00.0000000,,2004-08-19 17:02:15.2044160,2001-08-23 18:00:00.0000000,2004-08-19 22:42:23.1058576,2004-08-19 00:00:00.0000000,0,21044344,0,,,,/evidence/windows-ntfs-mft-nist/nist-hacking-case.mft,,,
1152,1152,True,459,459,.\WINDOWS\system32,cmstp.exe,.exe,54784,1,,False,False,False,False,True,False,Archive,DosWindows,2001-08-23 18:00:00.0000000,,2001-08-23 18:00:00.0000000,,2004-08-19 17:02:15.2144304,2001-08-23 18:00:00.0000000,2004-08-19 22:42:23.2861168,2004-08-19 00:00:00.0000000,0,21255235,0,,,,/evidence/windows-ntfs-mft-nist/nist-hacking-case.mft,,,
1153,1153,True,459,459,.\WINDOWS\system32,cmutil.dll,.dll,36352,1,,False,False,False,False,True,False,Archive,DosWindows,2001-08-23 18:00:00.0000000,,2001-08-23 18:00:00.0000000,,2004-08-19 17:02:15.2144304,2001-08-23 18:00:00.0000000,2004-08-19 22:42:23.3161600,2004-08-19 00:00:00.0000000,0,21255264,0,,,,/evidence/windows-ntfs-mft-nist/nist-hacking-case.mft,,,
1154,1154,True,459,459,.\WINDOWS\system32,cnetcfg.dll,.dll,32768,1,,False,False,False,False,True,False,Archive,DosWindows,2001-08-23 18:00:00.0000000,,2001-08-23 18:00:00.0000000,,2004-08-19 17:02:15.2144304,2001-08-23 18:00:00.0000000,2004-08-19 22:42:24.4077296,2004-08-19 00:00:00.0000000,0,21255293,0,,,,/evidence/windows-ntfs-mft-nist/nist-hacking-case.mft,,,
1155,1155,True,459,459,.\WINDOWS\system32,cnvfat.dll,.dll,26624,1,,False,False,False,False,True,False,Archive,DosWindows,2001-08-23 18:00:00.0000000,,2001-08-23 18:00:00.0000000,,2004-08-19 17:02:15.2144304,2001-08-23 18:00:00.0000000,2004-08-19 22:42:24.4177440,2004-08-19 00:00:00.0000000,0,21059704,0,,,,/evidence/windows-ntfs-mft-nist/nist-hacking-case.mft,,,
1156,1156,True,459,459,.\WINDOWS\system32,comcat.dll,.dll,3584,1,,False,False,False,False,True,False,Archive,DosWindows,2001-08-23 18:00:00.0000000,,2001-08-23 18:00:00.0000000,,2004-08-19 17:02:15.2244448,2001-08-23 18:00:00.0000000,2004-08-20 15:13:09.7777248,2004-08-19 00:00:00.0000000,0,36710924,0,,,,/evidence/windows-ntfs-mft-nist/nist-hacking-case.mft,,,
1157,1157,True,459,459,.\WINDOWS\system32,comm.drv,.drv,10544,1,,False,False,False,False,True,False,Archive,DosWindows,2001-08-23 18:00:00.0000000,,2001-08-23 18:00:00.0000000,,2004-08-19 17:02:15.3546320,2001-08-23 18:00:00.0000000,2004-08-19 00:00:00.0000000,,0,9519182,0,,,,/evidence/windows-ntfs-mft-nist/nist-hacking-case.mft,,,
1158,1158,True,459,459,.\WINDOWS\system32,command.com,.com,50620,1,,False,False,False,False,True,False,Archive,DosWindows,2001-08-23 18:00:00.0000000,,2001-08-23 18:00:00.0000000,,2004-08-19 17:02:15.3646464,2001-08-23 18:00:00.0000000,2004-08-19 00:00:00.0000000,,0,9519297,0,,,,/evidence/windows-ntfs-mft-nist/nist-hacking-case.mft,,,
1159,1159,True,459,459,.\WINDOWS\system32,commdlg.dll,.dll,32816,1,,False,False,False,False,True,False,Archive,DosWindows,2001-08-23 18:00:00.0000000,,2001-08-23 18:00:00.0000000,,2004-08-19 17:02:15.3646464,2001-08-23 18:00:00.0000000,2004-08-19 00:00:00.0000000,,0,9519412,0,,,,/evidence/windows-ntfs-mft-nist/nist-hacking-case.mft,,,
1160,1160,True,459,459,.\WINDOWS\system32,comp.exe,.exe,15872,1,,False,False,False,False,True,False,Archive,DosWindows,2001-08-23 18:00:00.0000000,,2001-08-23 18:00:00.0000000,,2004-08-19 17:02:15.3646464,2001-08-23 18:00:00.0000000,2004-08-19 22:42:24.7982912,2004-08-19 00:00:00.0000000,0,21256915,0,,,,/evidence/windows-ntfs-mft-nist/nist-hacking-case.mft,,,
1161,1161,True,459,459,.\WINDOWS\system32,compact.exe,.exe,17408,1,,False,False,False,False,True,False,Archive,DosWindows,2001-08-23 18:00:00.0000000,,2001-08-23 18:00:00.0000000,,2004-08-19 17:02:15.3646464,2001-08-23 18:00:00.0000000,2004-08-19 22:42:24.8083056,2004-08-19 00:00:00.0000000,0,21256944,0,,,,/evidence/windows-ntfs-mft-nist/nist-hacking-case.mft,,,
1162,1162,True,459,459,.\WINDOWS\system32,diskcopy.dll,.dll,1501696,1,,False,False,False,False,True,False,Archive,DosWindows,2001-08-23 18:00:00.0000000,,2001-08-23 18:00:00.0000000,,2004-08-19 17:02:15.5849632,2001-08-23 18:00:00.0000000,2004-08-19 22:42:45.2977680,2004-08-19 00:00:00.0000000,0,21428468,0,,,,/evidence/windows-ntfs-mft-nist/nist-hacking-case.mft,,,
1163,1163,True,459,459,.\WINDOWS\system32,compatUI.dll,.dll,238592,1,,False,False,False,False,True,False,Archive,DosWindows,2001-08-23 18:00:00.0000000,,2001-08-23 18:00:00.0000000,,2004-08-19 23:05:05.3272416,2001-08-23 18:00:00.0000000,2004-08-25 15:22:08.5331856,2004-08-19 00:00:00.0000000,0,36648910,0,,,,/evidence/windows-ntfs-mft-nist/nist-hacking-case.mft,,,
1164,1164,True,459,459,.\WINDOWS\system32,compmgmt.msc,.msc,38302,1,,False,False,False,False,True,False,Archive,DosWindows,2001-08-23 18:00:00.0000000,,2001-08-23 18:00:00.0000000,,2004-08-19 17:02:15.3746608,2001-08-23 18:00:00.0000000,2004-08-19 00:00:00.0000000,,0,9519942,0,,,,/evidence/windows-ntfs-mft-nist/nist-hacking-case.mft,,,
1165,1165,True,459,459,.\WINDOWS\system32,compobj.dll,.dll,30160,1,,False,False,False,False,True,False,Archive,DosWindows,2001-08-23 18:00:00.0000000,,2001-08-23 18:00:00.0000000,,2004-08-19 17:02:15.3746608,2001-08-23 18:00:00.0000000,2004-08-19 22:42:26.2804224,2004-08-19 00:00:00.0000000,0,21288468,0,,,,/evidence/windows-ntfs-mft-nist/nist-hacking-case.mft,,,
1166,1166,True,459,459,.\WINDOWS\system32,compstui.dll,.dll,222208,1,,False,False,False,False,True,False,Archive,DosWindows,2001-08-23 18:00:00.0000000,,2001-08-23 18:00:00.0000000,,2004-08-19 17:02:15.3746608,2001-08-23 18:00:00.0000000,2004-08-19 22:42:26.3405088,2004-08-19 00:00:00.0000000,0,21288497,0,,,,/evidence/windows-ntfs-mft-nist/nist-hacking-case.mft,,,
1167,1167,True,459,459,.\WINDOWS\system32,comres.dll,.dll,792064,1,,False,False,False,False,True,False,Archive,DosWindows,2001-08-23 18:00:00.0000000,,2001-08-23 18:00:00.0000000,,2004-08-19 23:05:14.9811232,2001-08-23 18:00:00.0000000,2004-08-27 15:08:13.5502032,2004-08-19 00:00:00.0000000,0,37993698,0,,,,/evidence/windows-ntfs-mft-nist/nist-hacking-case.mft,,,
1168,1168,True,459,459,.\WINDOWS\system32,confmsp.dll,.dll,345600,1,,False,False,False,False,True,False,Archive,DosWindows,2001-08-23 18:00:00.0000000,,2001-08-23 18:00:00.0000000,,2004-08-19 17:02:15.4047040,2001-08-23 18:00:00.0000000,2004-08-19 22:42:31.9986448,2004-08-19 00:00:00.0000000,0,21309876,0,,,,/evidence/windows-ntfs-mft-nist/nist-hacking-case.mft,,,
1169,1169,True,459,459,.\WINDOWS\system32,conime.exe,.exe,24576,1,,False,False,False,False,True,False,Archive,DosWindows,2001-08-23 18:00:00.0000000,,2001-08-23 18:00:00.0000000,,2004-08-19 17:02:15.4047040,2001-08-23 18:00:00.0000000,2004-08-19 22:42:32.0487168,2004-08-19 00:00:00.0000000,0,21128227,0,,,,/evidence/windows-ntfs-mft-nist/nist-hacking-case.mft,,,
1170,1170,True,459,459,.\WINDOWS\system32,control.exe,.exe,8192,1,,False,False,False,False,True,False,Archive,DosWindows,2001-08-23 18:00:00.0000000,,2001-08-23 18:00:00.0000000,,2004-08-19 17:02:15.4047040,2001-08-23 18:00:00.0000000,2004-08-19 22:42:32.1388464,2004-08-19 00:00:00.0000000,0,21310228,0,,,,/evidence/windows-ntfs-mft-nist/nist-hacking-case.mft,,,
1171,1171,True,459,459,.\WINDOWS\system32,convert.exe,.exe,13824,1,,False,False,False,False,True,False,Archive,DosWindows,2001-08-23 18:00:00.0000000,,2001-08-23 18:00:00.0000000,,2004-08-19 17:02:15.4147184,2001-08-23 18:00:00.0000000,2004-08-19 22:42:32.8198256,2004-08-19 00:00:00.0000000,0,21131739,0,,,,/evidence/windows-ntfs-mft-nist/nist-hacking-case.mft,,,
1172,1172,True,459,459,.\WINDOWS\system32,corpol.dll,.dll,14877,1,,False,False,False,False,True,False,Archive,DosWindows,2001-08-23 18:00:00.0000000,,2001-08-23 18:00:00.0000000,,2004-08-19 17:02:15.4147184,2001-08-23 18:00:00.0000000,2004-08-19 22:42:33.4206896,2004-08-19 00:00:00.0000000,0,21310257,0,,,,/evidence/windows-ntfs-mft-nist/nist-hacking-case.mft,,,
1173,1173,True,459,459,.\WINDOWS\system32,country.sys,.sys,27097,1,,False,False,False,False,True,False,Archive,DosWindows,2001-08-23 18:00:00.0000000,,2001-08-23 18:00:00.0000000,,2004-08-19 17:02:15.4147184,2001-08-23 18:00:00.0000000,2004-08-19 22:42:33.7912224,2004-08-19 00:00:00.0000000,0,21310286,0,,,,/evidence/windows-ntfs-mft-nist/nist-hacking-case.mft,,,
1174,1174,True,459,459,.\WINDOWS\system32,cryptdlg.dll,.dll,70144,1,,False,False,False,False,True,False,Archive,DosWindows,2001-08-23 18:00:00.0000000,,2001-08-23 18:00:00.0000000,,2004-08-19 17:02:15.4247328,2001-08-23 18:00:00.0000000,2004-08-19 22:40:40.7586896,2004-08-19 00:00:00.0000000,0,19349623,0,,,,/evidence/windows-ntfs-mft-nist/nist-hacking-case.mft,,,
1175,1175,True,459,459,.\WINDOWS\system32,cryptext.dll,.dll,48640,1,,False,False,False,False,True,False,Archive,DosWindows,2001-08-23 18:00:00.0000000,,2001-08-23 18:00:00.0000000,,2004-08-19 17:02:15.4347472,2001-08-23 18:00:00.0000000,2004-08-20 15:18:03.2997888,2004-08-19 00:00:00.0000000,0,29719589,0,,,,/evidence/windows-ntfs-mft-nist/nist-hacking-case.mft,,,
1176,1176,True,459,459,.\WINDOWS\system32,cscript.exe,.exe,102450,1,,False,False,False,False,True,False,Archive,DosWindows,2001-08-23 18:00:00.0000000,,2001-08-23 18:00:00.0000000,,2004-08-19 17:02:15.4447616,2001-08-23 18:00:00.0000000,2004-08-19 22:42:35.3234256,2004-08-19 00:00:00.0000000,0,21311540,0,,,,/evidence/windows-ntfs-mft-nist/nist-hacking-case.mft,,,
1177,1177,True,459,459,.\WINDOWS\system32,csseqchk.dll,.dll,73728,1,,False,False,False,False,True,False,Archive,DosWindows,2001-08-23 18:00:00.0000000,,2001-08-23 18:00:00.0000000,,2004-08-19 17:02:15.4547760,2001-08-23 18:00:00.0000000,2004-08-19 22:42:35.5537568,2004-08-19 00:00:00.0000000,0,21311886,0,,,,/evidence/windows-ntfs-mft-nist/nist-hacking-case.mft,,,
1178,1178,True,459,459,.\WINDOWS\system32,ctl3dv2.dll,.dll,27200,1,,False,False,False,False,True,False,Archive,DosWindows,2001-08-23 18:00:00.0000000,,2001-08-23 18:00:00.0000000,,2004-08-19 17:02:15.4647904,2001-08-23 18:00:00.0000000,2004-08-19 22:42:35.6639152,2004-08-19 00:00:00.0000000,0,21167974,0,,,,/evidence/windows-ntfs-mft-nist/nist-hacking-case.mft,,,
1179,1179,True,459,459,.\WINDOWS\system32,d3d8thk.dll,.dll,8192,1,,False,False,False,False,True,False,Archive,DosWindows,2001-08-23 18:00:00.0000000,,2001-08-23 18:00:00.0000000,,2004-08-19 17:02:15.4647904,2001-08-23 18:00:00.0000000,2004-08-19 22:42:36.3549088,2004-08-19 00:00:00.0000000,0,21173587,0,,,,/evidence/windows-ntfs-mft-nist/nist-hacking-case.mft,,,
1180,1180,True,459,459,.\WINDOWS\system32,d3dim.dll,.dll,436224,1,,False,False,False,False,True,False,Archive,DosWindows,2001-08-23 18:00:00.0000000,,2001-08-23 18:00:00.0000000,,2004-08-19 17:02:15.4647904,2001-08-23 18:00:00.0000000,2004-08-19 22:42:36.4951104,2004-08-19 00:00:00.0000000,0,21329746,0,,,,/evidence/windows-ntfs-mft-nist/nist-hacking-case.mft,,,
1181,1181,True,459,459,.\WINDOWS\system32,d3dim700.dll,.dll,791040,1,,False,False,False,False,True,False,Archive,DosWindows,2001-08-23 18:00:00.0000000,,2001-08-23 18:00:00.0000000,,2004-08-19 17:02:15.4748048,2001-08-23 18:00:00.0000000,2004-08-19 22:53:23.4980608,2004-08-19 00:00:00.0000000,0,36831066,0,,,,/evidence/windows-ntfs-mft-nist/nist-hacking-case.mft,,,
1182,1182,True,459,459,.\WINDOWS\system32,d3dpmesh.dll,.dll,34816,1,,False,False,False,False,True,False,Archive,DosWindows,2001-08-23 18:00:00.0000000,,2001-08-23 18:00:00.0000000,,2004-08-19 17:02:15.4748048,2001-08-23 18:00:00.0000000,2004-08-19 22:42:36.7955424,2004-08-19 00:00:00.0000000,0,21333113,0,,,,/evidence/windows-ntfs-mft-nist/nist-hacking-case.mft,,,
1183,1183,True,459,459,.\WINDOWS\system32,d3drm.dll,.dll,350208,1,,False,False,False,False,True,False,Archive,DosWindows,2001-08-23 18:00:00.0000000,,2001-08-23 18:00:00.0000000,,2004-08-19 17:02:15.4748048,2001-08-23 18:00:00.0000000,2004-08-19 22:42:37.3863920,2004-08-19 00:00:00.0000000,0,21346425,0,,,,/evidence/windows-ntfs-mft-nist/nist-hacking-case.mft,,,
1184,1184,True,459,459,.\WINDOWS\system32,d3dxof.dll,.dll,47616,1,,False,False,False,False,True,False,Archive,DosWindows,2001-08-23 18:00:00.0000000,,2001-08-23 18:00:00.0000000,,2004-08-19 17:02:15.4748048,2001-08-23 18:00:00.0000000,2004-08-19 22:42:37.4765216,2004-08-19 00:00:00.0000000,0,21346918,0,,,,/evidence/windows-ntfs-mft-nist/nist-hacking-case.mft,,,
1185,1185,True,459,459,.\WINDOWS\system32,danim.dll,.dll,986112,1,,False,False,False,False,True,False,Archive,DosWindows,2001-08-23 18:00:00.0000000,,2001-08-23 18:00:00.0000000,,2004-08-19 17:02:15.4848192,2001-08-23 18:00:00.0000000,2004-08-19 22:42:37.6968384,2004-08-19 00:00:00.0000000,0,21352056,0,,,,/evidence/windows-ntfs-mft-nist/nist-hacking-case.mft,,,
1186,1186,True,459,459,.\WINDOWS\system32,dataclen.dll,.dll,51712,1,,False,False,False,False,True,False,Archive,DosWindows,2001-08-23 18:00:00.0000000,,2001-08-23 18:00:00.0000000,,2004-08-19 17:02:15.4848192,2001-08-23 18:00:00.0000000,2004-08-19 22:42:37.8069968,2004-08-19 00:00:00.0000000,0,21352085,0,,,,/evidence/windows-ntfs-mft-nist/nist-hacking-case.mft,,,
1187,1187,True,459,459,.\WINDOWS\system32,datime.dll,.dll,152064,1,,False,False,False,False,True,False,Archive,DosWindows,2001-08-23 18:00:00.0000000,,2001-08-23 18:00:00.0000000,,2004-08-19 17:02:15.4848192,2001-08-23 18:00:00.0000000,2004-08-19 22:42:38.1975584,2004-08-19 00:00:00.0000000,0,21388096,0,,,,/evidence/windows-ntfs-mft-nist/nist-hacking-case.mft,,,
1188,1188,True,459,459,.\WINDOWS\system32,daxctle.ocx,.ocx,142848,1,,False,False,False,False,True,False,Archive,DosWindows,2001-08-23 18:00:00.0000000,,2001-08-23 18:00:00.0000000,,2004-08-19 17:02:15.4848192,2001-08-23 18:00:00.0000000,2004-08-19 22:42:39.4693872,2004-08-19 00:00:00.0000000,0,21397440,0,,,,/evidence/windows-ntfs-mft-nist/nist-hacking-case.mft,,,
1189,1189,True,459,459,.\WINDOWS\system32,dbgeng.dll,.dll,847872,1,,False,False,False,False,True,False,Archive,DosWindows,2001-08-23 18:00:00.0000000,,2001-08-23 18:00:00.0000000,,2004-08-19 17:02:15.4948336,2001-08-23 18:00:00.0000000,2004-08-20 15:25:44.8534704,2004-08-19 00:00:00.0000000,0,36690348,0,,,,/evidence/windows-ntfs-mft-nist/nist-hacking-case.mft,,,
1190,1190,True,459,459,.\WINDOWS\system32,dbmsadsn.dll,.dll,20480,1,,False,False,False,False,True,False,Archive,DosWindows,2001-08-23 18:00:00.0000000,,2001-08-23 18:00:00.0000000,,2004-08-19 17:02:15.4948336,2001-08-23 18:00:00.0000000,2004-08-19 00:00:00.0000000,,0,9528069,0,,,,/evidence/windows-ntfs-mft-nist/nist-hacking-case.mft,,,
1191,1191,True,459,459,.\WINDOWS\system32,dbmsrpcn.dll,.dll,24576,1,,False,False,False,False,True,False,Archive,DosWindows,2001-08-23 18:00:00.0000000,,2001-08-23 18:00:00.0000000,,2004-08-19 17:02:15.4948336,2001-08-23 18:00:00.0000000,2004-08-19 00:00:00.0000000,,0,9528184,0,,,,/evidence/windows-ntfs-mft-nist/nist-hacking-case.mft,,,
1192,1192,True,459,459,.\WINDOWS\system32,dbnetlib.dll,.dll,65536,1,,False,False,False,False,True,False,Archive,DosWindows,2001-08-23 18:00:00.0000000,,2001-08-23 18:00:00.0000000,,2004-08-19 17:02:15.5048480,2001-08-23 18:00:00.0000000,2004-08-19 22:42:40.6711152,2004-08-19 00:00:00.0000000,0,21398296,0,,,,/evidence/windows-ntfs-mft-nist/nist-hacking-case.mft,,,
1193,1193,True,459,459,.\WINDOWS\system32,dbnmpntw.dll,.dll,28672,1,,False,False,False,False,True,False,Archive,DosWindows,2001-08-23 18:00:00.0000000,,2001-08-23 18:00:00.0000000,,2004-08-19 17:02:15.5048480,2001-08-23 18:00:00.0000000,2004-08-19 00:00:00.0000000,,0,9528600,0,,,,/evidence/windows-ntfs-mft-nist/nist-hacking-case.mft,,,
1194,1194,True,459,459,.\WINDOWS\system32,diskmgmt.msc,.msc,33673,1,,False,False,False,False,True,False,Archive,DosWindows,2001-08-23 18:00:00.0000000,,2001-08-23 18:00:00.0000000,,2004-08-19 17:02:15.5849632,2001-08-23 18:00:00.0000000,2004-08-19 00:00:00.0000000,,0,9533425,0,,,,/evidence/windows-ntfs-mft-nist/nist-hacking-case.mft,,,
1195,1195,True,459,459,.\WINDOWS\system32,Dcache.bin,.bin,1420,1,,False,False,False,False,True,False,Archive,DosWindows,2001-08-23 18:00:00.0000000,,2001-08-23 18:00:00.0000000,,2004-08-19 17:02:15.5048480,2001-08-23 18:00:00.0000000,2004-08-19 00:00:00.0000000,,0,9528715,0,,,,/evidence/windows-ntfs-mft-nist/nist-hacking-case.mft,,,
1196,1196,True,459,459,.\WINDOWS\system32,dciman32.dll,.dll,7680,1,,False,False,False,False,True,False,Archive,DosWindows,2001-08-23 18:00:00.0000000,,2001-08-23 18:00:00.0000000,,2004-08-19 17:02:15.5048480,2001-08-23 18:00:00.0000000,2004-08-27 15:32:52.1094848,2004-08-19 00:00:00.0000000,0,39297183,0,,,,/evidence/windows-ntfs-mft-nist/nist-hacking-case.mft,,,
1197,1197,True,459,459,.\WINDOWS\system32,ddeml.dll,.dll,39424,1,,False,False,False,False,True,False,Archive,DosWindows,2001-08-23 18:00:00.0000000,,2001-08-23 18:00:00.0000000,,2004-08-19 17:02:15.5148624,2001-08-23 18:00:00.0000000,2004-08-19 22:42:40.8313456,2004-08-19 00:00:00.0000000,0,21398424,0,,,,/evidence/windows-ntfs-mft-nist/nist-hacking-case.mft,,,
1198,1198,True,459,459,.\WINDOWS\system32,ddeshare.exe,.exe,27136,1,,False,False,False,False,True,False,Archive,DosWindows,2001-08-23 18:00:00.0000000,,2001-08-23 18:00:00.0000000,,2004-08-19 17:02:15.5148624,2001-08-23 18:00:00.0000000,2004-08-19 22:42:41.0116048,2004-08-19 00:00:00.0000000,0,21398453,0,,,,/evidence/windows-ntfs-mft-nist/nist-hacking-case.mft,,,
1199,1199,True,459,459,.\WINDOWS\system32,ddraw.dll,.dll,267264,1,,False,False,False,False,True,False,Archive,DosWindows,2001-08-23 18:00:00.0000000,,2001-08-23 18:00:00.0000000,,2004-08-19 17:02:15.5148624,2001-08-23 18:00:00.0000000,2004-08-27 15:32:52.0894560,2004-08-19 00:00:00.0000000,0,39297270,0,,,,/evidence/windows-ntfs-mft-nist/nist-hacking-case.mft,,,
1200,1200,True,459,459,.\WINDOWS\system32,ddrawex.dll,.dll,24064,1,,False,False,False,False,True,False,Archive,DosWindows,2001-08-23 18:00:00.0000000,,2001-08-23 18:00:00.0000000,,2004-08-19 17:02:15.5148624,2001-08-23 18:00:00.0000000,2004-08-27 15:32:52.0694272,2004-08-19 00:00:00.0000000,0,39294108,0,,,,/evidence/windows-ntfs-mft-nist/nist-hacking-case.mft,,,
1201,1201,True,459,459,.\WINDOWS\system32,debug.exe,.exe,20634,1,,False,False,False,False,True,False,Archive,DosWindows,2001-08-23 18:00:00.0000000,,2001-08-23 18:00:00.0000000,,2004-08-19 17:02:15.5248768,2001-08-23 18:00:00.0000000,2004-08-19 22:42:41.2118928,2004-08-19 00:00:00.0000000,0,21399705,0,,,,/evidence/windows-ntfs-mft-nist/nist-hacking-case.mft,,,
1202,1202,True,459,459,.\WINDOWS\system32,deskadp.dll,.dll,16384,1,,False,False,False,False,True,False,Archive,DosWindows,2001-08-23 18:00:00.0000000,,2001-08-23 18:00:00.0000000,,2004-08-19 17:02:15.5348912,2001-08-23 18:00:00.0000000,2004-08-19 22:42:41.4121808,2004-08-19 00:00:00.0000000,0,21237215,0,,,,/evidence/windows-ntfs-mft-nist/nist-hacking-case.mft,,,
1203,1203,True,459,459,.\WINDOWS\system32,deskmon.dll,.dll,16896,1,,False,False,False,False,True,False,Archive,DosWindows,2001-08-23 18:00:00.0000000,,2001-08-23 18:00:00.0000000,,2004-08-19 17:02:15.5348912,2001-08-23 18:00:00.0000000,2004-08-19 22:42:41.4221952,2004-08-19 00:00:00.0000000,0,21237973,0,,,,/evidence/windows-ntfs-mft-nist/nist-hacking-case.mft,,,
1204,1204,True,459,459,.\WINDOWS\system32,deskperf.dll,.dll,18432,1,,False,False,False,False,True,False,Archive,DosWindows,2001-08-23 18:00:00.0000000,,2001-08-23 18:00:00.0000000,,2004-08-19 17:02:15.5348912,2001-08-23 18:00:00.0000000,2004-08-19 22:42:41.4722672,2004-08-19 00:00:00.0000000,0,21401868,0,,,,/evidence/windows-ntfs-mft-nist/nist-hacking-case.mft,,,
1205,1205,True,459,459,.\WINDOWS\system32,devenum.dll,.dll,51712,1,,False,False,False,False,True,False,Archive,DosWindows,2001-08-23 18:00:00.0000000,,2001-08-23 18:00:00.0000000,,2004-08-19 17:02:15.5348912,2001-08-23 18:00:00.0000000,2004-08-19 22:53:21.1647056,2004-08-19 00:00:00.0000000,0,36828963,0,,,,/evidence/windows-ntfs-mft-nist/nist-hacking-case.mft,,,
1206,1206,True,459,459,.\WINDOWS\system32,devmgmt.msc,.msc,33079,1,,False,False,False,False,True,False,Archive,DosWindows,2001-08-23 18:00:00.0000000,,2001-08-23 18:00:00.0000000,,2004-08-19 17:02:15.5449056,2001-08-23 18:00:00.0000000,2004-08-19 00:00:00.0000000,,0,9530455,0,,,,/evidence/windows-ntfs-mft-nist/nist-hacking-case.mft,,,
1207,1207,True,459,459,.\WINDOWS\system32,devmgr.dll,.dll,263680,1,,False,False,False,False,True,False,Archive,DosWindows,2001-08-23 18:00:00.0000000,,2001-08-23 18:00:00.0000000,,2004-08-19 17:02:15.5449056,2001-08-23 18:00:00.0000000,2004-08-19 22:42:41.5724112,2004-08-19 00:00:00.0000000,0,21410019,0,,,,/evidence/windows-ntfs-mft-nist/nist-hacking-case.mft,,,
1208,1208,True,459,459,.\WINDOWS\system32,dfsshlex.dll,.dll,25088,1,,False,False,False,False,True,False,Archive,DosWindows,2001-08-23 18:00:00.0000000,,2001-08-23 18:00:00.0000000,,2004-08-19 17:02:15.5549200,2001-08-23 18:00:00.0000000,2004-08-20 15:19:19.8799056,2004-08-19 00:00:00.0000000,0,29746907,0,,,,/evidence/windows-ntfs-mft-nist/nist-hacking-case.mft,,,
1209,1209,True,459,459,.\WINDOWS\system32,dfrg.msc,.msc,41397,1,,False,False,False,False,True,False,Archive,DosWindows,2001-08-23 18:00:00.0000000,,2001-08-23 18:00:00.0000000,,2004-08-19 17:02:15.5449056,2001-08-23 18:00:00.0000000,2004-08-19 00:00:00.0000000,,0,9530685,0,,,,/evidence/windows-ntfs-mft-nist/nist-hacking-case.mft,,,
1210,1210,True,459,459,.\WINDOWS\system32,dfrgsnap.dll,.dll,41984,1,,False,False,False,False,True,False,Archive,DosWindows,2001-08-23 18:00:00.0000000,,2001-08-23 18:00:00.0000000,,2004-08-19 17:02:15.5549200,2001-08-23 18:00:00.0000000,2004-08-19 22:42:41.8227712,2004-08-19 00:00:00.0000000,0,21411293,0,,,,/evidence/windows-ntfs-mft-nist/nist-hacking-case.mft,,,
1211,1211,True,459,459,.\WINDOWS\system32,dfrgui.dll,.dll,124928,1,,False,False,False,False,True,False,Archive,DosWindows,2001-08-23 18:00:00.0000000,,2001-08-23 18:00:00.0000000,,2004-08-19 17:02:15.5549200,2001-08-23 18:00:00.0000000,2004-08-19 22:42:42.0330736,2004-08-19 00:00:00.0000000,0,21412235,0,,,,/evidence/windows-ntfs-mft-nist/nist-hacking-case.mft,,,
1212,1212,True,459,459,.\WINDOWS\system32,dgnet.dll,.dll,103424,1,,False,False,False,False,True,False,Archive,DosWindows,2001-08-23 18:00:00.0000000,,2001-08-23 18:00:00.0000000,,2004-08-19 17:02:15.5549200,2001-08-23 18:00:00.0000000,2004-08-19 22:42:42.2834336,2004-08-19 00:00:00.0000000,0,21413454,0,,,,/evidence/windows-ntfs-mft-nist/nist-hacking-case.mft,,,
1213,1213,True,459,459,.\WINDOWS\system32,dhcpmon.dll,.dll,370176,1,,False,False,False,False,True,False,Archive,DosWindows,2001-08-23 18:00:00.0000000,,2001-08-23 18:00:00.0000000,,2004-08-19 17:02:15.5649344,2001-08-23 18:00:00.0000000,2004-08-19 22:42:42.6239232,2004-08-19 00:00:00.0000000,0,21415759,0,,,,/evidence/windows-ntfs-mft-nist/nist-hacking-case.mft,,,
1214,1214,True,459,459,.\WINDOWS\system32,dhcpsapi.dll,.dll,74240,1,,False,False,False,False,True,False,Archive,DosWindows,2001-08-23 18:00:00.0000000,,2001-08-23 18:00:00.0000000,,2004-08-19 17:02:15.5649344,2001-08-23 18:00:00.0000000,2004-08-19 22:42:42.6840096,2004-08-19 00:00:00.0000000,0,21416546,0,,,,/evidence/windows-ntfs-mft-nist/nist-hacking-case.mft,,,
1215,1215,True,459,459,.\WINDOWS\system32,diactfrm.dll,.dll,394240,1,,False,False,False,False,True,False,Archive,DosWindows,2001-08-23 18:00:00.0000000,,2001-08-23 18:00:00.0000000,,2004-08-19 17:02:15.5749488,2001-08-23 18:00:00.0000000,2004-08-19 22:42:42.9844416,2004-08-19 00:00:00.0000000,0,21417363,0,,,,/evidence/windows-ntfs-mft-nist/nist-hacking-case.mft,,,
1216,1216,True,459,459,.\WINDOWS\system32,diantz.exe,.exe,79360,1,,False,False,False,False,True,False,Archive,DosWindows,2001-08-23 18:00:00.0000000,,2001-08-23 18:00:00.0000000,,2004-08-19 17:02:15.5749488,2001-08-23 18:00:00.0000000,2004-08-19 22:42:43.4751472,2004-08-19 00:00:00.0000000,0,21418511,0,,,,/evidence/windows-ntfs-mft-nist/nist-hacking-case.mft,,,
1217,1217,True,459,459,.\WINDOWS\system32,digest.dll,.dll,55808,1,,False,False,False,False,True,False,Archive,DosWindows,2001-08-23 18:00:00.0000000,,2001-08-23 18:00:00.0000000,,2004-08-19 17:02:15.5749488,2001-08-23 18:00:00.0000000,2004-08-19 22:42:43.5152048,2004-08-19 00:00:00.0000000,0,21420482,0,,,,/evidence/windows-ntfs-mft-nist/nist-hacking-case.mft,,,
1218,1218,True,459,459,.\WINDOWS\system32,dimap.dll,.dll,44032,1,,False,False,False,False,True,False,Archive,DosWindows,2001-08-23 18:00:00.0000000,,2001-08-23 18:00:00.0000000,,2004-08-19 17:02:15.5749488,2001-08-23 18:00:00.0000000,2004-08-19 22:42:43.5752912,2004-08-19 00:00:00.0000000,0,21423220,0,,,,/evidence/windows-ntfs-mft-nist/nist-hacking-case.mft,,,
1219,1219,True,459,459,.\WINDOWS\system32,dinput.dll,.dll,151552,1,,False,False,False,False,True,False,Archive,DosWindows,2001-08-23 18:00:00.0000000,,2001-08-23 18:00:00.0000000,,2004-08-19 17:02:15.5749488,2001-08-23 18:00:00.0000000,2004-08-19 22:42:43.6253632,2004-08-19 00:00:00.0000000,0,21427677,0,,,,/evidence/windows-ntfs-mft-nist/nist-hacking-case.mft,,,
1220,1220,True,459,459,.\WINDOWS\system32,dinput8.dll,.dll,168960,1,,False,False,False,False,True,False,Archive,DosWindows,2001-08-23 18:00:00.0000000,,2001-08-23 18:00:00.0000000,,2004-08-19 17:02:15.5849632,2001-08-23 18:00:00.0000000,2004-08-19 22:42:43.7255072,2004-08-19 00:00:00.0000000,0,21427706,0,,,,/evidence/windows-ntfs-mft-nist/nist-hacking-case.mft,,,
1221,1221,True,459,459,.\WINDOWS\system32,diskpart.exe,.exe,145920,1,,False,False,False,False,True,False,Archive,DosWindows,2001-08-23 18:00:00.0000000,,2001-08-23 18:00:00.0000000,,2004-08-19 17:02:15.5949776,2001-08-23 18:00:00.0000000,2004-08-19 22:42:45.4579984,2004-08-19 00:00:00.0000000,0,21428526,0,,,,/evidence/windows-ntfs-mft-nist/nist-hacking-case.mft,,,
1222,1222,True,459,459,.\WINDOWS\system32,diskperf.exe,.exe,17920,1,,False,False,False,False,True,False,Archive,DosWindows,2001-08-23 18:00:00.0000000,,2001-08-23 18:00:00.0000000,,2004-08-19 17:02:15.5949776,2001-08-23 18:00:00.0000000,2004-08-19 22:42:45.4880416,2004-08-19 00:00:00.0000000,0,21428555,0,,,,/evidence/windows-ntfs-mft-nist/nist-hacking-case.mft,,,
1223,1223,True,459,459,.\WINDOWS\system32,dispex.dll,.dll,45083,1,,False,False,False,False,True,False,Archive,DosWindows,2001-08-23 18:00:00.0000000,,2001-08-23 18:00:00.0000000,,2004-08-19 17:02:15.5949776,2001-08-23 18:00:00.0000000,2004-08-25 15:50:53.5226640,2004-08-19 00:00:00.0000000,0,36720827,0,,,,/evidence/windows-ntfs-mft-nist/nist-hacking-case.mft,,,
1224,1224,True,459,459,.\WINDOWS\system32,dllhost.exe,.exe,4608,1,,False,False,False,False,True,False,Archive,DosWindows,2001-08-23 18:00:00.0000000,,2001-08-23 18:00:00.0000000,,2004-08-19 17:02:15.6049920,2001-08-23 18:00:00.0000000,2004-08-19 22:36:25.9522960,2004-08-19 00:00:00.0000000,0,18243048,0,,,,/evidence/windows-ntfs-mft-nist/nist-hacking-case.mft,,,
1225,1225,True,459,459,.\WINDOWS\system32,dllhst3g.exe,.exe,4608,1,,False,False,False,False,True,False,Archive,DosWindows,2001-08-23 18:00:00.0000000,,2001-08-23 18:00:00.0000000,,2004-08-19 17:02:15.6049920,2001-08-23 18:00:00.0000000,2004-08-19 22:42:45.7183728,2004-08-19 00:00:00.0000000,0,21299428,0,,,,/evidence/windows-ntfs-mft-nist/nist-hacking-case.mft,,,
1226,1226,True,459,459,.\WINDOWS\system32,dmadmin.exe,.exe,204800,1,,False,False,False,False,True,False,Archive,DosWindows,2001-08-23 18:00:00.0000000,,2001-08-23 18:00:00.0000000,,2004-08-19 17:02:15.6150064,2001-08-23 18:00:00.0000000,2004-08-19 22:42:45.8085024,2004-08-19 00:00:00.0000000,0,21432561,0,,,,/evidence/windows-ntfs-mft-nist/nist-hacking-case.mft,,,
1227,1227,True,459,459,.\WINDOWS\system32,dmband.dll,.dll,26112,1,,False,False,False,False,True,False,Archive,DosWindows,2001-08-23 18:00:00.0000000,,2001-08-23 18:00:00.0000000,,2004-08-19 17:02:15.6150064,2001-08-23 18:00:00.0000000,2004-08-19 22:42:45.8285312,2004-08-19 00:00:00.0000000,0,21432590,0,,,,/evidence/windows-ntfs-mft-nist/nist-hacking-case.mft,,,
1228,1228,True,459,459,.\WINDOWS\system32,dmcompos.dll,.dll,59904,1,,False,False,False,False,True,False,Archive,DosWindows,2001-08-23 18:00:00.0000000,,2001-08-23 18:00:00.0000000,,2004-08-19 17:02:15.6150064,2001-08-23 18:00:00.0000000,2004-08-19 22:42:46.4594384,2004-08-19 00:00:00.0000000,0,21450456,0,,,,/evidence/windows-ntfs-mft-nist/nist-hacking-case.mft,,,
1229,1229,True,459,459,.\WINDOWS\system32,dmconfig.dll,.dll,330752,1,,False,False,False,False,True,False,Archive,DosWindows,2001-08-23 18:00:00.0000000,,2001-08-23 18:00:00.0000000,,2004-08-19 17:02:15.6150064,2001-08-23 18:00:00.0000000,2004-08-19 22:42:46.5796112,2004-08-19 00:00:00.0000000,0,21458423,0,,,,/evidence/windows-ntfs-mft-nist/nist-hacking-case.mft,,,
1230,1230,True,459,459,.\WINDOWS\system32,dmdlgs.dll,.dll,273920,1,,False,False,False,False,True,False,Archive,DosWindows,2001-08-23 18:00:00.0000000,,2001-08-23 18:00:00.0000000,,2004-08-19 17:02:15.6250208,2001-08-23 18:00:00.0000000,2004-08-19 22:42:46.6697408,2004-08-19 00:00:00.0000000,0,21458460,0,,,,/evidence/windows-ntfs-mft-nist/nist-hacking-case.mft,,,
1231,1231,True,459,459,.\WINDOWS\system32,dmdskmgr.dll,.dll,184320,1,,False,False,False,False,True,False,Archive,DosWindows,2001-08-23 18:00:00.0000000,,2001-08-23 18:00:00.0000000,,2004-08-19 17:02:15.6250208,2001-08-23 18:00:00.0000000,2004-08-19 22:42:46.7498560,2004-08-19 00:00:00.0000000,0,21459237,0,,,,/evidence/windows-ntfs-mft-nist/nist-hacking-case.mft,,,
1232,1232,True,459,459,.\WINDOWS\system32,dmdskres.dll,.dll,118784,1,,False,False,False,False,True,False,Archive,DosWindows,2001-08-23 18:00:00.0000000,,2001-08-23 18:00:00.0000000,,2004-08-19 17:02:15.6250208,2001-08-23 18:00:00.0000000,2004-08-19 22:42:46.8399856,2004-08-19 00:00:00.0000000,0,21460488,0,,,,/evidence/windows-ntfs-mft-nist/nist-hacking-case.mft,,,
1233,1233,True,459,459,.\WINDOWS\system32,dmime.dll,.dll,172032,1,,False,False,False,False,True,False,Archive,DosWindows,2001-08-23 18:00:00.0000000,,2001-08-23 18:00:00.0000000,,2004-08-19 17:02:15.6250208,2001-08-23 18:00:00.0000000,2004-08-19 22:42:47.3006480,2004-08-19 00:00:00.0000000,0,21490958,0,,,,/evidence/windows-ntfs-mft-nist/nist-hacking-case.mft,,,
1234,1234,True,459,459,.\WINDOWS\system32,dmintf.dll,.dll,18432,1,,False,False,False,False,True,False,Archive,DosWindows,2001-08-23 18:00:00.0000000,,2001-08-23 18:00:00.0000000,,2004-08-19 17:02:15.6250208,2001-08-23 18:00:00.0000000,2004-08-19 22:42:47.3206768,2004-08-19 00:00:00.0000000,0,21324379,0,,,,/evidence/windows-ntfs-mft-nist/nist-hacking-case.mft,,,
1235,1235,True,459,459,.\WINDOWS\system32,dmloader.dll,.dll,31232,1,,False,False,False,False,True,False,Archive,DosWindows,2001-08-23 18:00:00.0000000,,2001-08-23 18:00:00.0000000,,2004-08-19 17:02:15.6350352,2001-08-23 18:00:00.0000000,2004-08-19 22:42:47.4608784,2004-08-19 00:00:00.0000000,0,21491278,0,,,,/evidence/windows-ntfs-mft-nist/nist-hacking-case.mft,,,
1236,1236,True,459,459,.\WINDOWS\system32,dmocx.dll,.dll,19456,1,,False,False,False,False,True,False,Archive,DosWindows,2001-08-23 18:00:00.0000000,,2001-08-23 18:00:00.0000000,,2004-08-19 17:02:15.6350352,2001-08-23 18:00:00.0000000,2004-08-19 22:42:47.4909216,2004-08-19 00:00:00.0000000,0,21491307,0,,,,/evidence/windows-ntfs-mft-nist/nist-hacking-case.mft,,,
1237,1237,True,459,459,.\WINDOWS\system32,dmremote.exe,.exe,14336,1,,False,False,False,False,True,False,Archive,DosWindows,2001-08-23 18:00:00.0000000,,2001-08-23 18:00:00.0000000,,2004-08-19 17:02:15.6350352,2001-08-23 18:00:00.0000000,2004-08-19 22:42:47.5009360,2004-08-19 00:00:00.0000000,0,21491336,0,,,,/evidence/windows-ntfs-mft-nist/nist-hacking-case.mft,,,
1238,1238,True,459,459,.\WINDOWS\system32,dmscript.dll,.dll,77312,1,,False,False,False,False,True,False,Archive,DosWindows,2001-08-23 18:00:00.0000000,,2001-08-23 18:00:00.0000000,,2004-08-19 17:02:15.6350352,2001-08-23 18:00:00.0000000,2004-08-19 22:42:47.5309792,2004-08-19 00:00:00.0000000,0,21491365,0,,,,/evidence/windows-ntfs-mft-nist/nist-hacking-case.mft,,,
1239,1239,True,459,459,.\WINDOWS\system32,dmstyle.dll,.dll,110080,1,,False,False,False,False,True,False,Archive,DosWindows,2001-08-23 18:00:00.0000000,,2001-08-23 18:00:00.0000000,,2004-08-19 17:02:15.6450496,2001-08-23 18:00:00.0000000,2004-08-19 22:42:47.6511520,2004-08-19 00:00:00.0000000,0,21491423,0,,,,/evidence/windows-ntfs-mft-nist/nist-hacking-case.mft,,,
1240,1240,True,459,459,.\WINDOWS\system32,dmsynth.dll,.dll,99840,1,,False,False,False,False,True,False,Archive,DosWindows,2001-08-23 18:00:00.0000000,,2001-08-23 18:00:00.0000000,,2004-08-19 17:02:15.6450496,2001-08-23 18:00:00.0000000,2004-08-19 22:42:47.7112384,2004-08-19 00:00:00.0000000,0,21491452,0,,,,/evidence/windows-ntfs-mft-nist/nist-hacking-case.mft,,,
1241,1241,True,459,459,.\WINDOWS\system32,dmusic.dll,.dll,94720,1,,False,False,False,False,True,False,Archive,DosWindows,2001-08-23 18:00:00.0000000,,2001-08-23 18:00:00.0000000,,2004-08-19 17:02:15.6450496,2001-08-23 18:00:00.0000000,2004-08-19 22:42:47.7412816,2004-08-19 00:00:00.0000000,0,21491481,0,,,,/evidence/windows-ntfs-mft-nist/nist-hacking-case.mft,,,
1242,1242,True,459,459,.\WINDOWS\system32,dmutil.dll,.dll,50688,1,,False,False,False,False,True,False,Archive,DosWindows,2001-08-17 22:36:14.0000000,,2001-08-23 18:00:00.0000000,,2004-08-19 17:02:15.6450496,2001-08-23 18:00:00.0000000,2004-08-19 22:42:47.8013680,2004-08-19 00:00:00.0000000,0,21491545,0,,,,/evidence/windows-ntfs-mft-nist/nist-hacking-case.mft,,,
1243,1243,True,459,459,.\WINDOWS\system32,dmview.ocx,.ocx,61440,1,,False,False,False,False,True,False,Archive,DosWindows,2001-08-23 18:00:00.0000000,,2001-08-23 18:00:00.0000000,,2004-08-19 17:02:15.6450496,2001-08-23 18:00:00.0000000,2004-08-19 22:42:47.8414256,2004-08-19 00:00:00.0000000,0,21491574,0,,,,/evidence/windows-ntfs-mft-nist/nist-hacking-case.mft,,,
1244,1244,True,459,459,.\WINDOWS\system32,docprop.dll,.dll,46080,1,,False,False,False,False,True,False,Archive,DosWindows,2001-08-23 18:00:00.0000000,,2001-08-23 18:00:00.0000000,,2004-08-19 17:02:15.6550640,2001-08-23 18:00:00.0000000,2004-08-19 22:42:48.4022320,2004-08-19 00:00:00.0000000,0,21343869,0,,,,/evidence/windows-ntfs-mft-nist/nist-hacking-case.mft,,,
1245,1245,True,459,459,.\WINDOWS\system32,docprop2.dll,.dll,45056,1,,False,False,False,False,True,False,Archive,DosWindows,2001-08-23 18:00:00.0000000,,2001-08-23 18:00:00.0000000,,2004-08-19 17:02:15.6550640,2001-08-23 18:00:00.0000000,2004-08-19 22:42:48.4422896,2004-08-19 00:00:00.0000000,0,21491603,0,,,,/evidence/windows-ntfs-mft-nist/nist-hacking-case.mft,,,
1246,1246,True,459,459,.\WINDOWS\system32,doskey.exe,.exe,10752,1,,False,False,False,False,True,False,Archive,DosWindows,2001-08-23 18:00:00.0000000,,2001-08-23 18:00:00.0000000,,2004-08-19 17:02:15.6650784,2001-08-23 18:00:00.0000000,2004-08-19 22:42:48.4523040,2004-08-19 00:00:00.0000000,0,21345376,0,,,,/evidence/windows-ntfs-mft-nist/nist-hacking-case.mft,,,
1247,1247,True,459,459,.\WINDOWS\system32,dosx.exe,.exe,53840,1,,False,False,False,False,True,False,Archive,DosWindows,2001-08-23 18:00:00.0000000,,2001-08-23 18:00:00.0000000,,2004-08-19 17:02:15.6650784,2001-08-23 18:00:00.0000000,2004-08-19 22:42:48.4723328,2004-08-19 00:00:00.0000000,0,21491632,0,,,,/evidence/windows-ntfs-mft-nist/nist-hacking-case.mft,,,
1248,1248,True,459,459,.\WINDOWS\system32,dplay.dll,.dll,33040,1,,False,False,False,False,True,False,Archive,DosWindows,2001-08-23 18:00:00.0000000,,2001-08-23 18:00:00.0000000,,2004-08-19 17:02:15.6650784,2001-08-23 18:00:00.0000000,2004-08-19 22:42:48.6826352,2004-08-19 00:00:00.0000000,0,21492155,0,,,,/evidence/windows-ntfs-mft-nist/nist-hacking-case.mft,,,
1249,1249,True,459,459,.\WINDOWS\system32,dplaysvr.exe,.exe,26112,1,,False,False,False,False,True,False,Archive,DosWindows,2001-08-23 18:00:00.0000000,,2001-08-23 18:00:00.0000000,,2004-08-19 17:02:15.6750928,2001-08-23 18:00:00.0000000,2004-08-19 22:42:48.7026640,2004-08-19 00:00:00.0000000,0,21492184,0,,,,/evidence/windows-ntfs-mft-nist/nist-hacking-case.mft,,,
1250,1250,True,459,459,.\WINDOWS\system32,dplayx.dll,.dll,212992,1,,False,False,False,False,True,False,Archive,DosWindows,2001-08-23 18:00:00.0000000,,2001-08-23 18:00:00.0000000,,2004-08-19 17:02:15.6750928,2001-08-23 18:00:00.0000000,2004-08-19 22:42:48.7727648,2004-08-19 00:00:00.0000000,0,21492213,0,,,,/evidence/windows-ntfs-mft-nist/nist-hacking-case.mft,,,
1251,1251,True,459,459,.\WINDOWS\system32,dpmodemx.dll,.dll,20992,1,,False,False,False,False,True,False,Archive,DosWindows,2001-08-23 18:00:00.0000000,,2001-08-23 18:00:00.0000000,,2004-08-19 17:02:15.6750928,2001-08-23 18:00:00.0000000,2004-08-19 22:42:48.7927936,2004-08-19 00:00:00.0000000,0,21492250,0,,,,/evidence/windows-ntfs-mft-nist/nist-hacking-case.mft,,,
1252,1252,True,459,459,.\WINDOWS\system32,dpnaddr.dll,.dll,26112,1,,False,False,False,False,True,False,Archive,DosWindows,2001-08-23 18:00:00.0000000,,2001-08-23 18:00:00.0000000,,2004-08-19 17:02:15.6750928,2001-08-23 18:00:00.0000000,2004-08-19 22:42:48.8328512,2004-08-19 00:00:00.0000000,0,21492279,0,,,,/evidence/windows-ntfs-mft-nist/nist-hacking-case.mft,,,
1253,1253,True,459,459,.\WINDOWS\system32,dpnet.dll,.dll,156672,1,,False,False,False,False,True,False,Archive,DosWindows,2001-08-23 18:00:00.0000000,,2001-08-23 18:00:00.0000000,,2004-08-19 17:02:15.6750928,2001-08-23 18:00:00.0000000,2004-08-19 22:42:49.3135424,2004-08-19 00:00:00.0000000,0,21492308,0,,,,/evidence/windows-ntfs-mft-nist/nist-hacking-case.mft,,,
1254,1254,True,459,459,.\WINDOWS\system32,dpnhpast.dll,.dll,30208,1,,False,False,False,False,True,False,Archive,DosWindows,2001-08-23 18:00:00.0000000,,2001-08-23 18:00:00.0000000,,2004-08-19 17:02:15.6851072,2001-08-23 18:00:00.0000000,2004-08-19 22:42:49.5238448,2004-08-19 00:00:00.0000000,0,21492398,0,,,,/evidence/windows-ntfs-mft-nist/nist-hacking-case.mft,,,
1255,1255,True,459,459,.\WINDOWS\system32,dpnhupnp.dll,.dll,55808,1,,False,False,False,False,True,False,Archive,DosWindows,2001-08-23 18:00:00.0000000,,2001-08-23 18:00:00.0000000,,2004-08-19 17:02:15.6851072,2001-08-23 18:00:00.0000000,2004-08-19 22:42:49.5739168,2004-08-19 00:00:00.0000000,0,21500344,0,,,,/evidence/windows-ntfs-mft-nist/nist-hacking-case.mft,,,
1256,1256,True,459,459,.\WINDOWS\system32,dpnlobby.dll,.dll,38400,1,,False,False,False,False,True,False,Archive,DosWindows,2001-08-23 18:00:00.0000000,,2001-08-23 18:00:00.0000000,,2004-08-19 17:02:15.6851072,2001-08-23 18:00:00.0000000,2004-08-19 22:42:49.6139744,2004-08-19 00:00:00.0000000,0,21500373,0,,,,/evidence/windows-ntfs-mft-nist/nist-hacking-case.mft,,,
1257,1257,True,459,459,.\WINDOWS\system32,dpnmodem.dll,.dll,62464,1,,False,False,False,False,True,False,Archive,DosWindows,2001-08-23 18:00:00.0000000,,2001-08-23 18:00:00.0000000,,2004-08-19 17:02:15.6851072,2001-08-23 18:00:00.0000000,2004-08-19 22:42:49.6640464,2004-08-19 00:00:00.0000000,0,21500809,0,,,,/evidence/windows-ntfs-mft-nist/nist-hacking-case.mft,,,
1258,1258,True,459,459,.\WINDOWS\system32,dpnsvr.exe,.exe,18944,1,,False,False,False,False,True,False,Archive,DosWindows,2001-08-23 18:00:00.0000000,,2001-08-23 18:00:00.0000000,,2004-08-19 17:02:15.6851072,2001-08-23 18:00:00.0000000,2004-08-19 22:42:49.6740608,2004-08-19 00:00:00.0000000,0,21367543,0,,,,/evidence/windows-ntfs-mft-nist/nist-hacking-case.mft,,,
1259,1259,True,459,459,.\WINDOWS\system32,dpnwsock.dll,.dll,61952,1,,False,False,False,False,True,False,Archive,DosWindows,2001-08-23 18:00:00.0000000,,2001-08-23 18:00:00.0000000,,2004-08-19 17:02:15.6951216,2001-08-23 18:00:00.0000000,2004-08-19 22:42:49.6940896,2004-08-19 00:00:00.0000000,0,21506681,0,,,,/evidence/windows-ntfs-mft-nist/nist-hacking-case.mft,,,
1260,1260,True,459,459,.\WINDOWS\system32,dpserial.dll,.dll,53520,1,,False,False,False,False,True,False,Archive,DosWindows,2001-08-23 18:00:00.0000000,,2001-08-23 18:00:00.0000000,,2004-08-19 17:02:15.6951216,2001-08-23 18:00:00.0000000,2004-08-19 22:42:49.7742048,2004-08-19 00:00:00.0000000,0,21506710,0,,,,/evidence/windows-ntfs-mft-nist/nist-hacking-case.mft,,,
1261,1261,True,459,459,.\WINDOWS\system32,dpvacm.dll,.dll,24064,1,,False,False,False,False,True,False,Archive,DosWindows,2001-08-23 18:00:00.0000000,,2001-08-23 18:00:00.0000000,,2004-08-19 17:02:15.6951216,2001-08-23 18:00:00.0000000,2004-08-19 22:42:49.7842192,2004-08-19 00:00:00.0000000,0,21506739,0,,,,/evidence/windows-ntfs-mft-nist/nist-hacking-case.mft,,,
1262,1262,True,459,459,.\WINDOWS\system32,dpvoice.dll,.dll,206336,1,,False,False,False,False,True,False,Archive,DosWindows,2001-08-23 18:00:00.0000000,,2001-08-23 18:00:00.0000000,,2004-08-19 17:02:15.6951216,2001-08-23 18:00:00.0000000,2004-08-19 22:42:49.8543200,2004-08-19 00:00:00.0000000,0,21506768,0,,,,/evidence/windows-ntfs-mft-nist/nist-hacking-case.mft,,,
1263,1263,True,459,459,.\WINDOWS\system32,dpvsetup.exe,.exe,59392,1,,False,False,False,False,True,False,Archive,DosWindows,2001-08-23 18:00:00.0000000,,2001-08-23 18:00:00.0000000,,2004-08-19 17:02:15.6951216,2001-08-23 18:00:00.0000000,2004-08-19 22:42:50.1547520,2004-08-19 00:00:00.0000000,0,21507253,0,,,,/evidence/windows-ntfs-mft-nist/nist-hacking-case.mft,,,
1264,1264,True,459,459,.\WINDOWS\system32,dpvvox.dll,.dll,113152,1,,False,False,False,False,True,False,Archive,DosWindows,2001-08-23 18:00:00.0000000,,2001-08-23 18:00:00.0000000,,2004-08-19 17:02:15.7051360,2001-08-23 18:00:00.0000000,2004-08-19 22:42:50.2048240,2004-08-19 00:00:00.0000000,0,21507282,0,,,,/evidence/windows-ntfs-mft-nist/nist-hacking-case.mft,,,
1265,1265,True,459,459,.\WINDOWS\system32,dpwsock.dll,.dll,42768,1,,False,False,False,False,True,False,Archive,DosWindows,2001-08-23 18:00:00.0000000,,2001-08-23 18:00:00.0000000,,2004-08-19 17:02:15.7051360,2001-08-23 18:00:00.0000000,2004-08-19 22:42:50.2248528,2004-08-19 00:00:00.0000000,0,21507311,0,,,,/evidence/windows-ntfs-mft-nist/nist-hacking-case.mft,,,
1266,1266,True,459,459,.\WINDOWS\system32,dpwsockx.dll,.dll,50176,1,,False,False,False,False,True,False,Archive,DosWindows,2001-08-23 18:00:00.0000000,,2001-08-23 18:00:00.0000000,,2004-08-19 17:02:15.7051360,2001-08-23 18:00:00.0000000,2004-08-19 22:42:50.2448816,2004-08-19 00:00:00.0000000,0,21507340,0,,,,/evidence/windows-ntfs-mft-nist/nist-hacking-case.mft,,,
1267,1267,True,459,459,.\WINDOWS\system32,drmclien.dll,.dll,258048,1,,False,False,False,False,True,False,Archive,DosWindows,2001-08-23 18:00:00.0000000,,2001-08-23 18:00:00.0000000,,2004-08-19 17:02:16.3761008,2001-08-23 18:00:00.0000000,2004-08-19 22:41:32.0424320,2004-08-19 00:00:00.0000000,0,19713697,0,,,,/evidence/windows-ntfs-mft-nist/nist-hacking-case.mft,,,
1268,1268,True,459,459,.\WINDOWS\system32,drmstor.dll,.dll,76830,1,,False,False,False,False,True,False,Archive,DosWindows,2001-08-23 18:00:00.0000000,,2001-08-23 18:00:00.0000000,,2004-08-19 17:02:16.3761008,2001-08-23 18:00:00.0000000,2004-08-19 22:41:32.0925040,2004-08-19 00:00:00.0000000,0,19713726,0,,,,/evidence/windows-ntfs-mft-nist/nist-hacking-case.mft,,,
1269,1269,True,459,459,.\WINDOWS\system32,drmv2clt.dll,.dll,589824,1,,False,False,False,False,True,False,Archive,DosWindows,2001-08-23 18:00:00.0000000,,2001-08-23 18:00:00.0000000,,2004-08-19 17:02:16.3761008,2001-08-23 18:00:00.0000000,2004-08-19 22:42:50.5453136,2004-08-19 00:00:00.0000000,0,21510185,0,,,,/evidence/windows-ntfs-mft-nist/nist-hacking-case.mft,,,
1270,1270,True,459,459,.\WINDOWS\system32,forcedos.exe,.exe,7168,1,,False,False,False,False,True,False,Archive,DosWindows,2001-08-23 18:00:00.0000000,,2001-08-23 18:00:00.0000000,,2004-08-19 17:02:16.5463456,2001-08-23 18:00:00.0000000,2004-08-19 22:43:07.5697936,2004-08-19 00:00:00.0000000,0,21610895,0,,,,/evidence/windows-ntfs-mft-nist/nist-hacking-case.mft,,,
1271,1271,True,459,459,.\WINDOWS\system32,driverquery.exe,.exe,58368,1,,False,False,False,False,True,False,Archive,Windows,2001-08-23 18:00:00.0000000,,2001-08-23 18:00:00.0000000,,2004-08-19 17:02:15.7051360,2001-08-23 18:00:00.0000000,2004-08-19 22:42:50.2949536,2004-08-19 00:00:00.0000000,0,21507369,0,,,,/evidence/windows-ntfs-mft-nist/nist-hacking-case.mft,,,
1272,1272,True,459,459,.\WINDOWS\system32,drwatson.exe,.exe,28112,1,,False,False,False,False,True,False,Archive,DosWindows,2001-08-23 18:00:00.0000000,,2001-08-23 18:00:00.0000000,,2004-08-19 17:02:16.3861152,2001-08-23 18:00:00.0000000,2004-08-19 22:42:50.6855152,2004-08-19 00:00:00.0000000,0,21510214,0,,,,/evidence/windows-ntfs-mft-nist/nist-hacking-case.mft,,,
1273,1273,True,459,459,.\WINDOWS\system32,drwtsn32.exe,.exe,45568,1,,False,False,False,False,True,False,Archive,DosWindows,2001-08-23 18:00:00.0000000,,2001-08-23 18:00:00.0000000,,2004-08-19 17:02:16.3861152,2001-08-23 18:00:00.0000000,2004-08-20 15:25:44.8134128,2004-08-19 00:00:00.0000000,0,36690952,0,,,,/evidence/windows-ntfs-mft-nist/nist-hacking-case.mft,,,
1274,1274,True,459,459,.\WINDOWS\system32,format.com,.com,25600,1,,False,False,False,False,True,False,Archive,DosWindows,2001-08-23 18:00:00.0000000,,2001-08-23 18:00:00.0000000,,2004-08-19 17:02:16.5463456,2001-08-23 18:00:00.0000000,2004-08-19 00:00:00.0000000,,0,9569811,0,,,,/evidence/windows-ntfs-mft-nist/nist-hacking-case.mft,,,
1275,1275,True,459,459,.\WINDOWS\system32,ds16gt.dLL,.dLL,4656,1,,False,False,False,False,True,False,Archive,DosWindows,2001-08-23 18:00:00.0000000,,2001-08-23 18:00:00.0000000,,2004-08-19 17:02:16.3861152,2001-08-23 18:00:00.0000000,2004-08-19 22:42:50.7556160,2004-08-19 00:00:00.0000000,0,21510272,0,,,,/evidence/windows-ntfs-mft-nist/nist-hacking-case.mft,,,
1276,1276,True,459,459,.\WINDOWS\system32,ds32gt.dll,.dll,16384,1,,False,False,False,False,True,False,Archive,DosWindows,2001-08-23 18:00:00.0000000,,2001-08-23 18:00:00.0000000,,2004-08-19 17:02:16.3861152,2001-08-23 18:00:00.0000000,2004-08-19 22:41:32.1525904,2004-08-19 00:00:00.0000000,0,19713755,0,,,,/evidence/windows-ntfs-mft-nist/nist-hacking-case.mft,,,
1277,1277,True,459,459,.\WINDOWS\system32,dsauth.dll,.dll,62976,1,,False,False,False,False,True,False,Archive,DosWindows,2001-08-23 18:00:00.0000000,,2001-08-23 18:00:00.0000000,,2004-08-19 17:02:16.3961296,2001-08-23 18:00:00.0000000,2004-08-19 22:42:50.7856592,2004-08-19 00:00:00.0000000,0,21386203,0,,,,/evidence/windows-ntfs-mft-nist/nist-hacking-case.mft,,,
1278,1278,True,459,459,.\WINDOWS\system32,dsdmo.dll,.dll,165888,1,,False,False,False,False,True,False,Archive,DosWindows,2001-08-23 18:00:00.0000000,,2001-08-23 18:00:00.0000000,,2004-08-19 17:02:16.3961296,2001-08-23 18:00:00.0000000,2004-08-19 22:42:50.8557600,2004-08-19 00:00:00.0000000,0,21510526,0,,,,/evidence/windows-ntfs-mft-nist/nist-hacking-case.mft,,,
1279,1279,True,459,459,.\WINDOWS\system32,dsdmoprp.dll,.dll,66560,1,,False,False,False,False,True,False,Archive,DosWindows,2001-08-23 18:00:00.0000000,,2001-08-23 18:00:00.0000000,,2004-08-19 17:02:16.3961296,2001-08-23 18:00:00.0000000,2004-08-19 22:42:51.1161344,2004-08-19 00:00:00.0000000,0,21512051,0,,,,/evidence/windows-ntfs-mft-nist/nist-hacking-case.mft,,,
1280,1280,True,459,459,.\WINDOWS\system32,dskquota.dll,.dll,84992,1,,False,False,False,False,True,False,Archive,DosWindows,2001-08-23 18:00:00.0000000,,2001-08-23 18:00:00.0000000,,2004-08-19 17:02:16.3961296,2001-08-23 18:00:00.0000000,2004-08-26 15:51:48.4153664,2004-08-19 00:00:00.0000000,0,37896205,0,,,,/evidence/windows-ntfs-mft-nist/nist-hacking-case.mft,,,
1281,1281,True,459,459,.\WINDOWS\system32,dskquoui.dll,.dll,144384,1,,False,False,False,False,True,False,Archive,DosWindows,2001-08-23 18:00:00.0000000,,2001-08-23 18:00:00.0000000,,2004-08-19 17:02:16.3961296,2001-08-23 18:00:00.0000000,2004-08-19 22:42:51.2162784,2004-08-19 00:00:00.0000000,0,21514268,0,,,,/evidence/windows-ntfs-mft-nist/nist-hacking-case.mft,,,
1282,1282,True,459,459,.\WINDOWS\system32,dsound.dll,.dll,338944,1,,False,False,False,False,True,False,Archive,DosWindows,2001-08-23 18:00:00.0000000,,2001-08-23 18:00:00.0000000,,2004-08-19 17:02:16.4061440,2001-08-23 18:00:00.0000000,2004-08-19 22:53:22.1761600,2004-08-19 00:00:00.0000000,0,36829360,0,,,,/evidence/windows-ntfs-mft-nist/nist-hacking-case.mft,,,
1283,1283,True,459,459,.\WINDOWS\system32,dsound.vxd,.vxd,81,1,,False,False,False,False,True,False,Archive,DosWindows,2001-08-23 18:00:00.0000000,,2001-08-23 18:00:00.0000000,,2004-08-19 17:02:16.4061440,2001-08-23 18:00:00.0000000,2004-08-19 00:00:00.0000000,,0,9561135,0,,,,/evidence/windows-ntfs-mft-nist/nist-hacking-case.mft,,,
1284,1284,True,459,459,.\WINDOWS\system32,dsound3d.dll,.dll,1293824,1,,False,False,False,False,True,False,Archive,DosWindows,2001-08-23 18:00:00.0000000,,2001-08-23 18:00:00.0000000,,2004-08-19 17:02:16.4061440,2001-08-23 18:00:00.0000000,2004-08-19 22:42:51.6569120,2004-08-19 00:00:00.0000000,0,21540831,0,,,,/evidence/windows-ntfs-mft-nist/nist-hacking-case.mft,,,
1285,1285,True,459,459,.\WINDOWS\system32,dsprop.dll,.dll,131072,1,,False,False,False,False,True,False,Archive,DosWindows,2001-08-23 18:00:00.0000000,,2001-08-23 18:00:00.0000000,,2004-08-19 17:02:16.4061440,2001-08-23 18:00:00.0000000,2004-08-19 22:42:51.7670704,2004-08-19 00:00:00.0000000,0,21548902,0,,,,/evidence/windows-ntfs-mft-nist/nist-hacking-case.mft,,,
1286,1286,True,459,459,.\WINDOWS\system32,dsquery.dll,.dll,227840,1,,False,False,False,False,True,False,Archive,DosWindows,2001-08-23 18:00:00.0000000,,2001-08-23 18:00:00.0000000,,2004-08-19 17:02:16.4061440,2001-08-23 18:00:00.0000000,2004-08-19 22:42:52.2477616,2004-08-19 00:00:00.0000000,0,21548966,0,,,,/evidence/windows-ntfs-mft-nist/nist-hacking-case.mft,,,
1287,1287,True,459,459,.\WINDOWS\system32,dssec.dat,.dat,218003,1,,False,False,False,False,True,False,Archive,DosWindows,2001-08-23 18:00:00.0000000,,2001-08-23 18:00:00.0000000,,2004-08-19 17:02:16.4161584,2001-08-23 18:00:00.0000000,2004-08-19 00:00:00.0000000,,0,9561608,0,,,,/evidence/windows-ntfs-mft-nist/nist-hacking-case.mft,,,
1288,1288,True,459,459,.\WINDOWS\system32,dssec.dll,.dll,47104,1,,False,False,False,False,True,False,Archive,DosWindows,2001-08-23 18:00:00.0000000,,2001-08-23 18:00:00.0000000,,2004-08-19 17:02:16.4161584,2001-08-23 18:00:00.0000000,2004-08-19 22:42:52.2978336,2004-08-19 00:00:00.0000000,0,21548995,0,,,,/evidence/windows-ntfs-mft-nist/nist-hacking-case.mft,,,
1289,1289,True,459,459,.\WINDOWS\system32,dsuiext.dll,.dll,106496,1,,False,False,False,False,True,False,Archive,DosWindows,2001-08-23 18:00:00.0000000,,2001-08-23 18:00:00.0000000,,2004-08-19 17:02:16.4161584,2001-08-23 18:00:00.0000000,2004-08-19 22:42:52.3378912,2004-08-19 00:00:00.0000000,0,21549024,0,,,,/evidence/windows-ntfs-mft-nist/nist-hacking-case.mft,,,
1290,1290,True,459,459,.\WINDOWS\system32,dswave.dll,.dll,16896,1,,False,False,False,False,True,False,Archive,DosWindows,2001-08-23 18:00:00.0000000,,2001-08-23 18:00:00.0000000,,2004-08-19 17:02:16.4261728,2001-08-23 18:00:00.0000000,2004-08-19 22:42:52.3479056,2004-08-19 00:00:00.0000000,0,21549064,0,,,,/evidence/windows-ntfs-mft-nist/nist-hacking-case.mft,,,
1291,1291,True,459,459,.\WINDOWS\system32,dumprep.exe,.exe,30208,1,,False,False,False,False,True,False,Archive,DosWindows,2001-08-23 18:00:00.0000000,,2001-08-23 18:00:00.0000000,,2004-08-19 17:02:16.4261728,2001-08-23 18:00:00.0000000,2004-08-25 15:25:47.9677824,2004-08-19 00:00:00.0000000,0,36692617,0,,,,/evidence/windows-ntfs-mft-nist/nist-hacking-case.mft,,,
1292,1292,True,459,459,.\WINDOWS\system32,dvdplay.exe,.exe,55296,1,,False,False,False,False,True,False,Archive,DosWindows,2001-08-17 22:36:42.0000000,,2001-08-23 18:00:00.0000000,,2004-08-19 17:02:16.4261728,2001-08-23 18:00:00.0000000,2004-08-19 22:42:52.5682224,2004-08-19 00:00:00.0000000,0,21415003,0,,,,/evidence/windows-ntfs-mft-nist/nist-hacking-case.mft,,,
1293,1293,True,459,459,.\WINDOWS\system32,dvdupgrd.exe,.exe,15872,1,,False,False,False,False,True,False,Archive,DosWindows,2001-08-23 18:00:00.0000000,,2001-08-23 18:00:00.0000000,,2004-08-19 17:02:16.4261728,2001-08-23 18:00:00.0000000,2004-08-19 22:42:52.5782368,2004-08-19 00:00:00.0000000,0,21549122,0,,,,/evidence/windows-ntfs-mft-nist/nist-hacking-case.mft,,,
1294,1294,True,459,459,.\WINDOWS\system32,dx7vb.dll,.dll,595456,1,,False,False,False,False,True,False,Archive,DosWindows,2001-08-23 18:00:00.0000000,,2001-08-23 18:00:00.0000000,,2004-08-19 17:02:16.4361872,2001-08-23 18:00:00.0000000,2004-08-19 22:42:53.2692304,2004-08-19 00:00:00.0000000,0,21549497,0,,,,/evidence/windows-ntfs-mft-nist/nist-hacking-case.mft,,,
1295,1295,True,459,459,.\WINDOWS\system32,dx8vb.dll,.dll,1185792,1,,False,False,False,False,True,False,Archive,DosWindows,2001-08-23 18:00:00.0000000,,2001-08-23 18:00:00.0000000,,2004-08-19 17:02:16.4361872,2001-08-23 18:00:00.0000000,2004-08-19 22:42:53.5496336,2004-08-19 00:00:00.0000000,0,21558182,0,,,,/evidence/windows-ntfs-mft-nist/nist-hacking-case.mft,,,
1296,1296,True,459,459,.\WINDOWS\system32,dxdiag.exe,.exe,778240,1,,False,False,False,False,True,False,Archive,DosWindows,2001-08-23 18:00:00.0000000,,2001-08-23 18:00:00.0000000,,2004-08-19 17:02:16.4361872,2001-08-23 18:00:00.0000000,2004-08-19 22:42:55.3522256,2004-08-19 00:00:00.0000000,0,21634525,0,,,,/evidence/windows-ntfs-mft-nist/nist-hacking-case.mft,,,
1297,1297,True,459,459,.\WINDOWS\system32,dxmrtp.dll,.dll,802816,1,,False,False,False,False,True,False,Archive,DosWindows,2001-08-23 18:00:00.0000000,,2001-08-23 18:00:00.0000000,,2004-08-19 17:02:16.4462016,2001-08-23 18:00:00.0000000,2004-08-19 22:42:55.6025856,2004-08-19 00:00:00.0000000,0,21642115,0,,,,/evidence/windows-ntfs-mft-nist/nist-hacking-case.mft,,,
1298,1298,True,459,459,.\WINDOWS\system32,dxtmsft.dll,.dll,337920,1,,False,False,False,False,True,False,Archive,DosWindows,2001-08-23 18:00:00.0000000,,2001-08-23 18:00:00.0000000,,2004-08-19 17:02:16.4462016,2001-08-23 18:00:00.0000000,2004-08-27 15:32:57.0766272,2004-08-19 00:00:00.0000000,0,39297357,0,,,,/evidence/windows-ntfs-mft-nist/nist-hacking-case.mft,,,
1299,1299,True,459,459,.\WINDOWS\system32,dxtrans.dll,.dll,194560,1,,False,False,False,False,True,False,Archive,DosWindows,2001-08-23 18:00:00.0000000,,2001-08-23 18:00:00.0000000,,2004-08-19 17:02:16.4462016,2001-08-23 18:00:00.0000000,2004-08-27 15:32:57.0766272,2004-08-19 00:00:00.0000000,0,39297386,0,,,,/evidence/windows-ntfs-mft-nist/nist-hacking-case.mft,,,
1300,1300,True,459,459,.\WINDOWS\system32,dwwin.exe,.exe,162128,1,,False,False,False,False,True,False,Archive,DosWindows,2001-08-23 18:00:00.0000000,,2001-08-23 18:00:00.0000000,,2004-08-19 17:02:16.4361872,2001-08-23 18:00:00.0000000,2004-08-25 15:25:50.8419152,2004-08-19 00:00:00.0000000,0,36695419,0,,,,/evidence/windows-ntfs-mft-nist/nist-hacking-case.mft,,,
1301,1301,True,459,459,.\WINDOWS\system32,edlin.exe,.exe,12642,1,,False,False,False,False,True,False,Archive,DosWindows,2001-08-23 18:00:00.0000000,,2001-08-23 18:00:00.0000000,,2004-08-19 17:02:16.4562160,2001-08-23 18:00:00.0000000,2004-08-19 22:42:57.5353648,2004-08-19 00:00:00.0000000,0,21477792,0,,,,/evidence/windows-ntfs-mft-nist/nist-hacking-case.mft,,,
1302,1302,True,459,459,.\WINDOWS\system32,efsadu.dll,.dll,24576,1,,False,False,False,False,True,False,Archive,DosWindows,2001-08-23 18:00:00.0000000,,2001-08-23 18:00:00.0000000,,2004-08-19 17:02:16.4562160,2001-08-23 18:00:00.0000000,2004-08-19 22:42:57.5654080,2004-08-19 00:00:00.0000000,0,21643087,0,,,,/evidence/windows-ntfs-mft-nist/nist-hacking-case.mft,,,
1303,1303,True,459,459,.\WINDOWS\system32,els.dll,.dll,173568,1,,False,False,False,False,True,False,Archive,DosWindows,2001-08-23 18:00:00.0000000,,2001-08-23 18:00:00.0000000,,2004-08-19 23:05:15.3816992,2001-08-23 18:00:00.0000000,2004-08-19 22:42:57.7256384,2004-08-19 00:00:00.0000000,0,27043266,0,,,,/evidence/windows-ntfs-mft-nist/nist-hacking-case.mft,,,
1304,1304,True,459,459,.\WINDOWS\system32,ersvc.dll,.dll,17408,1,,False,False,False,False,True,False,Archive,DosWindows,2001-08-23 18:00:00.0000000,,2001-08-23 18:00:00.0000000,,2004-08-19 17:02:16.4662304,2001-08-23 18:00:00.0000000,2004-08-27 15:08:18.9079072,2004-08-19 00:00:00.0000000,0,38005328,0,,,,/evidence/windows-ntfs-mft-nist/nist-hacking-case.mft,,,
1305,1305,True,459,459,.\WINDOWS\system32,esent97.dll,.dll,1114896,1,,False,False,False,False,True,False,Archive,DosWindows,2001-08-23 18:00:00.0000000,,2001-08-23 18:00:00.0000000,,2004-08-19 17:02:16.4662304,2001-08-23 18:00:00.0000000,2004-08-19 22:42:59.1777264,2004-08-19 00:00:00.0000000,0,21685613,0,,,,/evidence/windows-ntfs-mft-nist/nist-hacking-case.mft,,,
1306,1306,True,459,459,.\WINDOWS\system32,esentprf.dll,.dll,17408,1,,False,False,False,False,True,False,Archive,DosWindows,2001-08-23 18:00:00.0000000,,2001-08-23 18:00:00.0000000,,2004-08-19 17:02:16.4762448,2001-08-23 18:00:00.0000000,2004-08-19 22:42:59.2778704,2004-08-19 00:00:00.0000000,0,21686082,0,,,,/evidence/windows-ntfs-mft-nist/nist-hacking-case.mft,,,
1307,1307,True,459,459,.\WINDOWS\system32,esentprf.hxx,.hxx,6708,1,,False,False,False,False,True,False,Archive,DosWindows,2001-08-23 18:00:00.0000000,,2001-08-23 18:00:00.0000000,,2004-08-19 17:02:16.4762448,2001-08-23 18:00:00.0000000,2004-08-19 00:00:00.0000000,,0,9565220,0,,,,/evidence/windows-ntfs-mft-nist/nist-hacking-case.mft,,,
1308,1308,True,459,459,.\WINDOWS\system32,esentprf.ini,.ini,1015477,1,,False,False,False,False,True,False,Archive,DosWindows,2001-08-23 18:00:00.0000000,,2001-08-23 18:00:00.0000000,,2004-08-19 17:02:16.4762448,2001-08-23 18:00:00.0000000,2004-08-19 00:00:00.0000000,,0,9565335,0,,,,/evidence/windows-ntfs-mft-nist/nist-hacking-case.mft,,,
1309,1309,True,459,459,.\WINDOWS\system32,esentutl.exe,.exe,39424,1,,False,False,False,False,True,False,Archive,DosWindows,2001-08-23 18:00:00.0000000,,2001-08-23 18:00:00.0000000,,2004-08-19 17:02:16.4762448,2001-08-23 18:00:00.0000000,2004-08-19 22:42:59.3279424,2004-08-19 00:00:00.0000000,0,21686111,0,,,,/evidence/windows-ntfs-mft-nist/nist-hacking-case.mft,,,
1310,1310,True,459,459,.\WINDOWS\system32,eudcedit.exe,.exe,178688,1,,False,False,False,False,True,False,Archive,DosWindows,2001-08-23 18:00:00.0000000,,2001-08-23 18:00:00.0000000,,2004-08-19 17:02:16.4762448,2001-08-23 18:00:00.0000000,2004-08-19 22:43:00.8801744,2004-08-19 00:00:00.0000000,0,21692805,0,,,,/evidence/windows-ntfs-mft-nist/nist-hacking-case.mft,,,
1311,1311,True,459,459,.\WINDOWS\system32,eula.txt,.txt,29338,1,,False,False,False,False,True,False,Archive,DosWindows,2001-08-23 18:00:00.0000000,,2001-08-23 18:00:00.0000000,,2004-08-19 17:02:16.4862592,2001-08-23 18:00:00.0000000,2004-08-19 00:00:00.0000000,,0,9565750,0,,,,/evidence/windows-ntfs-mft-nist/nist-hacking-case.mft,,,
1312,1312,True,459,459,.\WINDOWS\system32,framebuf.dll,.dll,8832,1,,False,False,False,False,True,False,Archive,DosWindows,2001-08-23 18:00:00.0000000,,2001-08-23 18:00:00.0000000,,2004-08-19 17:02:16.5463456,2001-08-23 18:00:00.0000000,2004-08-19 22:43:12.3466624,2004-08-19 00:00:00.0000000,0,21654001,0,,,,/evidence/windows-ntfs-mft-nist/nist-hacking-case.mft,,,
1313,1313,True,459,459,.\WINDOWS\system32,eventcreate.exe,.exe,47616,1,,False,False,False,False,True,False,Archive,Windows,2001-08-23 18:00:00.0000000,,2001-08-23 18:00:00.0000000,,2004-08-19 17:02:16.4862592,2001-08-23 18:00:00.0000000,2004-08-19 22:43:01.2707360,2004-08-19 00:00:00.0000000,0,21531844,0,,,,/evidence/windows-ntfs-mft-nist/nist-hacking-case.mft,,,
1314,1314,True,459,459,.\WINDOWS\system32,eventcls.dll,.dll,33280,1,,False,False,False,False,True,False,Archive,DosWindows,2001-08-23 18:00:00.0000000,,2001-08-23 18:00:00.0000000,,2004-08-19 17:02:16.4862592,2001-08-23 18:00:00.0000000,2004-08-19 22:43:01.1405488,2004-08-19 00:00:00.0000000,0,21759437,0,,,,/evidence/windows-ntfs-mft-nist/nist-hacking-case.mft,,,
1315,1315,True,459,459,.\WINDOWS\system32,eventvwr.exe,.exe,8704,1,,False,False,False,False,True,False,Archive,DosWindows,2001-08-23 18:00:00.0000000,,2001-08-23 18:00:00.0000000,,2004-08-19 17:02:16.4962736,2001-08-23 18:00:00.0000000,2004-08-19 22:43:01.4610096,2004-08-19 00:00:00.0000000,0,21761043,0,,,,/evidence/windows-ntfs-mft-nist/nist-hacking-case.mft,,,
1316,1316,True,459,459,.\WINDOWS\system32,eventvwr.msc,.msc,56678,1,,False,False,False,False,True,False,Archive,DosWindows,2001-08-23 18:00:00.0000000,,2001-08-23 18:00:00.0000000,,2004-08-19 17:02:16.4962736,2001-08-23 18:00:00.0000000,2004-08-19 00:00:00.0000000,,0,9566730,0,,,,/evidence/windows-ntfs-mft-nist/nist-hacking-case.mft,,,
1317,1317,True,459,459,.\WINDOWS\system32,fsmgmt.msc,.msc,32760,1,,False,False,False,False,True,False,Archive,DosWindows,2001-08-23 18:00:00.0000000,,2001-08-23 18:00:00.0000000,,2004-08-19 17:02:16.5563600,2001-08-23 18:00:00.0000000,2004-08-19 00:00:00.0000000,,0,9570121,0,,,,/evidence/windows-ntfs-mft-nist/nist-hacking-case.mft,,,
1318,1318,True,459,459,.\WINDOWS\system32,eventquery.vbs,.vbs,97965,1,,False,False,False,False,True,False,Archive,Windows,2001-08-23 18:00:00.0000000,,2001-08-23 18:00:00.0000000,,2004-08-19 17:02:16.4962736,2001-08-23 18:00:00.0000000,2004-08-19 22:43:01.3909088,2004-08-19 00:00:00.0000000,0,21760974,0,,,,/evidence/windows-ntfs-mft-nist/nist-hacking-case.mft,,,
1319,1319,True,459,459,.\WINDOWS\system32,fsusd.dll,.dll,81408,1,,False,False,False,False,True,False,Archive,DosWindows,2001-08-23 18:00:00.0000000,,2001-08-23 18:00:00.0000000,,2004-08-19 17:02:16.5563600,2001-08-23 18:00:00.0000000,2004-08-19 22:43:12.6671232,2004-08-19 00:00:00.0000000,0,21831940,0,,,,/evidence/windows-ntfs-mft-nist/nist-hacking-case.mft,,,
1320,1320,True,459,459,.\WINDOWS\system32,eventtriggers.exe,.exe,77824,1,,False,False,False,False,True,False,Archive,Windows,2001-08-23 18:00:00.0000000,,2001-08-23 18:00:00.0000000,,2004-08-19 17:02:16.4962736,2001-08-23 18:00:00.0000000,2004-08-19 22:43:01.4309664,2004-08-19 00:00:00.0000000,0,21761003,0,,,,/evidence/windows-ntfs-mft-nist/nist-hacking-case.mft,,,
1321,1321,True,459,459,.\WINDOWS\system32,exe2bin.exe,.exe,8424,1,,False,False,False,False,True,False,Archive,DosWindows,2001-08-23 18:00:00.0000000,,2001-08-23 18:00:00.0000000,,2004-08-19 17:02:16.4962736,2001-08-23 18:00:00.0000000,2004-08-19 22:43:02.6126656,2004-08-19 00:00:00.0000000,0,21547391,0,,,,/evidence/windows-ntfs-mft-nist/nist-hacking-case.mft,,,
1322,1322,True,459,459,.\WINDOWS\system32,expand.exe,.exe,15872,1,,False,False,False,False,True,False,Archive,DosWindows,2001-08-23 18:00:00.0000000,,2001-08-23 18:00:00.0000000,,2004-08-19 17:02:16.4962736,2001-08-23 18:00:00.0000000,2004-08-19 22:43:02.6226800,2004-08-19 00:00:00.0000000,0,21548152,0,,,,/evidence/windows-ntfs-mft-nist/nist-hacking-case.mft,,,
1323,1323,True,459,459,.\WINDOWS\system32,expsrv.dll,.dll,379152,1,,False,False,False,False,True,False,Archive,DosWindows,2001-08-23 18:00:00.0000000,,2001-08-23 18:00:00.0000000,,2004-08-19 17:02:16.5062880,2001-08-23 18:00:00.0000000,2004-08-19 22:41:32.4730512,2004-08-19 00:00:00.0000000,0,19719248,0,,,,/evidence/windows-ntfs-mft-nist/nist-hacking-case.mft,,,
1324,1324,True,459,459,.\WINDOWS\system32,extrac32.exe,.exe,40960,1,,False,False,False,False,True,False,Archive,DosWindows,2001-08-23 18:00:00.0000000,,2001-08-23 18:00:00.0000000,,2004-08-19 17:02:16.5062880,2001-08-23 18:00:00.0000000,2004-08-19 22:43:04.1248400,2004-08-19 00:00:00.0000000,0,21771598,0,,,,/evidence/windows-ntfs-mft-nist/nist-hacking-case.mft,,,
1325,1325,True,459,459,.\WINDOWS\system32,exts.dll,.dll,121856,1,,False,False,False,False,True,False,Archive,DosWindows,2001-08-23 18:00:00.0000000,,2001-08-23 18:00:00.0000000,,2004-08-19 17:02:16.5062880,2001-08-23 18:00:00.0000000,2004-08-20 15:25:45.3942480,2004-08-19 00:00:00.0000000,0,36692089,0,,,,/evidence/windows-ntfs-mft-nist/nist-hacking-case.mft,,,
1326,1326,True,459,459,.\WINDOWS\system32,fastopen.exe,.exe,882,1,,False,False,False,False,True,False,Archive,DosWindows,2001-08-23 18:00:00.0000000,,2001-08-23 18:00:00.0000000,,2004-08-19 17:02:16.5163024,2001-08-23 18:00:00.0000000,2004-08-19 22:43:05.1362944,2004-08-19 00:00:00.0000000,0,21582661,0,,,,/evidence/windows-ntfs-mft-nist/nist-hacking-case.mft,,,
1327,1327,True,459,459,.\WINDOWS\system32,fc.exe,.exe,14848,1,,False,False,False,False,True,False,Archive,DosWindows,2001-08-23 18:00:00.0000000,,2001-08-23 18:00:00.0000000,,2004-08-19 17:02:16.5163024,2001-08-23 18:00:00.0000000,2004-08-19 22:43:05.5068272,2004-08-19 00:00:00.0000000,0,21584937,0,,,,/evidence/windows-ntfs-mft-nist/nist-hacking-case.mft,,,
1328,1328,True,459,459,.\WINDOWS\system32,fde.dll,.dll,117760,1,,False,False,False,False,True,False,Archive,DosWindows,2001-08-23 18:00:00.0000000,,2001-08-23 18:00:00.0000000,,2004-08-19 17:02:16.5163024,2001-08-23 18:00:00.0000000,2004-08-19 22:43:06.4682096,2004-08-19 00:00:00.0000000,0,21780432,0,,,,/evidence/windows-ntfs-mft-nist/nist-hacking-case.mft,,,
1329,1329,True,459,459,.\WINDOWS\system32,fdeploy.dll,.dll,67072,1,,False,False,False,False,True,False,Archive,DosWindows,2001-08-23 18:00:00.0000000,,2001-08-23 18:00:00.0000000,,2004-08-19 17:02:16.5163024,2001-08-23 18:00:00.0000000,2004-08-19 22:43:06.4982528,2004-08-19 00:00:00.0000000,0,21780461,0,,,,/evidence/windows-ntfs-mft-nist/nist-hacking-case.mft,,,
1330,1330,True,459,459,.\WINDOWS\system32,feclient.dll,.dll,18432,1,,False,False,False,False,True,False,Archive,DosWindows,2001-08-23 18:00:00.0000000,,2001-08-23 18:00:00.0000000,,2004-08-19 17:02:16.5263168,2001-08-23 18:00:00.0000000,2004-08-19 22:43:06.5082672,2004-08-19 00:00:00.0000000,0,21594665,0,,,,/evidence/windows-ntfs-mft-nist/nist-hacking-case.mft,,,
1331,1331,True,459,459,.\WINDOWS\system32,filemgmt.dll,.dll,323072,1,,False,False,False,False,True,False,Archive,DosWindows,2001-08-23 18:00:00.0000000,,2001-08-23 18:00:00.0000000,,2004-08-19 23:05:15.7221888,2001-08-23 18:00:00.0000000,2004-08-19 22:43:06.6084112,2004-08-19 00:00:00.0000000,0,27044519,0,,,,/evidence/windows-ntfs-mft-nist/nist-hacking-case.mft,,,
1332,1332,True,459,459,.\WINDOWS\system32,find.exe,.exe,9216,1,,False,False,False,False,True,False,Archive,DosWindows,2001-08-23 18:00:00.0000000,,2001-08-23 18:00:00.0000000,,2004-08-19 17:02:16.5263168,2001-08-23 18:00:00.0000000,2004-08-19 22:43:06.6785120,2004-08-19 00:00:00.0000000,0,21781594,0,,,,/evidence/windows-ntfs-mft-nist/nist-hacking-case.mft,,,
1333,1333,True,459,459,.\WINDOWS\system32,finger.exe,.exe,9216,1,,False,False,False,False,True,False,Archive,DosWindows,2001-08-23 18:00:00.0000000,,2001-08-23 18:00:00.0000000,,2004-08-19 17:02:16.5363312,2001-08-23 18:00:00.0000000,2004-08-19 22:43:06.7285840,2004-08-19 00:00:00.0000000,0,21598333,0,,,,/evidence/windows-ntfs-mft-nist/nist-hacking-case.mft,,,
1334,1334,True,459,459,.\WINDOWS\system32,fixmapi.exe,.exe,3072,1,,False,False,False,False,True,False,Archive,DosWindows,2001-08-23 18:00:00.0000000,,2001-08-23 18:00:00.0000000,,2004-08-19 22:37:32.0974080,2001-08-23 18:00:00.0000000,2004-08-19 22:43:06.7886704,2004-08-19 00:00:00.0000000,0,21782779,0,,,,/evidence/windows-ntfs-mft-nist/nist-hacking-case.mft,,,
1335,1335,True,459,459,.\WINDOWS\system32,fldrclnr.dll,.dll,84992,1,,False,False,False,False,True,False,Archive,DosWindows,2001-08-23 18:00:00.0000000,,2001-08-23 18:00:00.0000000,,2004-08-19 17:02:16.5363312,2001-08-23 18:00:00.0000000,2004-08-19 22:43:07.2893904,2004-08-19 00:00:00.0000000,0,21788905,0,,,,/evidence/windows-ntfs-mft-nist/nist-hacking-case.mft,,,
1336,1336,True,459,459,.\WINDOWS\system32,fmifs.dll,.dll,16384,1,,False,False,False,False,True,False,Archive,DosWindows,2001-08-23 18:00:00.0000000,,2001-08-23 18:00:00.0000000,,2004-08-19 17:02:16.5363312,2001-08-23 18:00:00.0000000,2004-08-19 22:43:07.3695056,2004-08-19 00:00:00.0000000,0,21607863,0,,,,/evidence/windows-ntfs-mft-nist/nist-hacking-case.mft,,,
1337,1337,True,459,459,.\WINDOWS\system32,fontext.dll,.dll,361472,1,,False,False,False,False,True,False,Archive,DosWindows,2001-08-23 18:00:00.0000000,,2001-08-23 18:00:00.0000000,,2004-08-19 17:02:16.5463456,2001-08-23 18:00:00.0000000,2004-08-19 22:43:07.5097072,2004-08-19 00:00:00.0000000,0,21790148,0,,,,/evidence/windows-ntfs-mft-nist/nist-hacking-case.mft,,,
1338,1338,True,459,459,.\WINDOWS\system32,fontsub.dll,.dll,79360,1,,False,False,False,False,True,False,Archive,DosWindows,2001-08-23 18:00:00.0000000,,2001-08-23 18:00:00.0000000,,2004-08-19 17:02:16.5463456,2001-08-23 18:00:00.0000000,2004-08-19 22:43:07.5497648,2004-08-19 00:00:00.0000000,0,21790177,0,,,,/evidence/windows-ntfs-mft-nist/nist-hacking-case.mft,,,
1339,1339,True,459,459,.\WINDOWS\system32,fontview.exe,.exe,18944,1,,False,False,False,False,True,False,Archive,DosWindows,2001-08-23 18:00:00.0000000,,2001-08-23 18:00:00.0000000,,2004-08-19 17:02:16.5463456,2001-08-23 18:00:00.0000000,2004-08-19 22:43:07.5597792,2004-08-19 00:00:00.0000000,0,21610139,0,,,,/evidence/windows-ntfs-mft-nist/nist-hacking-case.mft,,,
1340,1340,True,459,459,.\WINDOWS\system32,fsutil.exe,.exe,56320,1,,False,False,False,False,True,False,Archive,DosWindows,2001-08-23 18:00:00.0000000,,2001-08-23 18:00:00.0000000,,2004-08-19 17:02:16.5563600,2001-08-23 18:00:00.0000000,2004-08-19 22:43:12.7272096,2004-08-19 00:00:00.0000000,0,21831969,0,,,,/evidence/windows-ntfs-mft-nist/nist-hacking-case.mft,,,
1341,1341,True,459,459,.\WINDOWS\system32,ftp.exe,.exe,40448,1,,False,False,False,False,True,False,Archive,DosWindows,2001-08-23 18:00:00.0000000,,2001-08-23 18:00:00.0000000,,2004-08-19 17:02:16.5563600,2001-08-23 18:00:00.0000000,2004-08-19 22:43:13.5383760,2004-08-19 00:00:00.0000000,0,21852432,0,,,,/evidence/windows-ntfs-mft-nist/nist-hacking-case.mft,,,
1342,1342,True,459,459,.\WINDOWS\system32,ftsrch.dll,.dll,176128,1,,False,False,False,False,True,False,Archive,DosWindows,2001-08-23 18:00:00.0000000,,2001-08-23 18:00:00.0000000,,2004-08-19 17:02:16.5663744,2001-08-23 18:00:00.0000000,2004-08-19 22:43:15.5412560,2004-08-19 00:00:00.0000000,0,21859701,0,,,,/evidence/windows-ntfs-mft-nist/nist-hacking-case.mft,,,
1343,1343,True,459,459,.\WINDOWS\system32,g711codc.ax,.ax,41472,1,,False,False,False,False,True,False,Archive,DosWindows,2001-08-23 18:00:00.0000000,,2001-08-23 18:00:00.0000000,,2004-08-19 17:02:16.5663744,2001-08-23 18:00:00.0000000,2004-08-19 22:43:23.4125744,2004-08-19 00:00:00.0000000,0,21894068,0,,,,/evidence/windows-ntfs-mft-nist/nist-hacking-case.mft,,,
1344,1344,True,459,459,.\WINDOWS\system32,gcdef.dll,.dll,76800,1,,False,False,False,False,True,False,Archive,DosWindows,2001-08-23 18:00:00.0000000,,2001-08-23 18:00:00.0000000,,2004-08-19 17:02:16.5663744,2001-08-23 18:00:00.0000000,2004-08-19 22:43:23.4626464,2004-08-19 00:00:00.0000000,0,21741587,0,,,,/evidence/windows-ntfs-mft-nist/nist-hacking-case.mft,,,
1345,1345,True,459,459,.\WINDOWS\system32,gdi.exe,.exe,24576,1,,False,False,False,False,True,False,Archive,DosWindows,2001-08-23 18:00:00.0000000,,2001-08-23 18:00:00.0000000,,2004-08-19 17:02:16.5663744,2001-08-23 18:00:00.0000000,2004-08-19 22:43:23.5027040,2004-08-19 00:00:00.0000000,0,21742337,0,,,,/evidence/windows-ntfs-mft-nist/nist-hacking-case.mft,,,
1346,1346,True,459,459,.\WINDOWS\system32,geo.nls,.nls,24772,1,,False,False,False,False,True,False,Archive,DosWindows,2001-08-23 18:00:00.0000000,,2001-08-23 18:00:00.0000000,,2004-08-19 17:02:16.6565040,2001-08-23 18:00:00.0000000,2004-08-19 00:00:00.0000000,,0,9571239,0,,,,/evidence/windows-ntfs-mft-nist/nist-hacking-case.mft,,,
1347,1347,True,459,459,.\WINDOWS\system32,getmac.exe,.exe,55296,1,,False,False,False,False,True,False,Archive,DosWindows,2001-08-23 18:00:00.0000000,,2001-08-23 18:00:00.0000000,,2004-08-19 17:02:16.6565040,2001-08-23 18:00:00.0000000,2004-08-19 22:43:23.6529200,2004-08-19 00:00:00.0000000,0,21894827,0,,,,/evidence/windows-ntfs-mft-nist/nist-hacking-case.mft,,,
1348,1348,True,459,459,.\WINDOWS\system32,glmf32.dll,.dll,285184,1,,False,False,False,False,True,False,Archive,DosWindows,2001-08-23 18:00:00.0000000,,2001-08-23 18:00:00.0000000,,2004-08-19 17:02:16.6565040,2001-08-23 18:00:00.0000000,2004-08-19 22:43:24.4140144,2004-08-19 00:00:00.0000000,0,21896264,0,,,,/evidence/windows-ntfs-mft-nist/nist-hacking-case.mft,,,
1349,1349,True,459,459,.\WINDOWS\system32,glu32.dll,.dll,116736,1,,False,False,False,False,True,False,Archive,DosWindows,2001-08-23 18:00:00.0000000,,2001-08-23 18:00:00.0000000,,2004-08-19 17:02:16.6565040,2001-08-23 18:00:00.0000000,2004-08-19 22:43:24.4841152,2004-08-19 00:00:00.0000000,0,21897197,0,,,,/evidence/windows-ntfs-mft-nist/nist-hacking-case.mft,,,
1350,1350,True,459,459,.\WINDOWS\system32,gpedit.dll,.dll,488960,1,,False,False,False,False,True,False,Archive,DosWindows,2001-08-23 18:00:00.0000000,,2001-08-23 18:00:00.0000000,,2004-08-19 17:02:16.6565040,2001-08-23 18:00:00.0000000,2004-08-19 22:43:24.6343312,2004-08-19 00:00:00.0000000,0,21897755,0,,,,/evidence/windows-ntfs-mft-nist/nist-hacking-case.mft,,,
1351,1351,True,459,459,.\WINDOWS\system32,gpedit.msc,.msc,34871,1,,False,False,False,False,True,False,Archive,DosWindows,2001-08-23 18:00:00.0000000,,2001-08-23 18:00:00.0000000,,2004-08-19 17:02:16.6665184,2001-08-23 18:00:00.0000000,2004-08-19 00:00:00.0000000,,0,9571892,0,,,,/evidence/windows-ntfs-mft-nist/nist-hacking-case.mft,,,
1352,1352,True,459,459,.\WINDOWS\system32,gpkcsp.dll,.dll,101888,1,,False,False,False,False,True,False,Archive,DosWindows,2001-08-23 18:00:00.0000000,,2001-08-23 18:00:00.0000000,,2004-08-19 17:02:16.6665184,2001-08-23 18:00:00.0000000,2004-08-19 22:43:24.7344752,2004-08-19 00:00:00.0000000,0,21897912,0,,,,/evidence/windows-ntfs-mft-nist/nist-hacking-case.mft,,,
1353,1353,True,459,459,.\WINDOWS\system32,gpkrsrc.dll,.dll,9728,1,,False,False,False,False,True,False,Archive,DosWindows,2001-08-23 18:00:00.0000000,,2001-08-23 18:00:00.0000000,,2004-08-19 17:02:16.6665184,2001-08-23 18:00:00.0000000,2004-08-19 22:43:24.7645184,2004-08-19 00:00:00.0000000,0,21897941,0,,,,/evidence/windows-ntfs-mft-nist/nist-hacking-case.mft,,,
1354,1354,True,459,459,.\WINDOWS\system32,gpresult.exe,.exe,111616,1,,False,False,False,False,True,False,Archive,DosWindows,2001-08-23 18:00:00.0000000,,2001-08-23 18:00:00.0000000,,2004-08-19 17:02:16.6665184,2001-08-23 18:00:00.0000000,2004-08-19 22:43:24.8346192,2004-08-19 00:00:00.0000000,0,21898162,0,,,,/evidence/windows-ntfs-mft-nist/nist-hacking-case.mft,,,
1355,1355,True,459,459,.\WINDOWS\system32,gptext.dll,.dll,178688,1,,False,False,False,False,True,False,Archive,DosWindows,2001-08-23 18:00:00.0000000,,2001-08-23 18:00:00.0000000,,2004-08-19 17:02:16.6765328,2001-08-23 18:00:00.0000000,2004-08-19 22:43:25.0148784,2004-08-19 00:00:00.0000000,0,21898327,0,,,,/evidence/windows-ntfs-mft-nist/nist-hacking-case.mft,,,
1356,1356,True,459,459,.\WINDOWS\system32,graftabl.com,.com,26112,1,,False,False,False,False,True,False,Archive,DosWindows,2001-08-23 18:00:00.0000000,,2001-08-23 18:00:00.0000000,,2004-08-19 17:02:16.6765328,2001-08-23 18:00:00.0000000,2004-08-19 00:00:00.0000000,,0,9572647,0,,,,/evidence/windows-ntfs-mft-nist/nist-hacking-case.mft,,,
1357,1357,True,459,459,.\WINDOWS\system32,graphics.com,.com,19694,1,,False,False,False,False,True,False,Archive,DosWindows,2001-08-23 18:00:00.0000000,,2001-08-23 18:00:00.0000000,,2004-08-19 17:02:16.6765328,2001-08-23 18:00:00.0000000,2004-08-19 00:00:00.0000000,,0,9572762,0,,,,/evidence/windows-ntfs-mft-nist/nist-hacking-case.mft,,,
1358,1358,True,459,459,.\WINDOWS\system32,graphics.pro,.pro,21232,1,,False,False,False,False,True,False,Archive,DosWindows,2001-08-23 18:00:00.0000000,,2001-08-23 18:00:00.0000000,,2004-08-19 17:02:16.6765328,2001-08-23 18:00:00.0000000,2004-08-19 00:00:00.0000000,,0,9572885,0,,,,/evidence/windows-ntfs-mft-nist/nist-hacking-case.mft,,,
1359,1359,True,459,459,.\WINDOWS\system32,grpconv.exe,.exe,37888,1,,False,False,False,False,True,False,Archive,DosWindows,2001-08-23 18:00:00.0000000,,2001-08-23 18:00:00.0000000,,2004-08-19 22:38:20.8074496,2001-08-23 18:00:00.0000000,2004-08-19 22:43:25.2652384,2004-08-19 00:00:00.0000000,0,21898577,0,,,,/evidence/windows-ntfs-mft-nist/nist-hacking-case.mft,,,
1360,1360,True,459,459,.\WINDOWS\system32,h323.tsp,.tsp,252928,1,,False,False,False,False,True,False,Archive,DosWindows,2001-08-23 18:00:00.0000000,,2001-08-23 18:00:00.0000000,,2004-08-19 17:02:16.6865472,2001-08-23 18:00:00.0000000,2004-08-27 15:08:45.7957472,2004-08-19 00:00:00.0000000,0,38078615,0,,,,/evidence/windows-ntfs-mft-nist/nist-hacking-case.mft,,,
1361,1361,True,459,459,.\WINDOWS\system32,h323msp.dll,.dll,592896,1,,False,False,False,False,True,False,Archive,DosWindows,2001-08-23 18:00:00.0000000,,2001-08-23 18:00:00.0000000,,2004-08-19 17:02:16.6865472,2001-08-23 18:00:00.0000000,2004-08-19 22:43:26.3267648,2004-08-19 00:00:00.0000000,0,21907368,0,,,,/evidence/windows-ntfs-mft-nist/nist-hacking-case.mft,,,
1362,1362,True,459,459,.\WINDOWS\system32,hdwwiz.cpl,.cpl,150016,1,,False,False,False,False,True,False,Archive,DosWindows,2001-08-23 18:00:00.0000000,,2001-08-23 18:00:00.0000000,,2004-08-19 23:05:50.4921856,2001-08-23 18:00:00.0000000,2004-08-19 23:05:41.8197152,2004-08-19 00:00:00.0000000,0,27086697,0,,,,/evidence/windows-ntfs-mft-nist/nist-hacking-case.mft,,,
1363,1363,True,459,459,.\WINDOWS\system32,help.exe,.exe,14848,1,,False,False,False,False,True,False,Archive,DosWindows,2001-08-23 18:00:00.0000000,,2001-08-23 18:00:00.0000000,,2004-08-19 17:02:16.6965616,2001-08-23 18:00:00.0000000,2004-08-19 22:43:27.2080320,2004-08-19 00:00:00.0000000,0,21789398,0,,,,/evidence/windows-ntfs-mft-nist/nist-hacking-case.mft,,,
1364,1364,True,459,459,.\WINDOWS\system32,hhctrl.ocx,.ocx,520552,1,,False,False,False,False,True,False,Archive,DosWindows,2001-08-23 18:00:00.0000000,,2001-08-23 18:00:00.0000000,,2004-08-19 17:02:16.6965616,2001-08-23 18:00:00.0000000,2004-08-27 15:12:19.2226400,2004-08-19 00:00:00.0000000,0,38844583,0,,,,/evidence/windows-ntfs-mft-nist/nist-hacking-case.mft,,,
1365,1365,True,459,459,.\WINDOWS\system32,hhsetup.dll,.dll,67612,1,,False,False,False,False,True,False,Archive,DosWindows,2001-08-23 18:00:00.0000000,,2001-08-23 18:00:00.0000000,,2004-08-19 17:02:16.6965616,2001-08-23 18:00:00.0000000,2004-08-19 22:43:28.2495296,2004-08-19 00:00:00.0000000,0,21931528,0,,,,/evidence/windows-ntfs-mft-nist/nist-hacking-case.mft,,,
1366,1366,True,459,459,.\WINDOWS\system32,hid.dll,.dll,22528,1,,False,False,False,False,True,False,Archive,DosWindows,2001-08-17 22:36:16.0000000,,2001-08-23 18:00:00.0000000,,2004-08-19 17:02:16.6965616,2001-08-23 18:00:00.0000000,2004-08-27 15:08:45.9259344,2004-08-19 00:00:00.0000000,0,38078737,0,,,,/evidence/windows-ntfs-mft-nist/nist-hacking-case.mft,,,
1367,1367,True,459,459,.\WINDOWS\system32,hidphone.tsp,.tsp,28160,1,,False,False,False,False,True,False,Archive,DosWindows,2001-08-23 18:00:00.0000000,,2001-08-23 18:00:00.0000000,,2004-08-19 17:02:16.7065760,2001-08-23 18:00:00.0000000,2004-08-27 15:08:45.9259344,2004-08-19 00:00:00.0000000,0,38078676,0,,,,/evidence/windows-ntfs-mft-nist/nist-hacking-case.mft,,,
1368,1368,True,459,459,.\WINDOWS\system32,himem.sys,.sys,4768,1,,False,False,False,False,True,False,Archive,DosWindows,2001-08-23 18:00:00.0000000,,2001-08-23 18:00:00.0000000,,2004-08-19 17:02:16.7065760,2001-08-23 18:00:00.0000000,2004-08-19 22:43:28.4097600,2004-08-19 00:00:00.0000000,0,21933174,0,,,,/evidence/windows-ntfs-mft-nist/nist-hacking-case.mft,,,
1369,1369,True,459,459,.\WINDOWS\system32,hlink.dll,.dll,77850,1,,False,False,False,False,True,False,Archive,DosWindows,2001-08-23 18:00:00.0000000,,2001-08-23 18:00:00.0000000,,2004-08-19 17:02:16.7065760,2001-08-23 18:00:00.0000000,2004-08-20 21:18:28.1226048,2004-08-19 00:00:00.0000000,0,32110963,0,,,,/evidence/windows-ntfs-mft-nist/nist-hacking-case.mft,,,
1370,1370,True,459,459,.\WINDOWS\system32,hnetmon.dll,.dll,14848,1,,False,False,False,False,True,False,Archive,DosWindows,2001-08-23 18:00:00.0000000,,2001-08-23 18:00:00.0000000,,2004-08-19 17:02:16.7165904,2001-08-23 18:00:00.0000000,2004-08-19 22:43:28.7101920,2004-08-19 00:00:00.0000000,0,21805898,0,,,,/evidence/windows-ntfs-mft-nist/nist-hacking-case.mft,,,
1371,1371,True,459,459,.\WINDOWS\system32,hnetwiz.dll,.dll,315904,1,,False,False,False,False,True,False,Archive,DosWindows,2001-08-23 18:00:00.0000000,,2001-08-23 18:00:00.0000000,,2004-08-25 15:22:34.2592432,2001-08-23 18:00:00.0000000,2004-08-25 15:22:09.3643808,2004-08-19 00:00:00.0000000,0,36650920,0,,,,/evidence/windows-ntfs-mft-nist/nist-hacking-case.mft,,,
1372,1372,True,459,459,.\WINDOWS\system32,netsetup.exe,.exe,323072,1,,False,False,False,False,True,False,Archive,DosWindows,2001-08-23 18:00:00.0000000,,2001-08-23 18:00:00.0000000,,2004-08-19 17:02:17.7280448,2001-08-23 18:00:00.0000000,2004-08-19 00:00:00.0000000,,0,9631041,0,,,,/evidence/windows-ntfs-mft-nist/nist-hacking-case.mft,,,
1373,1373,True,459,459,.\WINDOWS\system32,homepage.inf,.inf,903,1,,False,False,False,False,True,False,Archive,DosWindows,2001-08-23 18:00:00.0000000,,2001-08-23 18:00:00.0000000,,2004-08-19 17:02:16.7165904,2001-08-23 18:00:00.0000000,2004-08-19 00:00:00.0000000,,0,36716227,0,,,,/evidence/windows-ntfs-mft-nist/nist-hacking-case.mft,,,
1374,1374,True,459,459,.\WINDOWS\system32,hostname.exe,.exe,7680,1,,False,False,False,False,True,False,Archive,DosWindows,2001-08-23 18:00:00.0000000,,2001-08-23 18:00:00.0000000,,2004-08-19 17:02:16.7165904,2001-08-23 18:00:00.0000000,2004-08-19 22:43:29.5514016,2004-08-19 00:00:00.0000000,0,21952696,0,,,,/evidence/windows-ntfs-mft-nist/nist-hacking-case.mft,,,
1375,1375,True,459,459,.\WINDOWS\system32,hotplug.dll,.dll,137216,1,,False,False,False,False,True,False,Archive,DosWindows,2001-08-23 18:00:00.0000000,,2001-08-23 18:00:00.0000000,,2004-08-19 17:02:16.7165904,2001-08-23 18:00:00.0000000,2004-08-19 22:43:29.6215024,2004-08-19 00:00:00.0000000,0,21953665,0,,,,/evidence/windows-ntfs-mft-nist/nist-hacking-case.mft,,,
1376,1376,True,459,459,.\WINDOWS\system32,htui.dll,.dll,39936,1,,False,False,False,False,True,False,Archive,DosWindows,2001-08-23 18:00:00.0000000,,2001-08-23 18:00:00.0000000,,2004-08-19 17:02:16.7266048,2001-08-23 18:00:00.0000000,2004-08-19 22:43:32.2152320,2004-08-19 00:00:00.0000000,0,21850857,0,,,,/evidence/windows-ntfs-mft-nist/nist-hacking-case.mft,,,
1377,1377,True,459,459,.\WINDOWS\system32,iasads.dll,.dll,41472,1,,False,False,False,False,True,False,Archive,DosWindows,2001-08-23 18:00:00.0000000,,2001-08-23 18:00:00.0000000,,2004-08-19 17:02:16.7366192,2001-08-23 18:00:00.0000000,2004-08-19 22:43:58.0123264,2004-08-19 00:00:00.0000000,0,22311087,0,,,,/evidence/windows-ntfs-mft-nist/nist-hacking-case.mft,,,
1378,1378,True,459,459,.\WINDOWS\system32,iasacct.dll,.dll,23552,1,,False,False,False,False,True,False,Archive,DosWindows,2001-08-23 18:00:00.0000000,,2001-08-23 18:00:00.0000000,,2004-08-19 17:02:16.7366192,2001-08-23 18:00:00.0000000,2004-08-19 22:43:58.0023120,2004-08-19 00:00:00.0000000,0,22311058,0,,,,/evidence/windows-ntfs-mft-nist/nist-hacking-case.mft,,,
1379,1379,True,459,459,.\WINDOWS\system32,iashlpr.dll,.dll,32256,1,,False,False,False,False,True,False,Archive,DosWindows,2001-08-23 18:00:00.0000000,,2001-08-23 18:00:00.0000000,,2004-08-19 17:02:16.7366192,2001-08-23 18:00:00.0000000,2004-08-19 22:43:58.1625424,2004-08-19 00:00:00.0000000,0,22311116,0,,,,/evidence/windows-ntfs-mft-nist/nist-hacking-case.mft,,,
1380,1380,True,459,459,.\WINDOWS\system32,iasnap.dll,.dll,62464,1,,False,False,False,False,True,False,Archive,DosWindows,2001-08-23 18:00:00.0000000,,2001-08-23 18:00:00.0000000,,2004-08-19 17:02:16.7366192,2001-08-23 18:00:00.0000000,2004-08-19 22:43:58.3728448,2004-08-19 00:00:00.0000000,0,22311145,0,,,,/evidence/windows-ntfs-mft-nist/nist-hacking-case.mft,,,
1381,1381,True,459,459,.\WINDOWS\system32,iaspolcy.dll,.dll,17920,1,,False,False,False,False,True,False,Archive,DosWindows,2001-08-23 18:00:00.0000000,,2001-08-23 18:00:00.0000000,,2004-08-19 17:02:16.7466336,2001-08-23 18:00:00.0000000,2004-08-19 22:43:58.4930176,2004-08-19 00:00:00.0000000,0,22311174,0,,,,/evidence/windows-ntfs-mft-nist/nist-hacking-case.mft,,,
1382,1382,True,459,459,.\WINDOWS\system32,iasrad.dll,.dll,116224,1,,False,False,False,False,True,False,Archive,DosWindows,2001-08-23 18:00:00.0000000,,2001-08-23 18:00:00.0000000,,2004-08-19 17:02:16.7466336,2001-08-23 18:00:00.0000000,2004-08-19 22:43:58.6232048,2004-08-19 00:00:00.0000000,0,22311203,0,,,,/evidence/windows-ntfs-mft-nist/nist-hacking-case.mft,,,
1383,1383,True,459,459,.\WINDOWS\system32,iasrecst.dll,.dll,141312,1,,False,False,False,False,True,False,Archive,DosWindows,2001-08-23 18:00:00.0000000,,2001-08-23 18:00:00.0000000,,2004-08-19 17:02:16.7466336,2001-08-23 18:00:00.0000000,2004-08-19 22:43:58.6933056,2004-08-19 00:00:00.0000000,0,22311232,0,,,,/evidence/windows-ntfs-mft-nist/nist-hacking-case.mft,,,
1384,1384,True,459,459,.\WINDOWS\system32,iassam.dll,.dll,86528,1,,False,False,False,False,True,False,Archive,DosWindows,2001-08-23 18:00:00.0000000,,2001-08-23 18:00:00.0000000,,2004-08-19 17:02:16.7466336,2001-08-23 18:00:00.0000000,2004-08-19 22:43:58.7333632,2004-08-19 00:00:00.0000000,0,22318462,0,,,,/evidence/windows-ntfs-mft-nist/nist-hacking-case.mft,,,
1385,1385,True,459,459,.\WINDOWS\system32,iassdo.dll,.dll,247808,1,,False,False,False,False,True,False,Archive,DosWindows,2001-08-23 18:00:00.0000000,,2001-08-23 18:00:00.0000000,,2004-08-19 17:02:16.7466336,2001-08-23 18:00:00.0000000,2004-08-19 22:43:58.8635504,2004-08-19 00:00:00.0000000,0,22329578,0,,,,/evidence/windows-ntfs-mft-nist/nist-hacking-case.mft,,,
1386,1386,True,459,459,.\WINDOWS\system32,iassvcs.dll,.dll,59392,1,,False,False,False,False,True,False,Archive,DosWindows,2001-08-23 18:00:00.0000000,,2001-08-23 18:00:00.0000000,,2004-08-19 17:02:16.7566480,2001-08-23 18:00:00.0000000,2004-08-19 22:43:58.8935936,2004-08-19 00:00:00.0000000,0,22329607,0,,,,/evidence/windows-ntfs-mft-nist/nist-hacking-case.mft,,,
1387,1387,True,459,459,.\WINDOWS\system32,iccvid.dll,.dll,110592,1,,False,False,False,False,True,False,Archive,DosWindows,2001-08-23 18:00:00.0000000,,2001-08-23 18:00:00.0000000,,2004-08-19 17:02:16.7566480,2001-08-23 18:00:00.0000000,2004-08-26 15:51:46.1821552,2004-08-19 00:00:00.0000000,0,37892954,0,,,,/evidence/windows-ntfs-mft-nist/nist-hacking-case.mft,,,
1388,1388,True,459,459,.\WINDOWS\system32,icm32.dll,.dll,236032,1,,False,False,False,False,True,False,Archive,DosWindows,2001-08-23 18:00:00.0000000,,2001-08-23 18:00:00.0000000,,2004-08-19 17:02:16.7566480,2001-08-23 18:00:00.0000000,2004-08-19 22:43:59.7448176,2004-08-19 00:00:00.0000000,0,22352366,0,,,,/evidence/windows-ntfs-mft-nist/nist-hacking-case.mft,,,
1389,1389,True,459,459,.\WINDOWS\system32,icmui.dll,.dll,54784,1,,False,False,False,False,True,False,Archive,DosWindows,2001-08-23 18:00:00.0000000,,2001-08-23 18:00:00.0000000,,2004-08-19 17:02:16.7766768,2001-08-23 18:00:00.0000000,2004-08-19 22:43:59.8349472,2004-08-19 00:00:00.0000000,0,22352403,0,,,,/evidence/windows-ntfs-mft-nist/nist-hacking-case.mft,,,
1390,1390,True,459,459,.\WINDOWS\system32,idq.dll,.dll,110592,1,,False,False,False,False,True,False,Archive,DosWindows,2001-08-23 18:00:00.0000000,,2001-08-23 18:00:00.0000000,,2004-08-19 17:02:16.7766768,2001-08-23 18:00:00.0000000,2004-08-19 22:44:01.4873232,2004-08-19 00:00:00.0000000,0,22496281,0,,,,/evidence/windows-ntfs-mft-nist/nist-hacking-case.mft,,,
1391,1391,True,459,459,.\WINDOWS\system32,ieakeng.dll,.dll,126976,1,,False,False,False,False,True,False,Archive,DosWindows,2001-08-23 18:00:00.0000000,,2001-08-23 18:00:00.0000000,,2004-08-19 17:02:16.7866912,2001-08-23 18:00:00.0000000,2004-08-19 22:44:01.6275248,2004-08-19 00:00:00.0000000,0,22499026,0,,,,/evidence/windows-ntfs-mft-nist/nist-hacking-case.mft,,,
1392,1392,True,459,459,.\WINDOWS\system32,ieaksie.dll,.dll,203776,1,,False,False,False,False,True,False,Archive,DosWindows,2001-08-23 18:00:00.0000000,,2001-08-23 18:00:00.0000000,,2004-08-19 17:02:16.8167344,2001-08-23 18:00:00.0000000,2004-08-19 22:44:01.7076400,2004-08-19 00:00:00.0000000,0,22513166,0,,,,/evidence/windows-ntfs-mft-nist/nist-hacking-case.mft,,,
1393,1393,True,459,459,.\WINDOWS\system32,ieakui.dll,.dll,221184,1,,False,False,False,False,True,False,Archive,DosWindows,2001-08-23 18:00:00.0000000,,2001-08-23 18:00:00.0000000,,2004-08-19 17:02:16.8167344,2001-08-23 18:00:00.0000000,2004-08-19 22:44:01.7677264,2004-08-19 00:00:00.0000000,0,22522985,0,,,,/evidence/windows-ntfs-mft-nist/nist-hacking-case.mft,,,
1394,1394,True,459,459,.\WINDOWS\system32,iepeers.dll,.dll,230400,1,,False,False,False,False,True,False,Archive,DosWindows,2001-08-23 18:00:00.0000000,,2001-08-23 18:00:00.0000000,,2004-08-19 17:02:16.8267488,2001-08-23 18:00:00.0000000,2004-08-27 15:32:57.0766272,2004-08-19 00:00:00.0000000,0,39297328,0,,,,/evidence/windows-ntfs-mft-nist/nist-hacking-case.mft,,,
1395,1395,True,459,459,.\WINDOWS\system32,iernonce.dll,.dll,23040,1,,False,False,False,False,True,False,Archive,DosWindows,2001-08-23 18:00:00.0000000,,2001-08-23 18:00:00.0000000,,2004-08-19 17:02:16.8267488,2001-08-23 18:00:00.0000000,2004-08-19 22:44:02.0982016,2004-08-19 00:00:00.0000000,0,22551285,0,,,,/evidence/windows-ntfs-mft-nist/nist-hacking-case.mft,,,
1396,1396,True,459,459,.\WINDOWS\system32,iesetup.dll,.dll,59392,1,,False,False,False,False,True,False,Archive,DosWindows,2001-08-23 18:00:00.0000000,,2001-08-23 18:00:00.0000000,,2004-08-19 17:02:16.8267488,2001-08-23 18:00:00.0000000,2004-08-19 23:04:56.2742240,2004-08-19 00:00:00.0000000,0,37848585,0,,,,/evidence/windows-ntfs-mft-nist/nist-hacking-case.mft,,,
1397,1397,True,459,459,.\WINDOWS\system32,iexpress.exe,.exe,99840,1,,False,False,False,False,True,False,Archive,DosWindows,2001-08-23 18:00:00.0000000,,2001-08-23 18:00:00.0000000,,2004-08-19 17:02:16.8367632,2001-08-23 18:00:00.0000000,2004-08-19 22:44:02.5488496,2004-08-19 00:00:00.0000000,0,22561122,0,,,,/evidence/windows-ntfs-mft-nist/nist-hacking-case.mft,,,
1398,1398,True,459,459,.\WINDOWS\system32,ifmon.dll,.dll,125952,1,,False,False,False,False,True,False,Archive,DosWindows,2001-08-23 18:00:00.0000000,,2001-08-23 18:00:00.0000000,,2004-08-19 17:02:16.8367632,2001-08-23 18:00:00.0000000,2004-08-19 22:44:02.6089360,2004-08-19 00:00:00.0000000,0,22562711,0,,,,/evidence/windows-ntfs-mft-nist/nist-hacking-case.mft,,,
1399,1399,True,459,459,.\WINDOWS\system32,ifsutil.dll,.dll,70656,1,,False,False,False,False,True,False,Archive,DosWindows,2001-08-23 18:00:00.0000000,,2001-08-23 18:00:00.0000000,,2004-08-19 17:02:16.8367632,2001-08-23 18:00:00.0000000,2004-08-19 22:44:02.6289648,2004-08-19 00:00:00.0000000,0,22562740,0,,,,/evidence/windows-ntfs-mft-nist/nist-hacking-case.mft,,,
1400,1400,True,459,459,.\WINDOWS\system32,igmpagnt.dll,.dll,8192,1,,False,False,False,False,True,False,Archive,DosWindows,2001-08-23 18:00:00.0000000,,2001-08-23 18:00:00.0000000,,2004-08-19 17:02:16.8367632,2001-08-23 18:00:00.0000000,2004-08-19 22:44:02.6590080,2004-08-19 00:00:00.0000000,0,22097803,0,,,,/evidence/windows-ntfs-mft-nist/nist-hacking-case.mft,,,
1401,1401,True,459,459,.\WINDOWS\system32,iissuba.dll,.dll,9216,1,,False,False,False,False,True,False,Archive,DosWindows,2001-08-23 18:00:00.0000000,,2001-08-23 18:00:00.0000000,,2004-08-19 17:02:16.8467776,2001-08-23 18:00:00.0000000,2004-08-19 22:44:06.5946672,2004-08-19 00:00:00.0000000,0,22134133,0,,,,/evidence/windows-ntfs-mft-nist/nist-hacking-case.mft,,,
1402,1402,True,459,459,.\WINDOWS\system32,imaadp32.acm,.acm,14848,1,,False,False,False,False,True,False,Archive,DosWindows,2001-08-23 18:00:00.0000000,,2001-08-23 18:00:00.0000000,,2004-08-19 17:02:16.8467776,2001-08-23 18:00:00.0000000,2004-08-26 15:51:46.1120544,2004-08-19 00:00:00.0000000,0,37892832,0,,,,/evidence/windows-ntfs-mft-nist/nist-hacking-case.mft,,,
1403,1403,True,459,459,.\WINDOWS\system32,imeshare.dll,.dll,36921,1,,False,False,False,False,True,False,Archive,DosWindows,2001-08-23 18:00:00.0000000,,2001-08-23 18:00:00.0000000,,2004-08-19 17:02:16.8467776,2001-08-23 18:00:00.0000000,2004-08-19 22:40:56.3911680,2004-08-19 00:00:00.0000000,0,19360410,0,,,,/evidence/windows-ntfs-mft-nist/nist-hacking-case.mft,,,
1404,1404,True,459,459,.\WINDOWS\system32,imgutil.dll,.dll,30208,1,,False,False,False,False,True,False,Archive,DosWindows,2001-08-23 18:00:00.0000000,,2001-08-23 18:00:00.0000000,,2004-08-19 17:02:16.8567920,2001-08-23 18:00:00.0000000,2004-08-27 15:32:56.8663248,2004-08-19 00:00:00.0000000,0,39297241,0,,,,/evidence/windows-ntfs-mft-nist/nist-hacking-case.mft,,,
1405,1405,True,459,459,.\WINDOWS\system32,inetcpl.cpl,.cpl,294912,1,,False,False,False,False,True,False,Archive,DosWindows,2001-08-23 18:00:00.0000000,,2001-08-23 18:00:00.0000000,,2004-08-27 15:42:54.4856592,2001-08-23 18:00:00.0000000,2004-08-19 23:05:41.9499024,2004-08-19 00:00:00.0000000,0,39368833,0,,,,/evidence/windows-ntfs-mft-nist/nist-hacking-case.mft,,,
1406,1406,True,459,459,.\WINDOWS\system32,inetcplc.dll,.dll,110592,1,,False,False,False,False,True,False,Archive,DosWindows,2001-08-23 18:00:00.0000000,,2001-08-23 18:00:00.0000000,,2004-08-19 17:02:16.8567920,2001-08-23 18:00:00.0000000,2004-08-27 15:09:19.7746064,2004-08-19 00:00:00.0000000,0,38825112,0,,,,/evidence/windows-ntfs-mft-nist/nist-hacking-case.mft,,,
1407,1407,True,459,459,.\WINDOWS\system32,inetmib1.dll,.dll,31232,1,,False,False,False,False,True,False,Archive,DosWindows,2001-08-23 18:00:00.0000000,,2001-08-23 18:00:00.0000000,,2004-08-19 17:02:16.8567920,2001-08-23 18:00:00.0000000,2004-08-19 22:44:17.8408384,2004-08-19 00:00:00.0000000,0,22615134,0,,,,/evidence/windows-ntfs-mft-nist/nist-hacking-case.mft,,,
1408,1408,True,459,459,.\WINDOWS\system32,inetppui.dll,.dll,14336,1,,False,False,False,False,True,False,Archive,DosWindows,2001-08-23 18:00:00.0000000,,2001-08-23 18:00:00.0000000,,2004-08-19 17:02:16.8668064,2001-08-23 18:00:00.0000000,2004-08-19 22:44:17.9409824,2004-08-19 00:00:00.0000000,0,22615163,0,,,,/evidence/windows-ntfs-mft-nist/nist-hacking-case.mft,,,
1409,1409,True,459,459,.\WINDOWS\system32,infosoft.dll,.dll,450560,1,,False,False,False,False,True,False,Archive,DosWindows,2001-08-23 18:00:00.0000000,,2001-08-23 18:00:00.0000000,,2004-08-19 17:02:16.8668064,2001-08-23 18:00:00.0000000,2004-08-19 22:44:19.0625952,2004-08-19 00:00:00.0000000,0,22615262,0,,,,/evidence/windows-ntfs-mft-nist/nist-hacking-case.mft,,,
1410,1410,True,459,459,.\WINDOWS\system32,input.dll,.dll,104448,1,,False,False,False,False,True,False,Archive,DosWindows,2001-08-23 18:00:00.0000000,,2001-08-23 18:00:00.0000000,,2004-08-19 17:02:16.8768208,2001-08-23 18:00:00.0000000,2004-08-19 22:44:19.5733296,2004-08-19 00:00:00.0000000,0,22615320,0,,,,/evidence/windows-ntfs-mft-nist/nist-hacking-case.mft,,,
1411,1411,True,459,459,.\WINDOWS\system32,inseng.dll,.dll,69632,1,,False,False,False,False,True,False,Archive,DosWindows,2001-08-23 18:00:00.0000000,,2001-08-23 18:00:00.0000000,,2004-08-19 17:02:16.8768208,2001-08-23 18:00:00.0000000,2004-08-19 23:04:56.2842384,2004-08-19 00:00:00.0000000,0,37848712,0,,,,/evidence/windows-ntfs-mft-nist/nist-hacking-case.mft,,,
1412,1412,True,459,459,.\WINDOWS\system32,instcat.sql,.sql,761625,1,,False,False,False,False,True,False,Archive,DosWindows,2001-08-23 18:00:00.0000000,,2001-08-23 18:00:00.0000000,,2004-08-19 17:02:16.8768208,2001-08-23 18:00:00.0000000,2004-08-19 00:00:00.0000000,,0,9581779,0,,,,/evidence/windows-ntfs-mft-nist/nist-hacking-case.mft,,,
1413,1413,True,459,459,.\WINDOWS\system32,intl.cpl,.cpl,119808,1,,False,False,False,False,True,False,Archive,DosWindows,2001-08-23 18:00:00.0000000,,2001-08-23 18:00:00.0000000,,2004-08-19 23:05:50.1016240,2001-08-23 18:00:00.0000000,2004-08-19 23:05:42.0600608,2004-08-19 00:00:00.0000000,0,27084526,0,,,,/evidence/windows-ntfs-mft-nist/nist-hacking-case.mft,,,
1414,1414,True,459,459,.\WINDOWS\system32,iologmsg.dll,.dll,30720,1,,False,False,False,False,True,False,Archive,DosWindows,2001-08-23 18:00:00.0000000,,2001-08-23 18:00:00.0000000,,2004-08-19 17:02:16.8768208,2001-08-23 18:00:00.0000000,2004-08-19 22:44:19.7636032,2004-08-19 00:00:00.0000000,0,22275558,0,,,,/evidence/windows-ntfs-mft-nist/nist-hacking-case.mft,,,
1415,1415,True,459,459,.\WINDOWS\system32,ipconf.tsp,.tsp,16384,1,,False,False,False,False,True,False,Archive,DosWindows,2001-08-23 18:00:00.0000000,,2001-08-23 18:00:00.0000000,,2004-08-19 17:02:16.8868352,2001-08-23 18:00:00.0000000,2004-08-27 15:08:45.7857328,2004-08-19 00:00:00.0000000,0,38078554,0,,,,/evidence/windows-ntfs-mft-nist/nist-hacking-case.mft,,,
1416,1416,True,459,459,.\WINDOWS\system32,ipmontr.dll,.dll,154112,1,,False,False,False,False,True,False,Archive,DosWindows,2001-08-23 18:00:00.0000000,,2001-08-23 18:00:00.0000000,,2004-08-19 17:02:16.8868352,2001-08-23 18:00:00.0000000,2004-08-19 22:44:20.0540208,2004-08-19 00:00:00.0000000,0,22615494,0,,,,/evidence/windows-ntfs-mft-nist/nist-hacking-case.mft,,,
1417,1417,True,459,459,.\WINDOWS\system32,ipnathlp.dll,.dll,453632,1,,False,False,False,False,True,False,Archive,DosWindows,2001-08-23 18:00:00.0000000,,2001-08-23 18:00:00.0000000,,2004-08-19 17:02:16.8868352,2001-08-23 18:00:00.0000000,2004-08-19 22:44:20.3744816,2004-08-19 00:00:00.0000000,0,22640724,0,,,,/evidence/windows-ntfs-mft-nist/nist-hacking-case.mft,,,
1418,1418,True,459,459,.\WINDOWS\system32,ippromon.dll,.dll,318976,1,,False,False,False,False,True,False,Archive,DosWindows,2001-08-23 18:00:00.0000000,,2001-08-23 18:00:00.0000000,,2004-08-19 17:02:16.8968496,2001-08-23 18:00:00.0000000,2004-08-19 22:44:20.5246976,2004-08-19 00:00:00.0000000,0,22641016,0,,,,/evidence/windows-ntfs-mft-nist/nist-hacking-case.mft,,,
1419,1419,True,459,459,.\WINDOWS\system32,iprop.dll,.dll,3584,1,,False,False,False,False,True,False,Archive,DosWindows,2001-08-23 18:00:00.0000000,,2001-08-23 18:00:00.0000000,,2004-08-19 17:02:16.8968496,2001-08-23 18:00:00.0000000,2004-08-19 22:44:20.9553168,2004-08-19 00:00:00.0000000,0,22641045,0,,,,/evidence/windows-ntfs-mft-nist/nist-hacking-case.mft,,,
1420,1420,True,459,459,.\WINDOWS\system32,iprtprio.dll,.dll,4096,1,,False,False,False,False,True,False,Archive,DosWindows,2001-08-23 18:00:00.0000000,,2001-08-23 18:00:00.0000000,,2004-08-19 17:02:16.8968496,2001-08-23 18:00:00.0000000,2004-08-19 22:44:20.9853600,2004-08-19 00:00:00.0000000,0,22641074,0,,,,/evidence/windows-ntfs-mft-nist/nist-hacking-case.mft,,,
1421,1421,True,459,459,.\WINDOWS\system32,iprtrmgr.dll,.dll,169984,1,,False,False,False,False,True,False,Archive,DosWindows,2001-08-23 18:00:00.0000000,,2001-08-23 18:00:00.0000000,,2004-08-19 17:02:16.8968496,2001-08-23 18:00:00.0000000,2004-08-19 22:44:21.0754896,2004-08-19 00:00:00.0000000,0,22648004,0,,,,/evidence/windows-ntfs-mft-nist/nist-hacking-case.mft,,,
1422,1422,True,459,459,.\WINDOWS\system32,ipsec6.exe,.exe,44032,1,,False,False,False,False,True,False,Archive,DosWindows,2001-08-23 18:00:00.0000000,,2001-08-23 18:00:00.0000000,,2004-08-19 17:02:16.9068640,2001-08-23 18:00:00.0000000,2004-08-19 22:44:21.0955184,2004-08-19 00:00:00.0000000,0,22293227,0,,,,/evidence/windows-ntfs-mft-nist/nist-hacking-case.mft,,,
1423,1423,True,459,459,.\WINDOWS\system32,ipsecsnp.dll,.dll,332800,1,,False,False,False,False,True,False,Archive,DosWindows,2001-08-23 18:00:00.0000000,,2001-08-23 18:00:00.0000000,,2004-08-19 17:02:16.9068640,2001-08-23 18:00:00.0000000,2004-08-19 22:44:21.4560368,2004-08-19 00:00:00.0000000,0,22652236,0,,,,/evidence/windows-ntfs-mft-nist/nist-hacking-case.mft,,,
1424,1424,True,459,459,.\WINDOWS\system32,ipsmsnap.dll,.dll,364032,1,,False,False,False,False,True,False,Archive,DosWindows,2001-08-23 18:00:00.0000000,,2001-08-23 18:00:00.0000000,,2004-08-19 17:02:16.9068640,2001-08-23 18:00:00.0000000,2004-08-19 22:44:21.7164112,2004-08-19 00:00:00.0000000,0,22655847,0,,,,/evidence/windows-ntfs-mft-nist/nist-hacking-case.mft,,,
1425,1425,True,459,459,.\WINDOWS\system32,ipv6.exe,.exe,58368,1,,False,False,False,False,True,False,Archive,DosWindows,2001-08-23 18:00:00.0000000,,2001-08-23 18:00:00.0000000,,2004-08-19 17:02:16.9068640,2001-08-23 18:00:00.0000000,2004-08-19 22:44:21.7564688,2004-08-19 00:00:00.0000000,0,22655876,0,,,,/evidence/windows-ntfs-mft-nist/nist-hacking-case.mft,,,
1426,1426,True,459,459,.\WINDOWS\system32,ipv6mon.dll,.dll,121344,1,,False,False,False,False,True,False,Archive,DosWindows,2001-08-23 18:00:00.0000000,,2001-08-23 18:00:00.0000000,,2004-08-19 17:02:16.9168784,2001-08-23 18:00:00.0000000,2004-08-19 22:44:21.8065408,2004-08-19 00:00:00.0000000,0,22655905,0,,,,/evidence/windows-ntfs-mft-nist/nist-hacking-case.mft,,,
1427,1427,True,459,459,.\WINDOWS\system32,ipxmontr.dll,.dll,83968,1,,False,False,False,False,True,False,Archive,DosWindows,2001-08-23 18:00:00.0000000,,2001-08-23 18:00:00.0000000,,2004-08-19 17:02:16.9168784,2001-08-23 18:00:00.0000000,2004-08-19 22:44:21.8265696,2004-08-19 00:00:00.0000000,0,22655934,0,,,,/evidence/windows-ntfs-mft-nist/nist-hacking-case.mft,,,
1428,1428,True,459,459,.\WINDOWS\system32,ipxpromn.dll,.dll,69120,1,,False,False,False,False,True,False,Archive,DosWindows,2001-08-23 18:00:00.0000000,,2001-08-23 18:00:00.0000000,,2004-08-19 17:02:16.9168784,2001-08-23 18:00:00.0000000,2004-08-19 22:44:21.8766416,2004-08-19 00:00:00.0000000,0,22655963,0,,,,/evidence/windows-ntfs-mft-nist/nist-hacking-case.mft,,,
1429,1429,True,459,459,.\WINDOWS\system32,ipxrip.dll,.dll,21504,1,,False,False,False,False,True,False,Archive,DosWindows,2001-08-23 18:00:00.0000000,,2001-08-23 18:00:00.0000000,,2004-08-19 17:02:16.9168784,2001-08-23 18:00:00.0000000,2004-08-19 22:44:21.8866560,2004-08-19 00:00:00.0000000,0,22304989,0,,,,/evidence/windows-ntfs-mft-nist/nist-hacking-case.mft,,,
1430,1430,True,459,459,.\WINDOWS\system32,ipxroute.exe,.exe,22016,1,,False,False,False,False,True,False,Archive,DosWindows,2001-08-23 18:00:00.0000000,,2001-08-23 18:00:00.0000000,,2004-08-19 17:02:16.9168784,2001-08-23 18:00:00.0000000,2004-08-19 22:44:21.8966704,2004-08-19 00:00:00.0000000,0,22305744,0,,,,/evidence/windows-ntfs-mft-nist/nist-hacking-case.mft,,,
1431,1431,True,459,459,.\WINDOWS\system32,ipxrtmgr.dll,.dll,39936,1,,False,False,False,False,True,False,Archive,DosWindows,2001-08-23 18:00:00.0000000,,2001-08-23 18:00:00.0000000,,2004-08-19 17:02:16.9268928,2001-08-23 18:00:00.0000000,2004-08-19 22:44:21.9166992,2004-08-19 00:00:00.0000000,0,22655992,0,,,,/evidence/windows-ntfs-mft-nist/nist-hacking-case.mft,,,
1432,1432,True,459,459,.\WINDOWS\system32,ipxsap.dll,.dll,66560,1,,False,False,False,False,True,False,Archive,DosWindows,2001-08-23 18:00:00.0000000,,2001-08-23 18:00:00.0000000,,2004-08-19 17:02:16.9268928,2001-08-23 18:00:00.0000000,2004-08-19 22:44:21.9367280,2004-08-19 00:00:00.0000000,0,22656029,0,,,,/evidence/windows-ntfs-mft-nist/nist-hacking-case.mft,,,
1433,1433,True,459,459,.\WINDOWS\system32,ipxwan.dll,.dll,20992,1,,False,False,False,False,True,False,Archive,DosWindows,2001-08-23 18:00:00.0000000,,2001-08-23 18:00:00.0000000,,2004-08-19 17:02:16.9268928,2001-08-23 18:00:00.0000000,2004-08-19 22:44:21.9567568,2004-08-19 00:00:00.0000000,0,22656058,0,,,,/evidence/windows-ntfs-mft-nist/nist-hacking-case.mft,,,
1434,1434,True,459,459,.\WINDOWS\system32,ir32_32.dll,.dll,199168,1,,False,False,False,False,True,False,Archive,DosWindows,2001-08-23 18:00:00.0000000,,2001-08-23 18:00:00.0000000,,2004-08-19 17:02:16.9268928,2001-08-23 18:00:00.0000000,2004-08-26 15:51:46.2722848,2004-08-19 00:00:00.0000000,0,37893076,0,,,,/evidence/windows-ntfs-mft-nist/nist-hacking-case.mft,,,
1435,1435,True,459,459,.\WINDOWS\system32,itircl.dll,.dll,155552,1,,False,False,False,False,True,False,Archive,DosWindows,2001-08-23 18:00:00.0000000,,2001-08-23 18:00:00.0000000,,2004-08-19 17:02:16.9469216,2001-08-23 18:00:00.0000000,2004-08-20 21:15:06.8431792,2004-08-19 00:00:00.0000000,0,32022798,0,,,,/evidence/windows-ntfs-mft-nist/nist-hacking-case.mft,,,
1436,1436,True,459,459,.\WINDOWS\system32,itss.dll,.dll,138048,1,,False,False,False,False,True,False,Archive,DosWindows,2001-08-23 18:00:00.0000000,,2001-08-23 18:00:00.0000000,,2004-08-19 17:02:16.9469216,2001-08-23 18:00:00.0000000,2004-08-27 15:12:18.7920208,2004-08-19 00:00:00.0000000,0,38843826,0,,,,/evidence/windows-ntfs-mft-nist/nist-hacking-case.mft,,,
1437,1437,True,459,459,.\WINDOWS\system32,iuctl.dll,.dll,60928,1,,False,False,False,False,True,False,Archive,DosWindows,2001-08-23 18:00:00.0000000,,2001-08-23 18:00:00.0000000,,2004-08-19 17:02:16.9469216,2001-08-23 18:00:00.0000000,2004-08-19 22:44:23.1484704,2004-08-19 00:00:00.0000000,0,22656192,0,,,,/evidence/windows-ntfs-mft-nist/nist-hacking-case.mft,,,
1438,1438,True,459,459,.\WINDOWS\system32,iuengine.dll,.dll,128512,1,,False,False,False,False,True,False,Archive,DosWindows,2001-08-23 18:00:00.0000000,,2001-08-23 18:00:00.0000000,,2004-08-19 17:02:16.9569360,2001-08-23 18:00:00.0000000,2004-08-19 22:44:23.3287296,2004-08-19 00:00:00.0000000,0,22656221,0,,,,/evidence/windows-ntfs-mft-nist/nist-hacking-case.mft,,,
1439,1439,True,459,459,.\WINDOWS\system32,ixsso.dll,.dll,49152,1,,False,False,False,False,True,False,Archive,DosWindows,2001-08-23 18:00:00.0000000,,2001-08-23 18:00:00.0000000,,2004-08-19 17:02:16.9569360,2001-08-23 18:00:00.0000000,2004-08-19 22:44:23.7393200,2004-08-19 00:00:00.0000000,0,22656250,0,,,,/evidence/windows-ntfs-mft-nist/nist-hacking-case.mft,,,
1440,1440,True,459,459,.\WINDOWS\system32,jet500.dll,.dll,362496,1,,False,False,False,False,True,False,Archive,DosWindows,2001-08-23 18:00:00.0000000,,2001-08-23 18:00:00.0000000,,2004-08-19 17:02:16.9569360,2001-08-23 18:00:00.0000000,2004-08-19 22:44:23.9095648,2004-08-19 00:00:00.0000000,0,22656308,0,,,,/evidence/windows-ntfs-mft-nist/nist-hacking-case.mft,,,
1441,1441,True,459,459,.\WINDOWS\system32,jgaw400.dll,.dll,44544,1,,False,False,False,False,True,False,Archive,DosWindows,2001-08-23 18:00:00.0000000,,2001-08-23 18:00:00.0000000,,2004-08-19 17:02:16.9669504,2001-08-23 18:00:00.0000000,2004-08-19 22:44:23.9496224,2004-08-19 00:00:00.0000000,0,22656337,0,,,,/evidence/windows-ntfs-mft-nist/nist-hacking-case.mft,,,
1442,1442,True,459,459,.\WINDOWS\system32,jgdw400.dll,.dll,144896,1,,False,False,False,False,True,False,Archive,DosWindows,2001-08-23 18:00:00.0000000,,2001-08-23 18:00:00.0000000,,2004-08-19 17:02:16.9669504,2001-08-23 18:00:00.0000000,2004-08-19 22:44:23.9796656,2004-08-19 00:00:00.0000000,0,22697660,0,,,,/evidence/windows-ntfs-mft-nist/nist-hacking-case.mft,,,
1443,1443,True,459,459,.\WINDOWS\system32,jgmd400.dll,.dll,35840,1,,False,False,False,False,True,False,Archive,DosWindows,2001-08-23 18:00:00.0000000,,2001-08-23 18:00:00.0000000,,2004-08-19 17:02:16.9669504,2001-08-23 18:00:00.0000000,2004-08-19 22:44:24.0097088,2004-08-19 00:00:00.0000000,0,22697689,0,,,,/evidence/windows-ntfs-mft-nist/nist-hacking-case.mft,,,
1444,1444,True,459,459,.\WINDOWS\system32,jgpl400.dll,.dll,42496,1,,False,False,False,False,True,False,Archive,DosWindows,2001-08-23 18:00:00.0000000,,2001-08-23 18:00:00.0000000,,2004-08-19 17:02:16.9669504,2001-08-23 18:00:00.0000000,2004-08-19 22:44:24.0397520,2004-08-19 00:00:00.0000000,0,22334541,0,,,,/evidence/windows-ntfs-mft-nist/nist-hacking-case.mft,,,
1445,1445,True,459,459,.\WINDOWS\system32,jgsd400.dll,.dll,45568,1,,False,False,False,False,True,False,Archive,DosWindows,2001-08-23 18:00:00.0000000,,2001-08-23 18:00:00.0000000,,2004-08-19 17:02:16.9669504,2001-08-23 18:00:00.0000000,2004-08-19 22:44:24.0597808,2004-08-19 00:00:00.0000000,0,22697944,0,,,,/evidence/windows-ntfs-mft-nist/nist-hacking-case.mft,,,
1446,1446,True,459,459,.\WINDOWS\system32,jgsh400.dll,.dll,65536,1,,False,False,False,False,True,False,Archive,DosWindows,2001-08-23 18:00:00.0000000,,2001-08-23 18:00:00.0000000,,2004-08-19 17:02:16.9769648,2001-08-23 18:00:00.0000000,2004-08-19 22:44:24.0898240,2004-08-19 00:00:00.0000000,0,22697973,0,,,,/evidence/windows-ntfs-mft-nist/nist-hacking-case.mft,,,
1447,1447,True,459,459,.\WINDOWS\system32,jobexec.dll,.dll,47952,1,,False,False,False,False,True,False,Archive,DosWindows,2001-08-23 18:00:00.0000000,,2001-08-23 18:00:00.0000000,,2004-08-19 17:02:16.9769648,2001-08-23 18:00:00.0000000,2004-08-19 22:44:24.1298816,2004-08-19 00:00:00.0000000,0,22698010,0,,,,/evidence/windows-ntfs-mft-nist/nist-hacking-case.mft,,,
1448,1448,True,459,459,.\WINDOWS\system32,joy.cpl,.cpl,65536,1,,False,False,False,False,True,False,Archive,DosWindows,2001-08-23 18:00:00.0000000,,2001-08-23 18:00:00.0000000,,2004-08-19 23:05:50.3419696,2001-08-23 18:00:00.0000000,2004-08-19 23:05:42.4506224,2004-08-19 00:00:00.0000000,0,27085789,0,,,,/evidence/windows-ntfs-mft-nist/nist-hacking-case.mft,,,
1449,1449,True,459,459,.\WINDOWS\system32,jscript.dll,.dll,593948,1,,False,False,False,False,True,False,Archive,DosWindows,2001-08-23 18:00:00.0000000,,2001-08-23 18:00:00.0000000,,2004-08-19 17:02:16.9769648,2001-08-23 18:00:00.0000000,2004-08-27 15:32:51.4585488,2004-08-19 00:00:00.0000000,0,39294137,0,,,,/evidence/windows-ntfs-mft-nist/nist-hacking-case.mft,,,
1450,1450,True,459,459,.\WINDOWS\system32,jsproxy.dll,.dll,12288,1,,False,False,False,False,True,False,Archive,DosWindows,2001-08-23 18:00:00.0000000,,2001-08-23 18:00:00.0000000,,2004-08-19 17:02:16.9869792,2001-08-23 18:00:00.0000000,2004-08-19 22:40:59.4956320,2004-08-19 00:00:00.0000000,0,19297565,0,,,,/evidence/windows-ntfs-mft-nist/nist-hacking-case.mft,,,
1451,1451,True,459,459,.\WINDOWS\system32,kb16.com,.com,14710,1,,False,False,False,False,True,False,Archive,DosWindows,2001-08-23 18:00:00.0000000,,2001-08-23 18:00:00.0000000,,2004-08-19 17:02:16.9869792,2001-08-23 18:00:00.0000000,2004-08-19 00:00:00.0000000,,0,9588216,0,,,,/evidence/windows-ntfs-mft-nist/nist-hacking-case.mft,,,
1452,1452,True,459,459,.\WINDOWS\system32,kbdbe.dll,.dll,6144,1,,False,False,False,False,True,False,Archive,DosWindows,2001-08-23 18:00:00.0000000,,2001-08-23 18:00:00.0000000,,2004-08-19 17:02:16.9869792,2001-08-23 18:00:00.0000000,2004-08-19 22:44:27.9854256,2004-08-19 00:00:00.0000000,0,22712561,0,,,,/evidence/windows-ntfs-mft-nist/nist-hacking-case.mft,,,
1453,1453,True,459,459,.\WINDOWS\system32,kbdbene.dll,.dll,6144,1,,False,False,False,False,True,False,Archive,DosWindows,2001-08-23 18:00:00.0000000,,2001-08-23 18:00:00.0000000,,2004-08-19 17:02:16.9869792,2001-08-23 18:00:00.0000000,2004-08-19 22:44:28.0054544,2004-08-19 00:00:00.0000000,0,22712590,0,,,,/evidence/windows-ntfs-mft-nist/nist-hacking-case.mft,,,
1454,1454,True,459,459,.\WINDOWS\system32,kbdbr.dll,.dll,6144,1,,False,False,False,False,True,False,Archive,DosWindows,2001-08-23 18:00:00.0000000,,2001-08-23 18:00:00.0000000,,2004-08-19 17:02:16.9869792,2001-08-23 18:00:00.0000000,2004-08-19 22:44:28.0655408,2004-08-19 00:00:00.0000000,0,22386719,0,,,,/evidence/windows-ntfs-mft-nist/nist-hacking-case.mft,,,
1455,1455,True,459,459,.\WINDOWS\system32,kbdca.dll,.dll,6144,1,,False,False,False,False,True,False,Archive,DosWindows,2001-08-23 18:00:00.0000000,,2001-08-23 18:00:00.0000000,,2004-08-19 17:02:16.9969936,2001-08-23 18:00:00.0000000,2004-08-19 22:44:28.0855696,2004-08-19 00:00:00.0000000,0,22388235,0,,,,/evidence/windows-ntfs-mft-nist/nist-hacking-case.mft,,,
1456,1456,True,459,459,.\WINDOWS\system32,kbdcan.dll,.dll,7680,1,,False,False,False,False,True,False,Archive,DosWindows,2001-08-23 18:00:00.0000000,,2001-08-23 18:00:00.0000000,,2004-08-19 17:02:16.9969936,2001-08-23 18:00:00.0000000,2004-08-19 22:44:28.1256272,2004-08-19 00:00:00.0000000,0,22388986,0,,,,/evidence/windows-ntfs-mft-nist/nist-hacking-case.mft,,,
1457,1457,True,459,459,.\WINDOWS\system32,kbdda.dll,.dll,6144,1,,False,False,False,False,True,False,Archive,DosWindows,2001-08-23 18:00:00.0000000,,2001-08-23 18:00:00.0000000,,2004-08-19 17:02:16.9969936,2001-08-23 18:00:00.0000000,2004-08-19 22:44:28.4561024,2004-08-19 00:00:00.0000000,0,22778320,0,,,,/evidence/windows-ntfs-mft-nist/nist-hacking-case.mft,,,
1458,1458,True,459,459,.\WINDOWS\system32,kbddv.dll,.dll,5120,1,,False,False,False,False,True,False,Archive,DosWindows,2001-08-23 18:00:00.0000000,,2001-08-23 18:00:00.0000000,,2004-08-19 17:02:16.9969936,2001-08-23 18:00:00.0000000,2004-08-19 22:44:29.4675568,2004-08-19 00:00:00.0000000,0,22779128,0,,,,/evidence/windows-ntfs-mft-nist/nist-hacking-case.mft,,,
1459,1459,True,459,459,.\WINDOWS\system32,kbdes.dll,.dll,6144,1,,False,False,False,False,True,False,Archive,DosWindows,2001-08-23 18:00:00.0000000,,2001-08-23 18:00:00.0000000,,2004-08-19 17:02:17.0070080,2001-08-23 18:00:00.0000000,2004-08-19 22:44:29.4775712,2004-08-19 00:00:00.0000000,0,22779157,0,,,,/evidence/windows-ntfs-mft-nist/nist-hacking-case.mft,,,
1460,1460,True,459,459,.\WINDOWS\system32,kbdfc.dll,.dll,6144,1,,False,False,False,False,True,False,Archive,DosWindows,2001-08-23 18:00:00.0000000,,2001-08-23 18:00:00.0000000,,2004-08-19 17:02:17.0070080,2001-08-23 18:00:00.0000000,2004-08-19 22:44:29.9983200,2004-08-19 00:00:00.0000000,0,22779516,0,,,,/evidence/windows-ntfs-mft-nist/nist-hacking-case.mft,,,
1461,1461,True,459,459,.\WINDOWS\system32,kbdfi.dll,.dll,6144,1,,False,False,False,False,True,False,Archive,DosWindows,2001-08-23 18:00:00.0000000,,2001-08-23 18:00:00.0000000,,2004-08-19 17:02:17.0070080,2001-08-23 18:00:00.0000000,2004-08-19 22:44:30.0083344,2004-08-19 00:00:00.0000000,0,22779545,0,,,,/evidence/windows-ntfs-mft-nist/nist-hacking-case.mft,,,
1462,1462,True,459,459,.\WINDOWS\system32,kbdfo.dll,.dll,6144,1,,False,False,False,False,True,False,Archive,DosWindows,2001-08-23 18:00:00.0000000,,2001-08-23 18:00:00.0000000,,2004-08-19 17:02:17.0070080,2001-08-23 18:00:00.0000000,2004-08-19 22:44:30.0183488,2004-08-19 00:00:00.0000000,0,22779574,0,,,,/evidence/windows-ntfs-mft-nist/nist-hacking-case.mft,,,
1463,1463,True,459,459,.\WINDOWS\system32,kbdfr.dll,.dll,6144,1,,False,False,False,False,True,False,Archive,DosWindows,2001-08-23 18:00:00.0000000,,2001-08-23 18:00:00.0000000,,2004-08-19 17:02:17.0070080,2001-08-23 18:00:00.0000000,2004-08-19 22:44:30.0283632,2004-08-19 00:00:00.0000000,0,22779603,0,,,,/evidence/windows-ntfs-mft-nist/nist-hacking-case.mft,,,
1464,1464,True,459,459,.\WINDOWS\system32,kbdgae.dll,.dll,5632,1,,False,False,False,False,True,False,Archive,DosWindows,2001-08-23 18:00:00.0000000,,2001-08-23 18:00:00.0000000,,2004-08-19 17:02:17.0170224,2001-08-23 18:00:00.0000000,2004-08-19 22:44:30.0383776,2004-08-19 00:00:00.0000000,0,22779632,0,,,,/evidence/windows-ntfs-mft-nist/nist-hacking-case.mft,,,
1465,1465,True,459,459,.\WINDOWS\system32,kbdgr.dll,.dll,6144,1,,False,False,False,False,True,False,Archive,DosWindows,2001-08-23 18:00:00.0000000,,2001-08-23 18:00:00.0000000,,2004-08-19 17:02:17.0170224,2001-08-23 18:00:00.0000000,2004-08-19 22:44:30.9597024,2004-08-19 00:00:00.0000000,0,22779696,0,,,,/evidence/windows-ntfs-mft-nist/nist-hacking-case.mft,,,
1466,1466,True,459,459,.\WINDOWS\system32,kbdgr1.dll,.dll,6144,1,,False,False,False,False,True,False,Archive,DosWindows,2001-08-23 18:00:00.0000000,,2001-08-23 18:00:00.0000000,,2004-08-19 17:02:17.0170224,2001-08-23 18:00:00.0000000,2004-08-19 22:44:30.9697168,2004-08-19 00:00:00.0000000,0,22779725,0,,,,/evidence/windows-ntfs-mft-nist/nist-hacking-case.mft,,,
1467,1467,True,459,459,.\WINDOWS\system32,kbdic.dll,.dll,6144,1,,False,False,False,False,True,False,Archive,DosWindows,2001-08-23 18:00:00.0000000,,2001-08-23 18:00:00.0000000,,2004-08-19 17:02:17.0170224,2001-08-23 18:00:00.0000000,2004-08-19 22:44:31.9210848,2004-08-19 00:00:00.0000000,0,22445662,0,,,,/evidence/windows-ntfs-mft-nist/nist-hacking-case.mft,,,
1468,1468,True,459,459,.\WINDOWS\system32,kbdir.dll,.dll,5632,1,,False,False,False,False,True,False,Archive,DosWindows,2001-08-23 18:00:00.0000000,,2001-08-23 18:00:00.0000000,,2004-08-19 17:02:17.0170224,2001-08-23 18:00:00.0000000,2004-08-19 22:44:36.1471616,2004-08-19 00:00:00.0000000,0,22851847,0,,,,/evidence/windows-ntfs-mft-nist/nist-hacking-case.mft,,,
1469,1469,True,459,459,.\WINDOWS\system32,kbdit.dll,.dll,5632,1,,False,False,False,False,True,False,Archive,DosWindows,2001-08-23 18:00:00.0000000,,2001-08-23 18:00:00.0000000,,2004-08-19 17:02:17.0270368,2001-08-23 18:00:00.0000000,2004-08-19 22:44:36.1772048,2004-08-19 00:00:00.0000000,0,22852115,0,,,,/evidence/windows-ntfs-mft-nist/nist-hacking-case.mft,,,
1470,1470,True,459,459,.\WINDOWS\system32,kbdit142.dll,.dll,5632,1,,False,False,False,False,True,False,Archive,DosWindows,2001-08-23 18:00:00.0000000,,2001-08-23 18:00:00.0000000,,2004-08-19 17:02:17.0270368,2001-08-23 18:00:00.0000000,2004-08-19 22:44:36.1872192,2004-08-19 00:00:00.0000000,0,22479570,0,,,,/evidence/windows-ntfs-mft-nist/nist-hacking-case.mft,,,
1471,1471,True,459,459,.\WINDOWS\system32,kbdla.dll,.dll,6656,1,,False,False,False,False,True,False,Archive,DosWindows,2001-08-23 18:00:00.0000000,,2001-08-23 18:00:00.0000000,,2004-08-19 17:02:17.0270368,2001-08-23 18:00:00.0000000,2004-08-19 22:44:36.7580400,2004-08-19 00:00:00.0000000,0,22852214,0,,,,/evidence/windows-ntfs-mft-nist/nist-hacking-case.mft,,,
1472,1472,True,459,459,.\WINDOWS\system32,kbdmac.dll,.dll,6144,1,,False,False,False,False,True,False,Archive,DosWindows,2001-08-23 18:00:00.0000000,,2001-08-23 18:00:00.0000000,,2004-08-19 17:02:17.0270368,2001-08-23 18:00:00.0000000,2004-08-19 22:44:38.1500416,2004-08-19 00:00:00.0000000,0,22488415,0,,,,/evidence/windows-ntfs-mft-nist/nist-hacking-case.mft,,,
1473,1473,True,459,459,.\WINDOWS\system32,kbdne.dll,.dll,6144,1,,False,False,False,False,True,False,Archive,DosWindows,2001-08-23 18:00:00.0000000,,2001-08-23 18:00:00.0000000,,2004-08-19 17:02:17.0370512,2001-08-23 18:00:00.0000000,2004-08-19 22:44:38.1900992,2004-08-19 00:00:00.0000000,0,22852313,0,,,,/evidence/windows-ntfs-mft-nist/nist-hacking-case.mft,,,
1474,1474,True,459,459,.\WINDOWS\system32,kbdnec.dll,.dll,7168,1,,False,False,False,False,True,False,Archive,DosWindows,2001-08-23 18:00:00.0000000,,2001-08-23 18:00:00.0000000,,2004-08-19 17:02:17.0370512,2001-08-23 18:00:00.0000000,2004-08-19 22:44:38.2501856,2004-08-19 00:00:00.0000000,0,22852342,0,,,,/evidence/windows-ntfs-mft-nist/nist-hacking-case.mft,,,
1475,1475,True,459,459,.\WINDOWS\system32,kbdno.dll,.dll,6144,1,,False,False,False,False,True,False,Archive,DosWindows,2001-08-23 18:00:00.0000000,,2001-08-23 18:00:00.0000000,,2004-08-19 17:02:17.0370512,2001-08-23 18:00:00.0000000,2004-08-19 22:44:39.1514816,2004-08-19 00:00:00.0000000,0,22496212,0,,,,/evidence/windows-ntfs-mft-nist/nist-hacking-case.mft,,,
1476,1476,True,459,459,.\WINDOWS\system32,kbdpo.dll,.dll,6144,1,,False,False,False,False,True,False,Archive,DosWindows,2001-08-23 18:00:00.0000000,,2001-08-23 18:00:00.0000000,,2004-08-19 17:02:17.0370512,2001-08-23 18:00:00.0000000,2004-08-19 22:44:39.6822448,2004-08-19 00:00:00.0000000,0,22852441,0,,,,/evidence/windows-ntfs-mft-nist/nist-hacking-case.mft,,,
1477,1477,True,459,459,.\WINDOWS\system32,kbdsf.dll,.dll,6144,1,,False,False,False,False,True,False,Archive,DosWindows,2001-08-23 18:00:00.0000000,,2001-08-23 18:00:00.0000000,,2004-08-19 17:02:17.0370512,2001-08-23 18:00:00.0000000,2004-08-19 22:44:39.9225904,2004-08-19 00:00:00.0000000,0,22509665,0,,,,/evidence/windows-ntfs-mft-nist/nist-hacking-case.mft,,,
1478,1478,True,459,459,.\WINDOWS\system32,kbdsg.dll,.dll,6656,1,,False,False,False,False,True,False,Archive,DosWindows,2001-08-23 18:00:00.0000000,,2001-08-23 18:00:00.0000000,,2004-08-19 17:02:17.0470656,2001-08-23 18:00:00.0000000,2004-08-19 22:44:39.9526336,2004-08-19 00:00:00.0000000,0,22510419,0,,,,/evidence/windows-ntfs-mft-nist/nist-hacking-case.mft,,,
1479,1479,True,459,459,.\WINDOWS\system32,kbdsp.dll,.dll,6144,1,,False,False,False,False,True,False,Archive,DosWindows,2001-08-23 18:00:00.0000000,,2001-08-23 18:00:00.0000000,,2004-08-19 17:02:17.0470656,2001-08-23 18:00:00.0000000,2004-08-19 22:44:40.0127200,2004-08-19 00:00:00.0000000,0,22512703,0,,,,/evidence/windows-ntfs-mft-nist/nist-hacking-case.mft,,,
1480,1480,True,459,459,.\WINDOWS\system32,kbdsw.dll,.dll,6144,1,,False,False,False,False,True,False,Archive,DosWindows,2001-08-23 18:00:00.0000000,,2001-08-23 18:00:00.0000000,,2004-08-19 17:02:17.0470656,2001-08-23 18:00:00.0000000,2004-08-19 22:44:40.0427632,2004-08-19 00:00:00.0000000,0,22852575,0,,,,/evidence/windows-ntfs-mft-nist/nist-hacking-case.mft,,,
1481,1481,True,459,459,.\WINDOWS\system32,kbduk.dll,.dll,5632,1,,False,False,False,False,True,False,Archive,DosWindows,2001-08-23 18:00:00.0000000,,2001-08-23 18:00:00.0000000,,2004-08-19 17:02:17.0470656,2001-08-23 18:00:00.0000000,2004-08-19 22:44:42.6865648,2004-08-19 00:00:00.0000000,0,22536135,0,,,,/evidence/windows-ntfs-mft-nist/nist-hacking-case.mft,,,
1482,1482,True,459,459,.\WINDOWS\system32,kbdusl.dll,.dll,6144,1,,False,False,False,False,True,False,Archive,DosWindows,2001-08-23 18:00:00.0000000,,2001-08-23 18:00:00.0000000,,2004-08-19 17:02:17.0570800,2001-08-23 18:00:00.0000000,2004-08-19 22:44:43.4877168,2004-08-19 00:00:00.0000000,0,22870808,0,,,,/evidence/windows-ntfs-mft-nist/nist-hacking-case.mft,,,
1483,1483,True,459,459,.\WINDOWS\system32,kbdusr.dll,.dll,6144,1,,False,False,False,False,True,False,Archive,DosWindows,2001-08-23 18:00:00.0000000,,2001-08-23 18:00:00.0000000,,2004-08-19 17:02:17.0570800,2001-08-23 18:00:00.0000000,2004-08-19 22:44:43.4977312,2004-08-19 00:00:00.0000000,0,22870837,0,,,,/evidence/windows-ntfs-mft-nist/nist-hacking-case.mft,,,
1484,1484,True,459,459,.\WINDOWS\system32,kbdusx.dll,.dll,6144,1,,False,False,False,False,True,False,Archive,DosWindows,2001-08-23 18:00:00.0000000,,2001-08-23 18:00:00.0000000,,2004-08-19 17:02:17.0670944,2001-08-23 18:00:00.0000000,2004-08-19 22:44:43.5177600,2004-08-19 00:00:00.0000000,0,22870866,0,,,,/evidence/windows-ntfs-mft-nist/nist-hacking-case.mft,,,
1485,1485,True,459,459,.\WINDOWS\system32,kd1394.dll,.dll,44160,1,,False,False,False,False,True,False,Archive,DosWindows,2001-08-23 18:00:00.0000000,,2001-08-23 18:00:00.0000000,,2004-08-19 17:02:17.0670944,2001-08-23 18:00:00.0000000,2004-08-19 22:44:43.9383648,2004-08-19 00:00:00.0000000,0,22871410,0,,,,/evidence/windows-ntfs-mft-nist/nist-hacking-case.mft,,,
1486,1486,True,459,459,.\WINDOWS\system32,key01.sys,.sys,42809,1,,False,False,False,False,True,False,Archive,DosWindows,2001-08-23 18:00:00.0000000,,2001-08-23 18:00:00.0000000,,2004-08-19 17:02:17.0771088,2001-08-23 18:00:00.0000000,2004-08-19 22:44:44.1486672,2004-08-19 00:00:00.0000000,0,22878295,0,,,,/evidence/windows-ntfs-mft-nist/nist-hacking-case.mft,,,
1487,1487,True,459,459,.\WINDOWS\system32,keyboard.drv,.drv,2000,1,,False,False,False,False,True,False,Archive,DosWindows,2001-08-23 18:00:00.0000000,,2001-08-23 18:00:00.0000000,,2004-08-19 17:02:17.0771088,2001-08-23 18:00:00.0000000,2004-08-19 00:00:00.0000000,,0,9593429,0,,,,/evidence/windows-ntfs-mft-nist/nist-hacking-case.mft,,,
1488,1488,True,459,459,.\WINDOWS\system32,keyboard.sys,.sys,42537,1,,False,False,False,False,True,False,Archive,DosWindows,2001-08-23 18:00:00.0000000,,2001-08-23 18:00:00.0000000,,2004-08-19 17:02:17.0771088,2001-08-23 18:00:00.0000000,2004-08-19 22:44:44.4591136,2004-08-19 00:00:00.0000000,0,22878359,0,,,,/evidence/windows-ntfs-mft-nist/nist-hacking-case.mft,,,
1489,1489,True,459,459,.\WINDOWS\system32,kmddsp.tsp,.tsp,32256,1,,False,False,False,False,True,False,Archive,DosWindows,2001-08-23 18:00:00.0000000,,2001-08-23 18:00:00.0000000,,2004-08-19 17:02:17.0871232,2001-08-23 18:00:00.0000000,2004-08-27 15:08:45.6855888,2004-08-19 00:00:00.0000000,0,38078424,0,,,,/evidence/windows-ntfs-mft-nist/nist-hacking-case.mft,,,
1490,1490,True,459,459,.\WINDOWS\system32,l_except.nls,.nls,168,1,,False,False,False,False,True,False,Archive,DosWindows,2001-08-23 18:00:00.0000000,,2001-08-23 18:00:00.0000000,,2004-08-19 17:02:17.0971376,2001-08-23 18:00:00.0000000,2004-08-19 00:00:00.0000000,,0,9594304,0,,,,/evidence/windows-ntfs-mft-nist/nist-hacking-case.mft,,,
1491,1491,True,459,459,.\WINDOWS\system32,l3codeca.acm,.acm,290816,1,,False,False,False,False,True,False,Archive,DosWindows,2001-08-23 18:00:00.0000000,,2001-08-23 18:00:00.0000000,,2004-08-19 17:02:17.0871232,2001-08-23 18:00:00.0000000,2004-08-26 15:51:46.8330912,2004-08-19 00:00:00.0000000,0,37893932,0,,,,/evidence/windows-ntfs-mft-nist/nist-hacking-case.mft,,,
1492,1492,True,459,459,.\WINDOWS\system32,label.exe,.exe,9728,1,,False,False,False,False,True,False,Archive,DosWindows,2001-08-23 18:00:00.0000000,,2001-08-23 18:00:00.0000000,,2004-08-19 17:02:17.0971376,2001-08-23 18:00:00.0000000,2004-08-19 22:44:46.4519792,2004-08-19 00:00:00.0000000,0,22569535,0,,,,/evidence/windows-ntfs-mft-nist/nist-hacking-case.mft,,,
1493,1493,True,459,459,.\WINDOWS\system32,langwrbk.dll,.dll,89600,1,,False,False,False,False,True,False,Archive,DosWindows,2001-08-23 18:00:00.0000000,,2001-08-23 18:00:00.0000000,,2004-08-19 17:02:17.0971376,2001-08-23 18:00:00.0000000,2004-08-19 22:44:46.5320944,2004-08-19 00:00:00.0000000,0,22878673,0,,,,/evidence/windows-ntfs-mft-nist/nist-hacking-case.mft,,,
1494,1494,True,459,459,.\WINDOWS\system32,lanman.drv,.drv,221600,1,,False,False,False,False,True,False,Archive,DosWindows,2001-08-23 18:00:00.0000000,,2001-08-23 18:00:00.0000000,,2004-08-19 17:02:17.1071520,2001-08-23 18:00:00.0000000,2004-08-19 00:00:00.0000000,,0,9594835,0,,,,/evidence/windows-ntfs-mft-nist/nist-hacking-case.mft,,,
1495,1495,True,459,459,.\WINDOWS\system32,laprxy.dll,.dll,6656,1,,False,False,False,False,True,False,Archive,DosWindows,2001-08-23 18:00:00.0000000,,2001-08-23 18:00:00.0000000,,2004-08-19 17:02:17.1071520,2001-08-23 18:00:00.0000000,2004-08-19 22:41:32.5832096,2004-08-19 00:00:00.0000000,0,19720785,0,,,,/evidence/windows-ntfs-mft-nist/nist-hacking-case.mft,,,
1496,1496,True,459,459,.\WINDOWS\system32,licmgr10.dll,.dll,19456,1,,False,False,False,False,True,False,Archive,DosWindows,2001-08-23 18:00:00.0000000,,2001-08-23 18:00:00.0000000,,2004-08-19 17:02:17.1071520,2001-08-23 18:00:00.0000000,2004-08-19 22:44:46.7123536,2004-08-19 00:00:00.0000000,0,22878739,0,,,,/evidence/windows-ntfs-mft-nist/nist-hacking-case.mft,,,
1497,1497,True,459,459,.\WINDOWS\system32,lights.exe,.exe,29696,1,,False,False,False,False,True,False,Archive,DosWindows,2001-08-23 18:00:00.0000000,,2001-08-23 18:00:00.0000000,,2004-08-19 17:02:17.1171664,2001-08-23 18:00:00.0000000,2004-08-19 22:44:46.8024832,2004-08-19 00:00:00.0000000,0,22878803,0,,,,/evidence/windows-ntfs-mft-nist/nist-hacking-case.mft,,,
1498,1498,True,459,459,.\WINDOWS\system32,lmrt.dll,.dll,381440,1,,False,False,False,False,True,False,Archive,DosWindows,2001-08-23 18:00:00.0000000,,2001-08-23 18:00:00.0000000,,2004-08-19 17:02:17.1171664,2001-08-23 18:00:00.0000000,2004-08-19 22:44:47.5135056,2004-08-19 00:00:00.0000000,0,22878832,0,,,,/evidence/windows-ntfs-mft-nist/nist-hacking-case.mft,,,
1499,1499,True,459,459,.\WINDOWS\system32,loadfix.com,.com,1131,1,,False,False,False,False,True,False,Archive,DosWindows,2001-08-23 18:00:00.0000000,,2001-08-23 18:00:00.0000000,,2004-08-19 17:02:17.1271808,2001-08-23 18:00:00.0000000,2004-08-19 00:00:00.0000000,,0,9595957,0,,,,/evidence/windows-ntfs-mft-nist/nist-hacking-case.mft,,,
1500,1500,True,459,459,.\WINDOWS\system32,localsec.dll,.dll,202752,1,,False,False,False,False,True,False,Archive,DosWindows,2001-08-23 18:00:00.0000000,,2001-08-23 18:00:00.0000000,,2004-08-19 17:02:17.1371952,2001-08-23 18:00:00.0000000,2004-08-19 22:44:47.8139376,2004-08-19 00:00:00.0000000,0,22879799,0,,,,/evidence/windows-ntfs-mft-nist/nist-hacking-case.mft,,,
1501,1501,True,459,459,.\WINDOWS\system32,localui.dll,.dll,10240,1,,False,False,False,False,True,False,Archive,DosWindows,2001-08-23 18:00:00.0000000,,2001-08-23 18:00:00.0000000,,2004-08-19 17:02:17.1472096,2001-08-23 18:00:00.0000000,2004-08-26 15:05:33.4351408,2004-08-19 00:00:00.0000000,0,36176257,0,,,,/evidence/windows-ntfs-mft-nist/nist-hacking-case.mft,,,
1502,1502,True,459,459,.\WINDOWS\system32,locator.exe,.exe,68096,1,,False,False,False,False,True,False,Archive,DosWindows,2001-08-23 18:00:00.0000000,,2001-08-23 18:00:00.0000000,,2004-08-19 17:02:17.1472096,2001-08-23 18:00:00.0000000,2004-08-19 22:44:47.9741680,2004-08-19 00:00:00.0000000,0,22898631,0,,,,/evidence/windows-ntfs-mft-nist/nist-hacking-case.mft,,,
1503,1503,True,459,459,.\WINDOWS\system32,lodctr.exe,.exe,5120,1,,False,False,False,False,True,False,Archive,DosWindows,2001-08-23 18:00:00.0000000,,2001-08-23 18:00:00.0000000,,2004-08-19 17:02:17.1472096,2001-08-23 18:00:00.0000000,2004-08-19 22:44:47.9941968,2004-08-19 00:00:00.0000000,0,22898660,0,,,,/evidence/windows-ntfs-mft-nist/nist-hacking-case.mft,,,
1504,1504,True,459,459,.\WINDOWS\system32,logagent.exe,.exe,24576,1,,False,False,False,False,True,False,Archive,DosWindows,2001-08-23 18:00:00.0000000,,2001-08-23 18:00:00.0000000,,2004-08-19 22:38:01.7200032,2001-08-23 18:00:00.0000000,2004-08-19 22:41:32.6432960,2004-08-19 00:00:00.0000000,0,19721278,0,,,,/evidence/windows-ntfs-mft-nist/nist-hacking-case.mft,,,
1505,1505,True,459,459,.\WINDOWS\system32,loghours.dll,.dll,50176,1,,False,False,False,False,True,False,Archive,DosWindows,2001-08-23 18:00:00.0000000,,2001-08-23 18:00:00.0000000,,2004-08-19 17:02:17.1572240,2001-08-23 18:00:00.0000000,2004-08-19 22:44:48.1243840,2004-08-19 00:00:00.0000000,0,22899007,0,,,,/evidence/windows-ntfs-mft-nist/nist-hacking-case.mft,,,
1506,1506,True,459,459,.\WINDOWS\system32,login.cmd,.cmd,487,1,,False,False,False,False,True,False,Archive,DosWindows,2001-08-23 18:00:00.0000000,,2001-08-23 18:00:00.0000000,,2004-08-19 17:02:17.1572240,2001-08-23 18:00:00.0000000,2004-08-19 00:00:00.0000000,,0,9597269,0,,,,/evidence/windows-ntfs-mft-nist/nist-hacking-case.mft,,,
1507,1507,True,459,459,.\WINDOWS\system32,logman.exe,.exe,55296,1,,False,False,False,False,True,False,Archive,DosWindows,2001-08-23 18:00:00.0000000,,2001-08-23 18:00:00.0000000,,2004-08-19 17:02:17.1572240,2001-08-23 18:00:00.0000000,2004-08-19 22:44:48.2345424,2004-08-19 00:00:00.0000000,0,22899036,0,,,,/evidence/windows-ntfs-mft-nist/nist-hacking-case.mft,,,
1508,1508,True,459,459,.\WINDOWS\system32,lpk.dll,.dll,18944,1,,False,False,False,False,True,False,Archive,DosWindows,2001-08-23 18:00:00.0000000,,2001-08-23 18:00:00.0000000,,2004-08-19 17:02:17.1672384,2001-08-23 18:00:00.0000000,2004-08-19 22:20:13.4639264,2004-08-19 00:00:00.0000000,0,11148967,0,,,,/evidence/windows-ntfs-mft-nist/nist-hacking-case.mft,,,
1509,1509,True,459,459,.\WINDOWS\system32,lpq.exe,.exe,6144,1,,False,False,False,False,True,False,Archive,DosWindows,2001-08-23 18:00:00.0000000,,2001-08-23 18:00:00.0000000,,2004-08-19 17:02:17.1672384,2001-08-23 18:00:00.0000000,2004-08-19 22:44:50.0571632,2004-08-19 00:00:00.0000000,0,22602077,0,,,,/evidence/windows-ntfs-mft-nist/nist-hacking-case.mft,,,
1510,1510,True,459,459,.\WINDOWS\system32,lpr.exe,.exe,8192,1,,False,False,False,False,True,False,Archive,DosWindows,2001-08-23 18:00:00.0000000,,2001-08-23 18:00:00.0000000,,2004-08-19 17:02:17.1672384,2001-08-23 18:00:00.0000000,2004-08-19 22:44:50.0671776,2004-08-19 00:00:00.0000000,0,22602830,0,,,,/evidence/windows-ntfs-mft-nist/nist-hacking-case.mft,,,
1511,1511,True,459,459,.\WINDOWS\system32,lprhelp.dll,.dll,8704,1,,False,False,False,False,True,False,Archive,DosWindows,2001-08-23 18:00:00.0000000,,2001-08-23 18:00:00.0000000,,2004-08-19 17:02:17.1672384,2001-08-23 18:00:00.0000000,2004-08-19 22:44:50.0771920,2004-08-19 00:00:00.0000000,0,22603575,0,,,,/evidence/windows-ntfs-mft-nist/nist-hacking-case.mft,,,
1512,1512,True,459,459,.\WINDOWS\system32,lprmonui.dll,.dll,9216,1,,False,False,False,False,True,False,Archive,DosWindows,2001-08-23 18:00:00.0000000,,2001-08-23 18:00:00.0000000,,2004-08-19 17:02:17.1672384,2001-08-23 18:00:00.0000000,2004-08-19 22:44:50.5879264,2004-08-19 00:00:00.0000000,0,22912285,0,,,,/evidence/windows-ntfs-mft-nist/nist-hacking-case.mft,,,
1513,1513,True,459,459,.\WINDOWS\system32,keymgr.dll,.dll,146432,1,,False,False,False,False,True,False,Archive,DosWindows,2001-08-23 18:00:00.0000000,,2001-08-23 18:00:00.0000000,,2004-08-19 17:02:17.0871232,2001-08-23 18:00:00.0000000,2004-08-19 22:44:44.5692720,2004-08-19 00:00:00.0000000,0,22878388,0,,,,/evidence/windows-ntfs-mft-nist/nist-hacking-case.mft,,,
1514,1514,True,459,459,.\WINDOWS\system32,lusrmgr.msc,.msc,42166,1,,False,False,False,False,True,False,Archive,DosWindows,2001-08-23 18:00:00.0000000,,2001-08-23 18:00:00.0000000,,2004-08-19 17:02:17.1772528,2001-08-23 18:00:00.0000000,2004-08-19 00:00:00.0000000,,0,9598706,0,,,,/evidence/windows-ntfs-mft-nist/nist-hacking-case.mft,,,
1515,1515,True,459,459,.\WINDOWS\system32,lzexpand.dll,.dll,9936,1,,False,False,False,False,True,False,Archive,DosWindows,2001-08-23 18:00:00.0000000,,2001-08-23 18:00:00.0000000,,2004-08-19 17:02:17.1872672,2001-08-23 18:00:00.0000000,2004-08-19 00:00:00.0000000,,0,9598936,0,,,,/evidence/windows-ntfs-mft-nist/nist-hacking-case.mft,,,
1516,1516,True,459,459,.\WINDOWS\system32,mag_hook.dll,.dll,8192,1,,False,False,False,False,True,False,Archive,DosWindows,2001-08-23 18:00:00.0000000,,2001-08-23 18:00:00.0000000,,2004-08-19 17:02:17.1872672,2001-08-23 18:00:00.0000000,2004-08-19 22:44:52.7710656,2004-08-19 00:00:00.0000000,0,22628225,0,,,,/evidence/windows-ntfs-mft-nist/nist-hacking-case.mft,,,
1517,1517,True,459,459,.\WINDOWS\system32,magnify.exe,.exe,67584,1,,False,False,False,False,True,False,Archive,DosWindows,2001-08-23 18:00:00.0000000,,2001-08-23 18:00:00.0000000,,2004-08-19 23:05:05.7578608,2001-08-23 18:00:00.0000000,2004-08-19 22:44:52.8211376,2004-08-19 00:00:00.0000000,0,27013959,0,,,,/evidence/windows-ntfs-mft-nist/nist-hacking-case.mft,,,
1518,1518,True,459,459,.\WINDOWS\system32,main.cpl,.cpl,187904,1,,False,False,False,False,True,False,Archive,DosWindows,2001-08-23 18:00:00.0000000,,2001-08-23 18:00:00.0000000,,2004-08-19 23:05:50.4421136,2001-08-23 18:00:00.0000000,2004-08-19 23:05:42.6809536,2004-08-19 00:00:00.0000000,0,27086401,0,,,,/evidence/windows-ntfs-mft-nist/nist-hacking-case.mft,,,
1519,1519,True,459,459,.\WINDOWS\system32,makecab.exe,.exe,79360,1,,False,False,False,False,True,False,Archive,DosWindows,2001-08-23 18:00:00.0000000,,2001-08-23 18:00:00.0000000,,2004-08-19 17:02:17.1872672,2001-08-23 18:00:00.0000000,2004-08-19 22:44:53.9627792,2004-08-19 00:00:00.0000000,0,22926869,0,,,,/evidence/windows-ntfs-mft-nist/nist-hacking-case.mft,,,
1520,1520,True,459,459,.\WINDOWS\system32,mapistub.dll,.dll,112128,1,,False,False,False,False,True,False,Archive,DosWindows,2001-08-23 18:00:00.0000000,,2001-08-23 18:00:00.0000000,,2004-08-19 17:02:17.1972816,2001-08-23 18:00:00.0000000,2004-08-19 22:37:32.1875376,2004-08-19 00:00:00.0000000,0,18356986,0,,,,/evidence/windows-ntfs-mft-nist/nist-hacking-case.mft,,,
1521,1521,True,459,459,.\WINDOWS\system32,mcastmib.dll,.dll,12800,1,,False,False,False,False,True,False,Archive,DosWindows,2001-08-23 18:00:00.0000000,,2001-08-23 18:00:00.0000000,,2004-08-19 17:02:17.1972816,2001-08-23 18:00:00.0000000,2004-08-19 22:44:54.0328800,2004-08-19 00:00:00.0000000,0,22926898,0,,,,/evidence/windows-ntfs-mft-nist/nist-hacking-case.mft,,,
1522,1522,True,459,459,.\WINDOWS\system32,mcd32.dll,.dll,10240,1,,False,False,False,False,True,False,Archive,DosWindows,2001-08-23 18:00:00.0000000,,2001-08-23 18:00:00.0000000,,2004-08-19 17:02:17.1972816,2001-08-23 18:00:00.0000000,2004-08-19 22:44:54.0529088,2004-08-19 00:00:00.0000000,0,22645419,0,,,,/evidence/windows-ntfs-mft-nist/nist-hacking-case.mft,,,
1523,1523,True,459,459,.\WINDOWS\system32,mcdsrv32.dll,.dll,10496,1,,False,False,False,False,True,False,Archive,DosWindows,2001-08-23 18:00:00.0000000,,2001-08-23 18:00:00.0000000,,2004-08-19 17:02:17.1972816,2001-08-23 18:00:00.0000000,2004-08-19 22:44:54.0629232,2004-08-19 00:00:00.0000000,0,22646174,0,,,,/evidence/windows-ntfs-mft-nist/nist-hacking-case.mft,,,
1524,1524,True,459,459,.\WINDOWS\system32,mchgrcoi.dll,.dll,4608,1,,False,False,False,False,True,False,Archive,DosWindows,2001-08-23 18:00:00.0000000,,2001-08-23 18:00:00.0000000,,2004-08-19 17:02:17.2072960,2001-08-23 18:00:00.0000000,2004-08-19 22:44:54.0729376,2004-08-19 00:00:00.0000000,0,22646944,0,,,,/evidence/windows-ntfs-mft-nist/nist-hacking-case.mft,,,
1525,1525,True,459,459,.\WINDOWS\system32,mciavi.drv,.drv,73376,1,,False,False,False,False,True,False,Archive,DosWindows,2001-08-23 18:00:00.0000000,,2001-08-23 18:00:00.0000000,,2004-08-19 17:02:17.2072960,2001-08-23 18:00:00.0000000,2004-08-19 00:00:00.0000000,,0,9600237,0,,,,/evidence/windows-ntfs-mft-nist/nist-hacking-case.mft,,,
1526,1526,True,459,459,.\WINDOWS\system32,mciavi32.dll,.dll,80384,1,,False,False,False,False,True,False,Archive,DosWindows,2001-08-23 18:00:00.0000000,,2001-08-23 18:00:00.0000000,,2004-08-19 17:02:17.2072960,2001-08-23 18:00:00.0000000,2004-08-19 22:44:54.1730816,2004-08-19 00:00:00.0000000,0,22927719,0,,,,/evidence/windows-ntfs-mft-nist/nist-hacking-case.mft,,,
1527,1527,True,459,459,.\WINDOWS\system32,mcicda.dll,.dll,17408,1,,False,False,False,False,True,False,Archive,DosWindows,2001-08-23 18:00:00.0000000,,2001-08-23 18:00:00.0000000,,2004-08-19 17:02:17.2072960,2001-08-23 18:00:00.0000000,2004-08-19 22:44:54.2031248,2004-08-19 00:00:00.0000000,0,22927748,0,,,,/evidence/windows-ntfs-mft-nist/nist-hacking-case.mft,,,
1528,1528,True,459,459,.\WINDOWS\system32,mciole16.dll,.dll,8192,1,,False,False,False,False,True,False,Archive,DosWindows,2001-08-23 18:00:00.0000000,,2001-08-23 18:00:00.0000000,,2004-08-19 17:02:17.2072960,2001-08-23 18:00:00.0000000,2004-08-19 22:44:54.4234416,2004-08-19 00:00:00.0000000,0,22933443,0,,,,/evidence/windows-ntfs-mft-nist/nist-hacking-case.mft,,,
1529,1529,True,459,459,.\WINDOWS\system32,mciole32.dll,.dll,7680,1,,False,False,False,False,True,False,Archive,DosWindows,2001-08-23 18:00:00.0000000,,2001-08-23 18:00:00.0000000,,2004-08-19 17:02:17.2173104,2001-08-23 18:00:00.0000000,2004-08-19 22:44:54.5636432,2004-08-19 00:00:00.0000000,0,22651182,0,,,,/evidence/windows-ntfs-mft-nist/nist-hacking-case.mft,,,
1530,1530,True,459,459,.\WINDOWS\system32,mciqtz32.dll,.dll,33280,1,,False,False,False,False,True,False,Archive,DosWindows,2001-08-23 18:00:00.0000000,,2001-08-23 18:00:00.0000000,,2004-08-19 17:02:17.2173104,2001-08-23 18:00:00.0000000,2004-08-19 22:44:54.5836720,2004-08-19 00:00:00.0000000,0,22651947,0,,,,/evidence/windows-ntfs-mft-nist/nist-hacking-case.mft,,,
1531,1531,True,459,459,.\WINDOWS\system32,mciseq.dll,.dll,20992,1,,False,False,False,False,True,False,Archive,DosWindows,2001-08-23 18:00:00.0000000,,2001-08-23 18:00:00.0000000,,2004-08-19 17:02:17.2173104,2001-08-23 18:00:00.0000000,2004-08-19 22:44:54.6037008,2004-08-19 00:00:00.0000000,0,22933472,0,,,,/evidence/windows-ntfs-mft-nist/nist-hacking-case.mft,,,
1532,1532,True,459,459,.\WINDOWS\system32,mciseq.drv,.drv,25264,1,,False,False,False,False,True,False,Archive,DosWindows,2001-08-23 18:00:00.0000000,,2001-08-23 18:00:00.0000000,,2004-08-19 17:02:17.2173104,2001-08-23 18:00:00.0000000,2004-08-19 00:00:00.0000000,,0,9601120,0,,,,/evidence/windows-ntfs-mft-nist/nist-hacking-case.mft,,,
1533,1533,True,459,459,.\WINDOWS\system32,mciwave.dll,.dll,22016,1,,False,False,False,False,True,False,Archive,DosWindows,2001-08-23 18:00:00.0000000,,2001-08-23 18:00:00.0000000,,2004-08-19 17:02:17.2173104,2001-08-23 18:00:00.0000000,2004-08-19 22:44:54.6938304,2004-08-19 00:00:00.0000000,0,22933547,0,,,,/evidence/windows-ntfs-mft-nist/nist-hacking-case.mft,,,
1534,1534,True,459,459,.\WINDOWS\system32,mciwave.drv,.drv,28160,1,,False,False,False,False,True,False,Archive,DosWindows,2001-08-23 18:00:00.0000000,,2001-08-23 18:00:00.0000000,,2004-08-19 17:02:17.2273248,2001-08-23 18:00:00.0000000,2004-08-19 00:00:00.0000000,,0,9601350,0,,,,/evidence/windows-ntfs-mft-nist/nist-hacking-case.mft,,,
1535,1535,True,459,459,.\WINDOWS\system32,mdhcp.dll,.dll,50176,1,,False,False,False,False,True,False,Archive,DosWindows,2001-08-23 18:00:00.0000000,,2001-08-23 18:00:00.0000000,,2004-08-19 17:02:17.2273248,2001-08-23 18:00:00.0000000,2004-08-19 22:44:55.1945504,2004-08-19 00:00:00.0000000,0,22933576,0,,,,/evidence/windows-ntfs-mft-nist/nist-hacking-case.mft,,,
1536,1536,True,459,459,.\WINDOWS\system32,mdminst.dll,.dll,108544,1,,False,False,False,False,True,False,Archive,DosWindows,2001-08-23 18:00:00.0000000,,2001-08-23 18:00:00.0000000,,2004-08-20 15:18:50.7880736,2001-08-23 18:00:00.0000000,2004-08-19 22:44:55.3047088,2004-08-19 00:00:00.0000000,0,28280026,0,,,,/evidence/windows-ntfs-mft-nist/nist-hacking-case.mft,,,
1537,1537,True,459,459,.\WINDOWS\system32,mdwmdmsp.dll,.dll,147968,1,,False,False,False,False,True,False,Archive,DosWindows,2001-08-17 22:36:20.0000000,,2001-08-23 18:00:00.0000000,,2004-08-19 17:02:17.2273248,2001-08-23 18:00:00.0000000,2004-08-19 22:44:55.8655152,2004-08-19 00:00:00.0000000,0,22933877,0,,,,/evidence/windows-ntfs-mft-nist/nist-hacking-case.mft,,,
1538,1538,True,459,459,.\WINDOWS\system32,mem.exe,.exe,39274,1,,False,False,False,False,True,False,Archive,DosWindows,2001-08-23 18:00:00.0000000,,2001-08-23 18:00:00.0000000,,2004-08-19 17:02:17.2373392,2001-08-23 18:00:00.0000000,2004-08-19 22:44:55.8755296,2004-08-19 00:00:00.0000000,0,22669393,0,,,,/evidence/windows-ntfs-mft-nist/nist-hacking-case.mft,,,
1539,1539,True,459,459,.\WINDOWS\system32,mf3216.dll,.dll,35328,1,,False,False,False,False,True,False,Archive,DosWindows,2001-08-23 18:00:00.0000000,,2001-08-23 18:00:00.0000000,,2004-08-19 17:02:17.2373392,2001-08-23 18:00:00.0000000,2004-08-19 22:44:56.4363360,2004-08-19 00:00:00.0000000,0,22676009,0,,,,/evidence/windows-ntfs-mft-nist/nist-hacking-case.mft,,,
1540,1540,True,459,459,.\WINDOWS\system32,mfc40.dll,.dll,924432,1,,False,False,False,False,True,False,Archive,DosWindows,2001-08-23 18:00:00.0000000,,2001-08-23 18:00:00.0000000,,2004-08-19 17:02:17.2373392,2001-08-23 18:00:00.0000000,2004-08-19 22:41:00.8676048,2004-08-19 00:00:00.0000000,0,19366066,0,,,,/evidence/windows-ntfs-mft-nist/nist-hacking-case.mft,,,
1541,1541,True,459,459,.\WINDOWS\system32,mfc40u.dll,.dll,924432,1,,False,False,False,False,True,False,Archive,DosWindows,2001-08-23 18:00:00.0000000,,2001-08-23 18:00:00.0000000,,2004-08-19 17:02:17.2373392,2001-08-23 18:00:00.0000000,2004-08-19 22:41:01.3482960,2004-08-19 00:00:00.0000000,0,19366095,0,,,,/evidence/windows-ntfs-mft-nist/nist-hacking-case.mft,,,
1542,1542,True,459,459,.\WINDOWS\system32,mfc42.dll,.dll,995383,1,,False,False,False,False,True,False,Archive,DosWindows,2001-08-23 18:00:00.0000000,,2001-08-23 18:00:00.0000000,,2004-08-19 17:02:17.2473536,2001-08-23 18:00:00.0000000,2004-08-20 15:13:09.8177824,2004-08-19 00:00:00.0000000,0,36710852,0,,,,/evidence/windows-ntfs-mft-nist/nist-hacking-case.mft,,,
1543,1543,True,459,459,.\WINDOWS\system32,mfc42u.dll,.dll,995384,1,,False,False,False,False,True,False,Archive,DosWindows,2001-08-23 18:00:00.0000000,,2001-08-23 18:00:00.0000000,,2004-08-19 17:02:17.2473536,2001-08-23 18:00:00.0000000,2004-08-20 15:09:16.4121616,2004-08-19 00:00:00.0000000,0,37884463,0,,,,/evidence/windows-ntfs-mft-nist/nist-hacking-case.mft,,,
1544,1544,True,459,459,.\WINDOWS\system32,mfcsubs.dll,.dll,20992,1,,False,False,False,False,True,False,Archive,DosWindows,2001-08-23 18:00:00.0000000,,2001-08-23 18:00:00.0000000,,2004-08-19 17:02:17.2473536,2001-08-23 18:00:00.0000000,2004-08-19 22:26:13.9122256,2004-08-19 00:00:00.0000000,0,13608830,0,,,,/evidence/windows-ntfs-mft-nist/nist-hacking-case.mft,,,
1545,1545,True,459,459,.\WINDOWS\system32,mgmtapi.dll,.dll,12800,1,,False,False,False,False,True,False,Archive,DosWindows,2001-08-23 18:00:00.0000000,,2001-08-23 18:00:00.0000000,,2004-08-19 17:02:17.2473536,2001-08-23 18:00:00.0000000,2004-08-26 14:58:33.3510896,2004-08-19 00:00:00.0000000,0,36580592,0,,,,/evidence/windows-ntfs-mft-nist/nist-hacking-case.mft,,,
1546,1546,True,459,459,.\WINDOWS\system32,mib.bin,.bin,46258,1,,False,False,False,False,True,False,Archive,DosWindows,2001-08-23 18:00:00.0000000,,2001-08-23 18:00:00.0000000,,2004-08-19 17:02:17.2473536,2001-08-23 18:00:00.0000000,2004-08-19 00:00:00.0000000,,0,9602881,0,,,,/evidence/windows-ntfs-mft-nist/nist-hacking-case.mft,,,
1547,1547,True,459,459,.\WINDOWS\system32,midimap.dll,.dll,17920,1,,False,False,False,False,True,False,Archive,DosWindows,2001-08-23 18:00:00.0000000,,2001-08-23 18:00:00.0000000,,2004-08-19 17:02:17.2573680,2001-08-23 18:00:00.0000000,2004-08-27 15:08:18.9079072,2004-08-19 00:00:00.0000000,0,38003024,0,,,,/evidence/windows-ntfs-mft-nist/nist-hacking-case.mft,,,
1548,1548,True,459,459,.\WINDOWS\system32,miglibnt.dll,.dll,56320,1,,False,False,False,False,True,False,Archive,DosWindows,2001-08-23 18:00:00.0000000,,2001-08-23 18:00:00.0000000,,2004-08-19 17:02:17.2573680,2001-08-23 18:00:00.0000000,2004-08-19 22:44:57.5879920,2004-08-19 00:00:00.0000000,0,22950023,0,,,,/evidence/windows-ntfs-mft-nist/nist-hacking-case.mft,,,
1549,1549,True,459,459,.\WINDOWS\system32,mimefilt.dll,.dll,18944,1,,False,False,False,False,True,False,Archive,DosWindows,2001-08-23 18:00:00.0000000,,2001-08-23 18:00:00.0000000,,2004-08-19 17:02:17.2573680,2001-08-23 18:00:00.0000000,2004-08-19 22:44:58.1888560,2004-08-19 00:00:00.0000000,0,22994012,0,,,,/evidence/windows-ntfs-mft-nist/nist-hacking-case.mft,,,
1550,1550,True,459,459,.\WINDOWS\system32,mlang.dll,.dll,577024,1,,False,False,False,False,True,False,Archive,DosWindows,2001-08-23 18:00:00.0000000,,2001-08-23 18:00:00.0000000,,2004-08-19 17:02:17.2673824,2001-08-23 18:00:00.0000000,2004-08-27 15:32:48.8848480,2004-08-19 00:00:00.0000000,0,39297299,0,,,,/evidence/windows-ntfs-mft-nist/nist-hacking-case.mft,,,
1551,1551,True,459,459,.\WINDOWS\system32,mlang.dat,.dat,673088,1,,False,False,False,False,True,False,Archive,DosWindows,2001-08-23 18:00:00.0000000,,2001-08-23 18:00:00.0000000,,2004-08-19 17:02:17.2673824,2001-08-23 18:00:00.0000000,2004-08-19 00:00:00.0000000,,0,9603834,0,,,,/evidence/windows-ntfs-mft-nist/nist-hacking-case.mft,,,
1552,1552,True,459,459,.\WINDOWS\system32,mll_hp.dll,.dll,3584,1,,False,False,False,False,True,False,Archive,DosWindows,2001-08-23 18:00:00.0000000,,2001-08-23 18:00:00.0000000,,2004-08-19 17:02:17.2673824,2001-08-23 18:00:00.0000000,2004-08-19 22:44:58.6395040,2004-08-19 00:00:00.0000000,0,23016011,0,,,,/evidence/windows-ntfs-mft-nist/nist-hacking-case.mft,,,
1553,1553,True,459,459,.\WINDOWS\system32,mll_mtf.dll,.dll,7680,1,,False,False,False,False,True,False,Archive,DosWindows,2001-08-23 18:00:00.0000000,,2001-08-23 18:00:00.0000000,,2004-08-19 17:02:17.2673824,2001-08-23 18:00:00.0000000,2004-08-19 22:44:58.6495184,2004-08-19 00:00:00.0000000,0,22699283,0,,,,/evidence/windows-ntfs-mft-nist/nist-hacking-case.mft,,,
1554,1554,True,459,459,.\WINDOWS\system32,mll_qic.dll,.dll,5632,1,,False,False,False,False,True,False,Archive,DosWindows,2001-08-23 18:00:00.0000000,,2001-08-23 18:00:00.0000000,,2004-08-19 17:02:17.2773968,2001-08-23 18:00:00.0000000,2004-08-19 22:44:58.6595328,2004-08-19 00:00:00.0000000,0,22700042,0,,,,/evidence/windows-ntfs-mft-nist/nist-hacking-case.mft,,,
1555,1555,True,459,459,.\WINDOWS\system32,mmc.exe,.exe,774144,1,,False,False,False,False,True,False,Archive,DosWindows,2001-08-23 18:00:00.0000000,,2001-08-23 18:00:00.0000000,,2004-08-19 22:33:24.5614688,2001-08-23 18:00:00.0000000,2004-08-19 22:44:58.8598208,2004-08-19 00:00:00.0000000,0,23016104,0,,,,/evidence/windows-ntfs-mft-nist/nist-hacking-case.mft,,,
1556,1556,True,459,459,.\WINDOWS\system32,mmcbase.dll,.dll,66560,1,,False,False,False,False,True,False,Archive,DosWindows,2001-08-23 18:00:00.0000000,,2001-08-23 18:00:00.0000000,,2004-08-19 17:02:17.2773968,2001-08-23 18:00:00.0000000,2004-08-20 15:18:03.1696016,2004-08-19 00:00:00.0000000,0,29722840,0,,,,/evidence/windows-ntfs-mft-nist/nist-hacking-case.mft,,,
1557,1557,True,459,459,.\WINDOWS\system32,mmcndmgr.dll,.dll,1136128,1,,False,False,False,False,True,False,Archive,DosWindows,2001-08-23 18:00:00.0000000,,2001-08-23 18:00:00.0000000,,2004-08-19 17:02:17.2773968,2001-08-23 18:00:00.0000000,2004-08-19 22:44:59.2203392,2004-08-19 00:00:00.0000000,0,23023274,0,,,,/evidence/windows-ntfs-mft-nist/nist-hacking-case.mft,,,
1558,1558,True,459,459,.\WINDOWS\system32,mmcshext.dll,.dll,46592,1,,False,False,False,False,True,False,Archive,DosWindows,2001-08-23 18:00:00.0000000,,2001-08-23 18:00:00.0000000,,2004-08-19 17:02:17.2874112,2001-08-23 18:00:00.0000000,2004-08-19 22:44:59.5408000,2004-08-19 00:00:00.0000000,0,23023431,0,,,,/evidence/windows-ntfs-mft-nist/nist-hacking-case.mft,,,
1559,1559,True,459,459,.\WINDOWS\system32,mmdriver.inf,.inf,1492,1,,False,False,False,False,True,False,Archive,DosWindows,2001-08-23 18:00:00.0000000,,2001-08-23 18:00:00.0000000,,2004-08-19 17:02:17.2874112,2001-08-23 18:00:00.0000000,2004-08-19 00:00:00.0000000,,0,9604947,0,,,,/evidence/windows-ntfs-mft-nist/nist-hacking-case.mft,,,
1560,1560,True,459,459,.\WINDOWS\system32,mmdrv.dll,.dll,12288,1,,False,False,False,False,True,False,Archive,DosWindows,2001-08-23 18:00:00.0000000,,2001-08-23 18:00:00.0000000,,2004-08-19 17:02:17.2874112,2001-08-23 18:00:00.0000000,2004-08-19 22:44:59.5608288,2004-08-19 00:00:00.0000000,0,22710813,0,,,,/evidence/windows-ntfs-mft-nist/nist-hacking-case.mft,,,
1561,1561,True,459,459,.\WINDOWS\system32,mmsys.cpl,.cpl,559616,1,,False,False,False,False,True,False,Archive,DosWindows,2001-08-23 18:00:00.0000000,,2001-08-23 18:00:00.0000000,,2004-08-20 15:18:50.7780592,2001-08-23 18:00:00.0000000,2004-08-19 23:05:42.7911120,2004-08-19 00:00:00.0000000,0,28279952,0,,,,/evidence/windows-ntfs-mft-nist/nist-hacking-case.mft,,,
1562,1562,True,459,459,.\WINDOWS\system32,mmsystem.dll,.dll,68928,1,,False,False,False,False,True,False,Archive,DosWindows,2001-08-23 18:00:00.0000000,,2001-08-23 18:00:00.0000000,,2004-08-19 17:02:17.2874112,2001-08-23 18:00:00.0000000,2004-08-19 00:00:00.0000000,,0,9605362,0,,,,/evidence/windows-ntfs-mft-nist/nist-hacking-case.mft,,,
1563,1563,True,459,459,.\WINDOWS\system32,mmtask.tsk,.tsk,1152,1,,False,False,False,False,True,False,Archive,DosWindows,2001-08-23 18:00:00.0000000,,2001-08-23 18:00:00.0000000,,2004-08-19 17:02:17.2974256,2001-08-23 18:00:00.0000000,2004-08-19 00:00:00.0000000,,0,9605477,0,,,,/evidence/windows-ntfs-mft-nist/nist-hacking-case.mft,,,
1564,1564,True,459,459,.\WINDOWS\system32,mmutilse.dll,.dll,119808,1,,False,False,False,False,True,False,Archive,DosWindows,2001-08-23 18:00:00.0000000,,2001-08-23 18:00:00.0000000,,2004-08-19 17:02:17.2974256,2001-08-23 18:00:00.0000000,2004-08-19 22:45:00.1016064,2004-08-19 00:00:00.0000000,0,23030886,0,,,,/evidence/windows-ntfs-mft-nist/nist-hacking-case.mft,,,
1565,1565,True,459,459,.\WINDOWS\system32,mobsync.exe,.exe,135680,1,,False,False,False,False,True,False,Archive,DosWindows,2001-08-23 18:00:00.0000000,,2001-08-23 18:00:00.0000000,,2004-08-19 23:05:05.5776016,2001-08-23 18:00:00.0000000,2004-08-19 22:45:00.9528304,2004-08-19 00:00:00.0000000,0,27013531,0,,,,/evidence/windows-ntfs-mft-nist/nist-hacking-case.mft,,,
1566,1566,True,459,459,.\WINDOWS\system32,mode.com,.com,19456,1,,False,False,False,False,True,False,Archive,DosWindows,2001-08-23 18:00:00.0000000,,2001-08-23 18:00:00.0000000,,2004-08-19 17:02:17.2974256,2001-08-23 18:00:00.0000000,2004-08-19 00:00:00.0000000,,0,9606007,0,,,,/evidence/windows-ntfs-mft-nist/nist-hacking-case.mft,,,
1567,1567,True,459,459,.\WINDOWS\system32,modemui.dll,.dll,145408,1,,False,False,False,False,True,False,Archive,DosWindows,2001-08-23 18:00:00.0000000,,2001-08-23 18:00:00.0000000,,2004-08-19 17:02:17.3074400,2001-08-23 18:00:00.0000000,2004-08-27 15:08:45.6255024,2004-08-19 00:00:00.0000000,0,38078363,0,,,,/evidence/windows-ntfs-mft-nist/nist-hacking-case.mft,,,
1568,1568,True,459,459,.\WINDOWS\system32,modex.dll,.dll,10112,1,,False,False,False,False,True,False,Archive,DosWindows,2001-08-23 18:00:00.0000000,,2001-08-23 18:00:00.0000000,,2004-08-19 17:02:17.3074400,2001-08-23 18:00:00.0000000,2004-08-19 22:45:01.0730032,2004-08-19 00:00:00.0000000,0,22731847,0,,,,/evidence/windows-ntfs-mft-nist/nist-hacking-case.mft,,,
1569,1569,True,459,459,.\WINDOWS\system32,moricons.dll,.dll,185344,1,,False,False,False,False,True,False,Archive,DosWindows,2001-08-23 18:00:00.0000000,,2001-08-23 18:00:00.0000000,,2004-08-19 23:05:08.1813456,2001-08-23 18:00:00.0000000,2004-08-19 22:45:01.7339536,2004-08-19 00:00:00.0000000,0,27020359,0,,,,/evidence/windows-ntfs-mft-nist/nist-hacking-case.mft,,,
1570,1570,True,459,459,.\WINDOWS\system32,mountvol.exe,.exe,8192,1,,False,False,False,False,True,False,Archive,DosWindows,2001-08-23 18:00:00.0000000,,2001-08-23 18:00:00.0000000,,2004-08-19 17:02:17.3074400,2001-08-23 18:00:00.0000000,2004-08-19 22:45:01.8340976,2004-08-19 00:00:00.0000000,0,23034131,0,,,,/evidence/windows-ntfs-mft-nist/nist-hacking-case.mft,,,
1571,1571,True,459,459,.\WINDOWS\system32,mouse.drv,.drv,2032,1,,False,False,False,False,True,False,Archive,DosWindows,2001-08-23 18:00:00.0000000,,2001-08-23 18:00:00.0000000,,2004-08-19 17:02:17.3174544,2001-08-23 18:00:00.0000000,2004-08-19 00:00:00.0000000,,0,9606778,0,,,,/evidence/windows-ntfs-mft-nist/nist-hacking-case.mft,,,
1572,1572,True,459,459,.\WINDOWS\system32,mpg4dmod.dll,.dll,233472,1,,False,False,False,False,True,False,Archive,DosWindows,2001-08-23 18:00:00.0000000,,2001-08-23 18:00:00.0000000,,2004-08-19 17:02:17.3174544,2001-08-23 18:00:00.0000000,2004-08-19 22:45:02.5551344,2004-08-19 00:00:00.0000000,0,23037366,0,,,,/evidence/windows-ntfs-mft-nist/nist-hacking-case.mft,,,
1573,1573,True,459,459,.\WINDOWS\system32,mpg4ds32.ax,.ax,262144,1,,False,False,False,False,True,False,Archive,DosWindows,2001-08-23 18:00:00.0000000,,2001-08-23 18:00:00.0000000,,2004-08-19 17:02:17.3174544,2001-08-23 18:00:00.0000000,2004-08-19 22:41:32.7334256,2004-08-19 00:00:00.0000000,0,19721997,0,,,,/evidence/windows-ntfs-mft-nist/nist-hacking-case.mft,,,
1574,1574,True,459,459,.\WINDOWS\system32,mpg2splt.ax,.ax,126464,1,,False,False,False,False,True,False,Archive,DosWindows,2001-08-23 18:00:00.0000000,,2001-08-23 18:00:00.0000000,,2004-08-19 17:02:17.3174544,2001-08-23 18:00:00.0000000,2004-08-19 22:45:02.1846016,2004-08-19 00:00:00.0000000,0,23036643,0,,,,/evidence/windows-ntfs-mft-nist/nist-hacking-case.mft,,,
1575,1575,True,459,459,.\WINDOWS\system32,mpnotify.exe,.exe,22016,1,,False,False,False,False,True,False,Archive,DosWindows,2001-08-23 18:00:00.0000000,,2001-08-23 18:00:00.0000000,,2004-08-19 17:02:17.3274688,2001-08-23 18:00:00.0000000,2004-08-19 22:45:02.6452640,2004-08-19 00:00:00.0000000,0,22754432,0,,,,/evidence/windows-ntfs-mft-nist/nist-hacking-case.mft,,,
1576,1576,True,459,459,.\WINDOWS\system32,mprddm.dll,.dll,69120,1,,False,False,False,False,True,False,Archive,DosWindows,2001-08-23 18:00:00.0000000,,2001-08-23 18:00:00.0000000,,2004-08-19 17:02:17.3274688,2001-08-23 18:00:00.0000000,2004-08-19 22:45:02.8054944,2004-08-19 00:00:00.0000000,0,23044781,0,,,,/evidence/windows-ntfs-mft-nist/nist-hacking-case.mft,,,
1577,1577,True,459,459,.\WINDOWS\system32,mprdim.dll,.dll,49152,1,,False,False,False,False,True,False,Archive,DosWindows,2001-08-23 18:00:00.0000000,,2001-08-23 18:00:00.0000000,,2004-08-19 17:02:17.3274688,2001-08-23 18:00:00.0000000,2004-08-19 22:45:02.8255232,2004-08-19 00:00:00.0000000,0,23045971,0,,,,/evidence/windows-ntfs-mft-nist/nist-hacking-case.mft,,,
1578,1578,True,459,459,.\WINDOWS\system32,mprmsg.dll,.dll,99840,1,,False,False,False,False,True,False,Archive,DosWindows,2001-08-23 18:00:00.0000000,,2001-08-23 18:00:00.0000000,,2004-08-19 17:02:17.3374832,2001-08-23 18:00:00.0000000,2004-08-19 22:45:02.8655808,2004-08-19 00:00:00.0000000,0,23046759,0,,,,/evidence/windows-ntfs-mft-nist/nist-hacking-case.mft,,,
1579,1579,True,459,459,.\WINDOWS\system32,mqad.dll,.dll,129024,1,,False,False,False,False,True,False,Archive,DosWindows,2001-08-23 18:00:00.0000000,,2001-08-23 18:00:00.0000000,,2004-08-19 17:02:17.3374832,2001-08-23 18:00:00.0000000,2004-08-19 22:45:03.0358256,2004-08-19 00:00:00.0000000,0,23046846,0,,,,/evidence/windows-ntfs-mft-nist/nist-hacking-case.mft,,,
1580,1580,True,459,459,.\WINDOWS\system32,mqbkup.exe,.exe,17408,1,,False,False,False,False,True,False,Archive,DosWindows,2001-08-23 18:00:00.0000000,,2001-08-23 18:00:00.0000000,,2004-08-19 17:02:17.3374832,2001-08-23 18:00:00.0000000,2004-08-19 22:45:03.0758832,2004-08-19 00:00:00.0000000,0,23046875,0,,,,/evidence/windows-ntfs-mft-nist/nist-hacking-case.mft,,,
1581,1581,True,459,459,.\WINDOWS\system32,mqcertui.dll,.dll,10752,1,,False,False,False,False,True,False,Archive,DosWindows,2001-08-23 18:00:00.0000000,,2001-08-23 18:00:00.0000000,,2004-08-19 17:02:17.3474976,2001-08-23 18:00:00.0000000,2004-08-19 22:45:03.1059264,2004-08-19 00:00:00.0000000,0,23046904,0,,,,/evidence/windows-ntfs-mft-nist/nist-hacking-case.mft,,,
1582,1582,True,459,459,.\WINDOWS\system32,mqdscli.dll,.dll,44032,1,,False,False,False,False,True,False,Archive,DosWindows,2001-08-23 18:00:00.0000000,,2001-08-23 18:00:00.0000000,,2004-08-19 17:02:17.3474976,2001-08-23 18:00:00.0000000,2004-08-19 22:45:03.1159408,2004-08-19 00:00:00.0000000,0,22763426,0,,,,/evidence/windows-ntfs-mft-nist/nist-hacking-case.mft,,,
1583,1583,True,459,459,.\WINDOWS\system32,mqgentr.dll,.dll,60928,1,,False,False,False,False,True,False,Archive,DosWindows,2001-08-23 18:00:00.0000000,,2001-08-23 18:00:00.0000000,,2004-08-19 17:02:17.3474976,2001-08-23 18:00:00.0000000,2004-08-19 22:45:03.1559984,2004-08-19 00:00:00.0000000,0,23046933,0,,,,/evidence/windows-ntfs-mft-nist/nist-hacking-case.mft,,,
1584,1584,True,459,459,.\WINDOWS\system32,mqise.dll,.dll,14848,1,,False,False,False,False,True,False,Archive,DosWindows,2001-08-23 18:00:00.0000000,,2001-08-23 18:00:00.0000000,,2004-08-19 17:02:17.3474976,2001-08-23 18:00:00.0000000,2004-08-19 22:45:03.1860416,2004-08-19 00:00:00.0000000,0,22764937,0,,,,/evidence/windows-ntfs-mft-nist/nist-hacking-case.mft,,,
1585,1585,True,459,459,.\WINDOWS\system32,mqlogmgr.dll,.dll,55808,1,,False,False,False,False,True,False,Archive,DosWindows,2001-08-23 18:00:00.0000000,,2001-08-23 18:00:00.0000000,,2004-08-19 17:02:17.3474976,2001-08-23 18:00:00.0000000,2004-08-19 22:45:03.2160848,2004-08-19 00:00:00.0000000,0,23046962,0,,,,/evidence/windows-ntfs-mft-nist/nist-hacking-case.mft,,,
1586,1586,True,459,459,.\WINDOWS\system32,mqoa.dll,.dll,214016,1,,False,False,False,False,True,False,Archive,DosWindows,2001-08-23 18:00:00.0000000,,2001-08-23 18:00:00.0000000,,2004-08-19 17:02:17.3575120,2001-08-23 18:00:00.0000000,2004-08-19 22:45:03.7668768,2004-08-19 00:00:00.0000000,0,23047227,0,,,,/evidence/windows-ntfs-mft-nist/nist-hacking-case.mft,,,
1587,1587,True,459,459,.\WINDOWS\system32,mqoa.tlb,.tlb,81408,1,,False,False,False,False,True,False,Archive,DosWindows,2001-08-23 18:00:00.0000000,,2001-08-23 18:00:00.0000000,,2004-08-19 17:02:17.3575120,2001-08-23 18:00:00.0000000,2004-08-19 22:45:03.8169488,2004-08-19 00:00:00.0000000,0,23047256,0,,,,/evidence/windows-ntfs-mft-nist/nist-hacking-case.mft,,,
1588,1588,True,459,459,.\WINDOWS\system32,mqoa10.tlb,.tlb,36864,1,,False,False,False,False,True,False,Archive,DosWindows,2001-08-23 18:00:00.0000000,,2001-08-23 18:00:00.0000000,,2004-08-19 17:02:17.3575120,2001-08-23 18:00:00.0000000,2004-08-19 22:45:03.8570064,2004-08-19 00:00:00.0000000,0,22775950,0,,,,/evidence/windows-ntfs-mft-nist/nist-hacking-case.mft,,,
1589,1589,True,459,459,.\WINDOWS\system32,mqoa20.tlb,.tlb,55296,1,,False,False,False,False,True,False,Archive,DosWindows,2001-08-23 18:00:00.0000000,,2001-08-23 18:00:00.0000000,,2004-08-19 17:02:17.3575120,2001-08-23 18:00:00.0000000,2004-08-19 22:45:03.8870496,2004-08-19 00:00:00.0000000,0,23047285,0,,,,/evidence/windows-ntfs-mft-nist/nist-hacking-case.mft,,,
1590,1590,True,459,459,.\WINDOWS\system32,mqperf.dll,.dll,8192,1,,False,False,False,False,True,False,Archive,DosWindows,2001-08-23 18:00:00.0000000,,2001-08-23 18:00:00.0000000,,2004-08-19 17:02:17.3675264,2001-08-23 18:00:00.0000000,2004-08-19 22:45:03.9170928,2004-08-19 00:00:00.0000000,0,22777464,0,,,,/evidence/windows-ntfs-mft-nist/nist-hacking-case.mft,,,
1591,1591,True,459,459,.\WINDOWS\system32,mqperf.ini,.ini,10110,1,,False,False,False,False,True,False,Archive,DosWindows,2001-08-23 18:00:00.0000000,,2001-08-23 18:00:00.0000000,,2004-08-19 17:02:17.3675264,2001-08-23 18:00:00.0000000,2004-08-19 00:00:00.0000000,,0,9609739,0,,,,/evidence/windows-ntfs-mft-nist/nist-hacking-case.mft,,,
1592,1592,True,459,459,.\WINDOWS\system32,mqprfsym.h,.h,2755,1,,False,False,False,False,True,False,Archive,DosWindows,2001-08-23 18:00:00.0000000,,2001-08-23 18:00:00.0000000,,2004-08-19 17:02:17.3675264,2001-08-23 18:00:00.0000000,2004-08-19 00:00:00.0000000,,0,9609854,0,,,,/evidence/windows-ntfs-mft-nist/nist-hacking-case.mft,,,
1593,1593,True,459,459,.\WINDOWS\system32,mqqm.dll,.dll,605696,1,,False,False,False,False,True,False,Archive,DosWindows,2001-08-23 18:00:00.0000000,,2001-08-23 18:00:00.0000000,,2004-08-19 17:02:17.3675264,2001-08-23 18:00:00.0000000,2004-08-19 22:45:04.0773232,2004-08-19 00:00:00.0000000,0,23049168,0,,,,/evidence/windows-ntfs-mft-nist/nist-hacking-case.mft,,,
1594,1594,True,459,459,.\WINDOWS\system32,mqrt.dll,.dll,164864,1,,False,False,False,False,True,False,Archive,DosWindows,2001-08-23 18:00:00.0000000,,2001-08-23 18:00:00.0000000,,2004-08-19 17:02:17.3675264,2001-08-23 18:00:00.0000000,2004-08-19 22:45:04.1974960,2004-08-19 00:00:00.0000000,0,23049197,0,,,,/evidence/windows-ntfs-mft-nist/nist-hacking-case.mft,,,
1595,1595,True,459,459,.\WINDOWS\system32,mqrtdep.dll,.dll,115200,1,,False,False,False,False,True,False,Archive,DosWindows,2001-08-23 18:00:00.0000000,,2001-08-23 18:00:00.0000000,,2004-08-19 17:02:17.3775408,2001-08-23 18:00:00.0000000,2004-08-19 22:45:04.2475680,2004-08-19 00:00:00.0000000,0,23049235,0,,,,/evidence/windows-ntfs-mft-nist/nist-hacking-case.mft,,,
1596,1596,True,459,459,.\WINDOWS\system32,mqsec.dll,.dll,88576,1,,False,False,False,False,True,False,Archive,DosWindows,2001-08-23 18:00:00.0000000,,2001-08-23 18:00:00.0000000,,2004-08-19 17:02:17.3775408,2001-08-23 18:00:00.0000000,2004-08-19 22:45:04.4778992,2004-08-19 00:00:00.0000000,0,22784391,0,,,,/evidence/windows-ntfs-mft-nist/nist-hacking-case.mft,,,
1597,1597,True,459,459,.\WINDOWS\system32,mqsnap.dll,.dll,478720,1,,False,False,False,False,True,False,Archive,DosWindows,2001-08-23 18:00:00.0000000,,2001-08-23 18:00:00.0000000,,2004-08-19 17:02:17.3775408,2001-08-23 18:00:00.0000000,2004-08-19 22:45:04.8484320,2004-08-19 00:00:00.0000000,0,23049264,0,,,,/evidence/windows-ntfs-mft-nist/nist-hacking-case.mft,,,
1598,1598,True,459,459,.\WINDOWS\system32,mqsvc.exe,.exe,4608,1,,False,False,False,False,True,False,Archive,DosWindows,2001-08-23 18:00:00.0000000,,2001-08-23 18:00:00.0000000,,2004-08-19 17:02:17.3775408,2001-08-23 18:00:00.0000000,2004-08-19 22:45:04.8884896,2004-08-19 00:00:00.0000000,0,23049293,0,,,,/evidence/windows-ntfs-mft-nist/nist-hacking-case.mft,,,
1599,1599,True,459,459,.\WINDOWS\system32,mqtgsvc.exe,.exe,97792,1,,False,False,False,False,True,False,Archive,DosWindows,2001-08-23 18:00:00.0000000,,2001-08-23 18:00:00.0000000,,2004-08-19 17:02:17.3775408,2001-08-23 18:00:00.0000000,2004-08-19 22:45:04.9085184,2004-08-19 00:00:00.0000000,0,23049548,0,,,,/evidence/windows-ntfs-mft-nist/nist-hacking-case.mft,,,
1600,1600,True,459,459,.\WINDOWS\system32,mqtrig.dll,.dll,164352,1,,False,False,False,False,True,False,Archive,DosWindows,2001-08-23 18:00:00.0000000,,2001-08-23 18:00:00.0000000,,2004-08-19 17:02:17.3875552,2001-08-23 18:00:00.0000000,2004-08-19 22:45:05.1588784,2004-08-19 00:00:00.0000000,0,23049577,0,,,,/evidence/windows-ntfs-mft-nist/nist-hacking-case.mft,,,
1601,1601,True,459,459,.\WINDOWS\system32,mqupgrd.dll,.dll,44544,1,,False,False,False,False,True,False,Archive,DosWindows,2001-08-23 18:00:00.0000000,,2001-08-23 18:00:00.0000000,,2004-08-19 17:02:17.3875552,2001-08-23 18:00:00.0000000,2004-08-19 22:45:05.2389936,2004-08-19 00:00:00.0000000,0,23049606,0,,,,/evidence/windows-ntfs-mft-nist/nist-hacking-case.mft,,,
1602,1602,True,459,459,.\WINDOWS\system32,mqutil.dll,.dll,467456,1,,False,False,False,False,True,False,Archive,DosWindows,2001-08-23 18:00:00.0000000,,2001-08-23 18:00:00.0000000,,2004-08-19 17:02:17.3875552,2001-08-23 18:00:00.0000000,2004-08-19 22:45:05.7597424,2004-08-19 00:00:00.0000000,0,22805310,0,,,,/evidence/windows-ntfs-mft-nist/nist-hacking-case.mft,,,
1603,1603,True,459,459,.\WINDOWS\system32,mrinfo.exe,.exe,12800,1,,False,False,False,False,True,False,Archive,DosWindows,2001-08-23 18:00:00.0000000,,2001-08-23 18:00:00.0000000,,2004-08-19 17:02:17.3875552,2001-08-23 18:00:00.0000000,2004-08-19 22:45:05.8398576,2004-08-19 00:00:00.0000000,0,22806069,0,,,,/evidence/windows-ntfs-mft-nist/nist-hacking-case.mft,,,
1604,1604,True,459,459,.\WINDOWS\system32,msaatext.dll,.dll,102912,1,,False,False,False,False,True,False,Archive,DosWindows,2001-08-23 18:00:00.0000000,,2001-08-23 18:00:00.0000000,,2004-08-19 17:02:17.3975696,2001-08-23 18:00:00.0000000,2004-08-19 22:45:06.1402896,2004-08-19 00:00:00.0000000,0,23057622,0,,,,/evidence/windows-ntfs-mft-nist/nist-hacking-case.mft,,,
1605,1605,True,459,459,.\WINDOWS\system32,msacm.dll,.dll,61168,1,,False,False,False,False,True,False,Archive,DosWindows,2001-08-23 18:00:00.0000000,,2001-08-23 18:00:00.0000000,,2004-08-19 17:02:17.3975696,2001-08-23 18:00:00.0000000,2004-08-19 22:45:06.1603184,2004-08-19 00:00:00.0000000,0,22809208,0,,,,/evidence/windows-ntfs-mft-nist/nist-hacking-case.mft,,,
1606,1606,True,459,459,.\WINDOWS\system32,msadds32.ax,.ax,221184,1,,False,False,False,False,True,False,Archive,DosWindows,2001-08-23 18:00:00.0000000,,2001-08-23 18:00:00.0000000,,2004-08-19 17:02:17.3975696,2001-08-23 18:00:00.0000000,2004-08-19 22:41:34.1654848,2004-08-19 00:00:00.0000000,0,19733911,0,,,,/evidence/windows-ntfs-mft-nist/nist-hacking-case.mft,,,
1607,1607,True,459,459,.\WINDOWS\system32,msadp32.acm,.acm,13312,1,,False,False,False,False,True,False,Archive,DosWindows,2001-08-23 18:00:00.0000000,,2001-08-23 18:00:00.0000000,,2004-08-19 17:02:17.4075840,2001-08-23 18:00:00.0000000,2004-08-26 15:51:46.0119104,2004-08-19 00:00:00.0000000,0,37892649,0,,,,/evidence/windows-ntfs-mft-nist/nist-hacking-case.mft,,,
1608,1608,True,459,459,.\WINDOWS\system32,msafd.dll,.dll,3584,1,,False,False,False,False,True,False,Archive,DosWindows,2001-08-23 18:00:00.0000000,,2001-08-23 18:00:00.0000000,,2004-08-19 17:02:17.4075840,2001-08-23 18:00:00.0000000,2004-08-19 22:45:06.7311392,2004-08-19 00:00:00.0000000,0,23057721,0,,,,/evidence/windows-ntfs-mft-nist/nist-hacking-case.mft,,,
1609,1609,True,459,459,.\WINDOWS\system32,msapsspc.dll,.dll,80128,1,,False,False,False,False,True,False,Archive,DosWindows,2001-08-23 18:00:00.0000000,,2001-08-23 18:00:00.0000000,,2004-08-19 17:02:17.4075840,2001-08-23 18:00:00.0000000,2004-08-25 15:21:59.0795920,2004-08-19 00:00:00.0000000,0,36637774,0,,,,/evidence/windows-ntfs-mft-nist/nist-hacking-case.mft,,,
1610,1610,True,459,459,.\WINDOWS\system32,msaud32.acm,.acm,294912,1,,False,False,False,False,True,False,Archive,DosWindows,2001-08-23 18:00:00.0000000,,2001-08-23 18:00:00.0000000,,2004-08-19 17:02:17.4075840,2001-08-23 18:00:00.0000000,2004-08-26 15:51:46.6127744,2004-08-19 00:00:00.0000000,0,37893653,0,,,,/evidence/windows-ntfs-mft-nist/nist-hacking-case.mft,,,
1611,1611,True,459,459,.\WINDOWS\system32,msaudite.dll,.dll,65024,1,,False,False,False,False,True,False,Archive,DosWindows,2001-08-23 18:00:00.0000000,,2001-08-23 18:00:00.0000000,,2004-08-19 17:02:17.4175984,2001-08-23 18:00:00.0000000,2004-08-19 22:45:06.8513120,2004-08-19 00:00:00.0000000,0,23057779,0,,,,/evidence/windows-ntfs-mft-nist/nist-hacking-case.mft,,,
1612,1612,True,459,459,.\WINDOWS\system32,mscat32.dll,.dll,7168,1,,False,False,False,False,True,False,Archive,DosWindows,2001-08-23 18:00:00.0000000,,2001-08-23 18:00:00.0000000,,2004-08-19 17:02:17.4175984,2001-08-23 18:00:00.0000000,2004-08-19 22:45:07.0015280,2004-08-19 00:00:00.0000000,0,23057837,0,,,,/evidence/windows-ntfs-mft-nist/nist-hacking-case.mft,,,
1613,1613,True,459,459,.\WINDOWS\system32,mscdexnt.exe,.exe,817,1,,False,False,False,False,True,False,Archive,DosWindows,2001-08-23 18:00:00.0000000,,2001-08-23 18:00:00.0000000,,2004-08-19 17:02:17.4175984,2001-08-23 18:00:00.0000000,2004-08-19 22:45:07.0115424,2004-08-19 00:00:00.0000000,0,22824979,0,,,,/evidence/windows-ntfs-mft-nist/nist-hacking-case.mft,,,
1614,1614,True,459,459,.\WINDOWS\system32,mscms.dll,.dll,68096,1,,False,False,False,False,True,False,Archive,DosWindows,2001-08-23 18:00:00.0000000,,2001-08-23 18:00:00.0000000,,2004-08-19 17:02:17.4175984,2001-08-23 18:00:00.0000000,2004-08-26 15:05:23.3406256,2004-08-19 00:00:00.0000000,0,36168644,0,,,,/evidence/windows-ntfs-mft-nist/nist-hacking-case.mft,,,
1615,1615,True,459,459,.\WINDOWS\system32,ntdsbcli.dll,.dll,26112,1,,False,False,False,False,True,False,Archive,DosWindows,2001-08-23 18:00:00.0000000,,2001-08-23 18:00:00.0000000,,2004-08-19 17:02:17.8382032,2001-08-23 18:00:00.0000000,2004-08-19 22:45:52.0563136,2004-08-19 00:00:00.0000000,0,23653482,0,,,,/evidence/windows-ntfs-mft-nist/nist-hacking-case.mft,,,
1616,1616,True,459,459,.\WINDOWS\system32,mscpx32r.dLL,.dLL,12288,1,,False,False,False,False,True,False,Archive,DosWindows,2001-08-23 18:00:00.0000000,,2001-08-23 18:00:00.0000000,,2004-08-19 17:02:17.4175984,2001-08-23 18:00:00.0000000,2004-08-19 22:45:07.4922336,2004-08-19 00:00:00.0000000,0,23057944,0,,,,/evidence/windows-ntfs-mft-nist/nist-hacking-case.mft,,,
1617,1617,True,459,459,.\WINDOWS\system32,ntimage.gif,.gif,48794,1,,False,False,False,False,True,False,Archive,DosWindows,2001-08-23 18:00:00.0000000,,2001-08-23 18:00:00.0000000,,2004-08-19 17:02:17.8382032,2001-08-23 18:00:00.0000000,2004-08-19 00:00:00.0000000,,0,9635639,0,,,,/evidence/windows-ntfs-mft-nist/nist-hacking-case.mft,,,
1618,1618,True,459,459,.\WINDOWS\system32,mscpxl32.dLL,.dLL,36864,1,,False,False,False,False,True,False,Archive,DosWindows,2001-08-23 18:00:00.0000000,,2001-08-23 18:00:00.0000000,,2004-08-19 17:02:17.4276128,2001-08-23 18:00:00.0000000,2004-08-19 22:41:35.1569104,2004-08-19 00:00:00.0000000,0,19587979,0,,,,/evidence/windows-ntfs-mft-nist/nist-hacking-case.mft,,,
1619,1619,True,459,459,.\WINDOWS\system32,msdatsrc.tlb,.tlb,12288,1,,False,False,False,False,True,False,Archive,DosWindows,2001-08-23 18:00:00.0000000,,2001-08-23 18:00:00.0000000,,2004-08-19 17:02:17.4376272,2001-08-23 18:00:00.0000000,2004-08-19 22:41:36.2685088,2004-08-19 00:00:00.0000000,0,19772826,0,,,,/evidence/windows-ntfs-mft-nist/nist-hacking-case.mft,,,
1620,1620,True,459,459,.\WINDOWS\system32,msdmo.dll,.dll,11264,1,,False,False,False,False,True,False,Archive,DosWindows,2001-08-23 18:00:00.0000000,,2001-08-23 18:00:00.0000000,,2004-08-19 17:02:17.4376272,2001-08-23 18:00:00.0000000,2004-08-19 23:04:32.9707152,2004-08-19 00:00:00.0000000,0,36822784,0,,,,/evidence/windows-ntfs-mft-nist/nist-hacking-case.mft,,,
1621,1621,True,459,459,.\WINDOWS\system32,msdvdopt.dll,.dll,74240,1,,False,False,False,False,True,False,Archive,DosWindows,2001-08-23 18:00:00.0000000,,2001-08-23 18:00:00.0000000,,2004-08-19 17:02:17.4376272,2001-08-23 18:00:00.0000000,2004-08-19 22:45:08.9343072,2004-08-19 00:00:00.0000000,0,23058385,0,,,,/evidence/windows-ntfs-mft-nist/nist-hacking-case.mft,,,
1622,1622,True,459,459,.\WINDOWS\system32,msdxmlc.dll,.dll,4126,1,,False,False,False,False,True,False,Archive,DosWindows,2001-08-23 18:00:00.0000000,,2001-08-23 18:00:00.0000000,,2004-08-19 17:02:17.4476416,2001-08-23 18:00:00.0000000,2004-08-19 22:41:37.2198768,2004-08-19 00:00:00.0000000,0,19774984,0,,,,/evidence/windows-ntfs-mft-nist/nist-hacking-case.mft,,,
1623,1623,True,459,459,.\WINDOWS\system32,msencode.dll,.dll,94282,1,,False,False,False,False,True,False,Archive,DosWindows,2001-08-23 18:00:00.0000000,,2001-08-23 18:00:00.0000000,,2004-08-19 17:02:17.4476416,2001-08-23 18:00:00.0000000,2004-08-19 00:00:00.0000000,,0,9614513,0,,,,/evidence/windows-ntfs-mft-nist/nist-hacking-case.mft,,,
1624,1624,True,459,459,.\WINDOWS\system32,msg711.acm,.acm,9216,1,,False,False,False,False,True,False,Archive,DosWindows,2001-08-23 18:00:00.0000000,,2001-08-23 18:00:00.0000000,,2004-08-19 17:02:17.4576560,2001-08-23 18:00:00.0000000,2004-08-26 15:51:46.1020400,2004-08-19 00:00:00.0000000,0,37892771,0,,,,/evidence/windows-ntfs-mft-nist/nist-hacking-case.mft,,,
1625,1625,True,459,459,.\WINDOWS\system32,msgsm32.acm,.acm,19968,1,,False,False,False,False,True,False,Archive,DosWindows,2001-08-23 18:00:00.0000000,,2001-08-23 18:00:00.0000000,,2004-08-19 17:02:17.4576560,2001-08-23 18:00:00.0000000,2004-08-26 15:51:46.0619824,2004-08-19 00:00:00.0000000,0,37892710,0,,,,/evidence/windows-ntfs-mft-nist/nist-hacking-case.mft,,,
1626,1626,True,459,459,.\WINDOWS\system32,mshta.exe,.exe,24064,1,,False,False,False,False,True,False,Archive,DosWindows,2001-08-23 18:00:00.0000000,,2001-08-23 18:00:00.0000000,,2004-08-19 22:37:31.5165728,2001-08-23 18:00:00.0000000,2004-08-19 22:45:12.2490736,2004-08-19 00:00:00.0000000,0,23112755,0,,,,/evidence/windows-ntfs-mft-nist/nist-hacking-case.mft,,,
1627,1627,True,459,459,.\WINDOWS\system32,mshtml.tlb,.tlb,1350656,1,,False,False,False,False,True,False,Archive,DosWindows,2001-08-23 18:00:00.0000000,,2001-08-23 18:00:00.0000000,,2004-08-19 17:02:17.4676704,2001-08-23 18:00:00.0000000,2004-08-27 15:32:57.3169728,2004-08-19 00:00:00.0000000,0,39297479,0,,,,/evidence/windows-ntfs-mft-nist/nist-hacking-case.mft,,,
1628,1628,True,459,459,.\WINDOWS\system32,mshtmled.dll,.dll,438272,1,,False,False,False,False,True,False,Archive,DosWindows,2001-08-23 18:00:00.0000000,,2001-08-23 18:00:00.0000000,,2004-08-19 17:02:17.4776848,2001-08-23 18:00:00.0000000,2004-08-27 15:17:02.3697856,2004-08-19 00:00:00.0000000,0,39211221,0,,,,/evidence/windows-ntfs-mft-nist/nist-hacking-case.mft,,,
1629,1629,True,459,459,.\WINDOWS\system32,mshtmler.dll,.dll,56320,1,,False,False,False,False,True,False,Archive,DosWindows,2001-08-23 18:00:00.0000000,,2001-08-23 18:00:00.0000000,,2004-08-19 17:02:17.4776848,2001-08-23 18:00:00.0000000,2004-08-19 22:45:14.1818528,2004-08-19 00:00:00.0000000,0,23151504,0,,,,/evidence/windows-ntfs-mft-nist/nist-hacking-case.mft,,,
1630,1630,True,459,459,.\WINDOWS\system32,msieftp.dll,.dll,232448,1,,False,False,False,False,True,False,Archive,DosWindows,2001-08-23 18:00:00.0000000,,2001-08-23 18:00:00.0000000,,2004-08-27 15:17:18.4829552,2001-08-23 18:00:00.0000000,2004-08-27 15:17:18.3627824,2004-08-19 00:00:00.0000000,0,38468967,0,,,,/evidence/windows-ntfs-mft-nist/nist-hacking-case.mft,,,
1631,1631,True,459,459,.\WINDOWS\system32,msihnd.dll,.dll,304640,1,,False,False,False,False,True,False,Archive,DosWindows,2001-08-23 18:00:00.0000000,,2001-08-23 18:00:00.0000000,,2004-08-19 17:02:17.4876992,2001-08-23 18:00:00.0000000,2004-08-20 15:12:44.1709040,2004-08-19 00:00:00.0000000,0,36771038,0,,,,/evidence/windows-ntfs-mft-nist/nist-hacking-case.mft,,,
1632,1632,True,459,459,.\WINDOWS\system32,msisip.dll,.dll,39936,1,,False,False,False,False,True,False,Archive,DosWindows,2001-08-23 18:00:00.0000000,,2001-08-23 18:00:00.0000000,,2004-08-19 17:02:17.4977136,2001-08-23 18:00:00.0000000,2004-08-19 22:45:22.7541792,2004-08-19 00:00:00.0000000,0,23193277,0,,,,/evidence/windows-ntfs-mft-nist/nist-hacking-case.mft,,,
1633,1633,True,459,459,.\WINDOWS\system32,msjet40.dll,.dll,1503260,1,,False,False,False,False,True,False,Archive,DosWindows,2001-08-23 18:00:00.0000000,,2001-08-23 18:00:00.0000000,,2004-08-19 17:02:17.5077280,2001-08-23 18:00:00.0000000,2004-08-19 22:41:38.0110144,2004-08-19 00:00:00.0000000,0,19795212,0,,,,/evidence/windows-ntfs-mft-nist/nist-hacking-case.mft,,,
1634,1634,True,459,459,.\WINDOWS\system32,ntio.sys,.sys,33808,1,,False,False,False,False,True,False,Archive,DosWindows,2001-08-23 18:00:00.0000000,,2001-08-23 18:00:00.0000000,,2004-08-19 17:02:17.8382032,2001-08-23 18:00:00.0000000,2004-08-19 22:45:53.2380128,2004-08-19 00:00:00.0000000,0,23429275,0,,,,/evidence/windows-ntfs-mft-nist/nist-hacking-case.mft,,,
1635,1635,True,459,459,.\WINDOWS\system32,msjetoledb40.dll,.dll,348238,1,,False,False,False,False,True,False,Archive,Windows,2001-08-23 18:00:00.0000000,,2001-08-23 18:00:00.0000000,,2004-08-19 17:02:17.5077280,2001-08-23 18:00:00.0000000,2004-08-19 22:45:22.8743520,2004-08-19 00:00:00.0000000,0,23193306,0,,,,/evidence/windows-ntfs-mft-nist/nist-hacking-case.mft,,,
1636,1636,True,459,459,.\WINDOWS\system32,msjint40.dll,.dll,151626,1,,False,False,False,False,True,False,Archive,DosWindows,2001-08-23 18:00:00.0000000,,2001-08-23 18:00:00.0000000,,2004-08-19 17:02:17.5077280,2001-08-23 18:00:00.0000000,2004-08-19 22:41:38.1912736,2004-08-19 00:00:00.0000000,0,19795241,0,,,,/evidence/windows-ntfs-mft-nist/nist-hacking-case.mft,,,
1637,1637,True,459,459,.\WINDOWS\system32,msjter40.dll,.dll,53322,1,,False,False,False,False,True,False,Archive,DosWindows,2001-08-23 18:00:00.0000000,,2001-08-23 18:00:00.0000000,,2004-08-19 17:02:17.5077280,2001-08-23 18:00:00.0000000,2004-08-19 22:41:38.2814032,2004-08-19 00:00:00.0000000,0,19795305,0,,,,/evidence/windows-ntfs-mft-nist/nist-hacking-case.mft,,,
1638,1638,True,459,459,.\WINDOWS\system32,msjtes40.dll,.dll,241695,1,,False,False,False,False,True,False,Archive,DosWindows,2001-08-23 18:00:00.0000000,,2001-08-23 18:00:00.0000000,,2004-08-19 17:02:17.5077280,2001-08-23 18:00:00.0000000,2004-08-19 22:41:38.3615184,2004-08-19 00:00:00.0000000,0,19795334,0,,,,/evidence/windows-ntfs-mft-nist/nist-hacking-case.mft,,,
1639,1639,True,459,459,.\WINDOWS\system32,msls31.dll,.dll,146432,1,,False,False,False,False,True,False,Archive,DosWindows,2001-08-23 18:00:00.0000000,,2001-08-23 18:00:00.0000000,,2004-08-19 17:02:17.5177424,2001-08-23 18:00:00.0000000,2004-08-27 15:32:51.5386640,2004-08-19 00:00:00.0000000,0,39297212,0,,,,/evidence/windows-ntfs-mft-nist/nist-hacking-case.mft,,,
1640,1640,True,459,459,.\WINDOWS\system32,msnetobj.dll,.dll,174592,1,,False,False,False,False,True,False,Archive,DosWindows,2001-08-23 18:00:00.0000000,,2001-08-23 18:00:00.0000000,,2004-08-19 17:02:17.5177424,2001-08-23 18:00:00.0000000,2004-08-19 22:45:23.2749280,2004-08-19 00:00:00.0000000,0,23193691,0,,,,/evidence/windows-ntfs-mft-nist/nist-hacking-case.mft,,,
1641,1641,True,459,459,.\WINDOWS\system32,msnsspc.dll,.dll,116272,1,,False,False,False,False,True,False,Archive,DosWindows,2001-08-23 18:00:00.0000000,,2001-08-23 18:00:00.0000000,,2004-08-19 17:02:17.5277568,2001-08-23 18:00:00.0000000,2004-08-19 22:45:23.3149856,2004-08-19 00:00:00.0000000,0,23193720,0,,,,/evidence/windows-ntfs-mft-nist/nist-hacking-case.mft,,,
1642,1642,True,459,459,.\WINDOWS\system32,msobjs.dll,.dll,33280,1,,False,False,False,False,True,False,Archive,DosWindows,2001-08-23 18:00:00.0000000,,2001-08-23 18:00:00.0000000,,2004-08-19 17:02:17.5277568,2001-08-23 18:00:00.0000000,2004-08-19 22:45:23.7556192,2004-08-19 00:00:00.0000000,0,23193819,0,,,,/evidence/windows-ntfs-mft-nist/nist-hacking-case.mft,,,
1643,1643,True,459,459,.\WINDOWS\system32,msorc32r.dll,.dll,20480,1,,False,False,False,False,True,False,Archive,DosWindows,2001-08-23 18:00:00.0000000,,2001-08-23 18:00:00.0000000,,2004-08-19 17:02:17.5277568,2001-08-23 18:00:00.0000000,2004-08-19 22:33:10.0005312,2004-08-19 00:00:00.0000000,0,16871853,0,,,,/evidence/windows-ntfs-mft-nist/nist-hacking-case.mft,,,
1644,1644,True,459,459,.\WINDOWS\system32,msorcl32.dll,.dll,131072,1,,False,False,False,False,True,False,Archive,DosWindows,2001-08-23 18:00:00.0000000,,2001-08-23 18:00:00.0000000,,2004-08-19 17:02:17.5277568,2001-08-23 18:00:00.0000000,2004-08-19 22:41:39.0224688,2004-08-19 00:00:00.0000000,0,19805707,0,,,,/evidence/windows-ntfs-mft-nist/nist-hacking-case.mft,,,
1645,1645,True,459,459,.\WINDOWS\system32,mspatcha.dll,.dll,27136,1,,False,False,False,False,True,False,Archive,DosWindows,2001-08-23 18:00:00.0000000,,2001-08-23 18:00:00.0000000,,2004-08-19 17:02:17.5277568,2001-08-23 18:00:00.0000000,2004-08-19 22:45:26.9602272,2004-08-19 00:00:00.0000000,0,23090474,0,,,,/evidence/windows-ntfs-mft-nist/nist-hacking-case.mft,,,
1646,1646,True,459,459,.\WINDOWS\system32,mspmsp.dll,.dll,175104,1,,False,False,False,False,True,False,Archive,DosWindows,2001-08-23 18:00:00.0000000,,2001-08-23 18:00:00.0000000,,2004-08-19 17:02:17.5377712,2001-08-23 18:00:00.0000000,2004-08-19 22:45:27.0904144,2004-08-19 00:00:00.0000000,0,23290978,0,,,,/evidence/windows-ntfs-mft-nist/nist-hacking-case.mft,,,
1647,1647,True,459,459,.\WINDOWS\system32,msports.dll,.dll,41984,1,,False,False,False,False,True,False,Archive,DosWindows,2001-08-23 18:00:00.0000000,,2001-08-23 18:00:00.0000000,,2004-08-19 17:02:17.5377712,2001-08-23 18:00:00.0000000,2004-08-19 22:45:27.1705296,2004-08-19 00:00:00.0000000,0,23092692,0,,,,/evidence/windows-ntfs-mft-nist/nist-hacking-case.mft,,,
1648,1648,True,459,459,.\WINDOWS\system32,msratelc.dll,.dll,60416,1,,False,False,False,False,True,False,Archive,DosWindows,2001-08-23 18:00:00.0000000,,2001-08-23 18:00:00.0000000,,2004-08-19 17:02:17.5477856,2001-08-23 18:00:00.0000000,2004-08-27 15:11:22.7113808,2004-08-19 00:00:00.0000000,0,38890837,0,,,,/evidence/windows-ntfs-mft-nist/nist-hacking-case.mft,,,
1649,1649,True,459,459,.\WINDOWS\system32,msrating.dll,.dll,132096,1,,False,False,False,False,True,False,Archive,DosWindows,2001-08-23 18:00:00.0000000,,2001-08-23 18:00:00.0000000,,2004-08-19 17:02:17.5578000,2001-08-23 18:00:00.0000000,2004-08-27 15:11:22.6813376,2004-08-19 00:00:00.0000000,0,38890345,0,,,,/evidence/windows-ntfs-mft-nist/nist-hacking-case.mft,,,
1650,1650,True,459,459,.\WINDOWS\system32,msrd3x40.dll,.dll,315466,1,,False,False,False,False,True,False,Archive,DosWindows,2001-08-23 18:00:00.0000000,,2001-08-23 18:00:00.0000000,,2004-08-19 17:02:17.5578000,2001-08-23 18:00:00.0000000,2004-08-19 22:41:39.4330592,2004-08-19 00:00:00.0000000,0,19820260,0,,,,/evidence/windows-ntfs-mft-nist/nist-hacking-case.mft,,,
1651,1651,True,459,459,.\WINDOWS\system32,msrle32.dll,.dll,9728,1,,False,False,False,False,True,False,Archive,DosWindows,2001-08-23 18:00:00.0000000,,2001-08-23 18:00:00.0000000,,2004-08-19 17:02:17.5678144,2001-08-23 18:00:00.0000000,2004-08-26 15:51:46.4124864,2004-08-19 00:00:00.0000000,0,37893267,0,,,,/evidence/windows-ntfs-mft-nist/nist-hacking-case.mft,,,
1652,1652,True,459,459,.\WINDOWS\system32,msscds32.ax,.ax,69632,1,,False,False,False,False,True,False,Archive,DosWindows,2001-08-23 18:00:00.0000000,,2001-08-23 18:00:00.0000000,,2004-08-19 17:02:17.5678144,2001-08-23 18:00:00.0000000,2004-08-19 22:45:27.9616672,2004-08-19 00:00:00.0000000,0,23291158,0,,,,/evidence/windows-ntfs-mft-nist/nist-hacking-case.mft,,,
1653,1653,True,459,459,.\WINDOWS\system32,msscript.ocx,.ocx,106547,1,,False,False,False,False,True,False,Archive,DosWindows,2001-08-23 18:00:00.0000000,,2001-08-23 18:00:00.0000000,,2004-08-19 17:02:17.5778288,2001-08-23 18:00:00.0000000,2004-08-19 22:45:28.1319120,2004-08-19 00:00:00.0000000,0,23298762,0,,,,/evidence/windows-ntfs-mft-nist/nist-hacking-case.mft,,,
1654,1654,True,459,459,.\WINDOWS\system32,msscp.dll,.dll,245760,1,,False,False,False,False,True,False,Archive,DosWindows,2001-08-23 18:00:00.0000000,,2001-08-23 18:00:00.0000000,,2004-08-19 17:02:17.5678144,2001-08-23 18:00:00.0000000,2004-08-19 22:45:28.0517968,2004-08-19 00:00:00.0000000,0,23298733,0,,,,/evidence/windows-ntfs-mft-nist/nist-hacking-case.mft,,,
1655,1655,True,459,459,.\WINDOWS\system32,mssign32.dll,.dll,35840,1,,False,False,False,False,True,False,Archive,DosWindows,2001-08-23 18:00:00.0000000,,2001-08-23 18:00:00.0000000,,2004-08-19 17:02:17.5778288,2001-08-23 18:00:00.0000000,2004-08-19 22:45:28.1719696,2004-08-19 00:00:00.0000000,0,23298791,0,,,,/evidence/windows-ntfs-mft-nist/nist-hacking-case.mft,,,
1656,1656,True,459,459,.\WINDOWS\system32,mssip32.dll,.dll,4608,1,,False,False,False,False,True,False,Archive,DosWindows,2001-08-23 18:00:00.0000000,,2001-08-23 18:00:00.0000000,,2004-08-19 17:02:17.5778288,2001-08-23 18:00:00.0000000,2004-08-19 22:41:02.7102544,2004-08-19 00:00:00.0000000,0,19327096,0,,,,/evidence/windows-ntfs-mft-nist/nist-hacking-case.mft,,,
1657,1657,True,459,459,.\WINDOWS\system32,msswch.dll,.dll,13312,1,,False,False,False,False,True,False,Archive,DosWindows,2001-08-23 18:00:00.0000000,,2001-08-23 18:00:00.0000000,,2004-08-19 17:02:17.5778288,2001-08-23 18:00:00.0000000,2004-08-19 22:45:28.5224736,2004-08-19 00:00:00.0000000,0,23298890,0,,,,/evidence/windows-ntfs-mft-nist/nist-hacking-case.mft,,,
1658,1658,True,459,459,.\WINDOWS\system32,msswchx.exe,.exe,6656,1,,False,False,False,False,True,False,Archive,DosWindows,2001-08-23 18:00:00.0000000,,2001-08-23 18:00:00.0000000,,2004-08-19 17:02:17.5778288,2001-08-23 18:00:00.0000000,2004-08-19 22:45:28.7127472,2004-08-19 00:00:00.0000000,0,23298919,0,,,,/evidence/windows-ntfs-mft-nist/nist-hacking-case.mft,,,
1659,1659,True,459,459,.\WINDOWS\system32,mstime.dll,.dll,497152,1,,False,False,False,False,True,False,Archive,DosWindows,2001-08-23 18:00:00.0000000,,2001-08-23 18:00:00.0000000,,2004-08-19 17:02:17.5878432,2001-08-23 18:00:00.0000000,2004-08-19 22:45:29.2535248,2004-08-19 00:00:00.0000000,0,23300971,0,,,,/evidence/windows-ntfs-mft-nist/nist-hacking-case.mft,,,
1660,1660,True,459,459,.\WINDOWS\system32,mstvca.dll,.dll,364544,1,,False,False,False,False,True,False,Archive,DosWindows,2001-08-23 18:00:00.0000000,,2001-08-23 18:00:00.0000000,,2004-08-19 17:02:17.5878432,2001-08-23 18:00:00.0000000,2004-08-19 22:45:30.2749936,2004-08-19 00:00:00.0000000,0,23301370,0,,,,/evidence/windows-ntfs-mft-nist/nist-hacking-case.mft,,,
1661,1661,True,459,459,.\WINDOWS\system32,mstvgs.dll,.dll,308736,1,,False,False,False,False,True,False,Archive,DosWindows,2001-08-23 18:00:00.0000000,,2001-08-23 18:00:00.0000000,,2004-08-19 17:02:17.5878432,2001-08-23 18:00:00.0000000,2004-08-19 22:45:30.3751376,2004-08-19 00:00:00.0000000,0,23301399,0,,,,/evidence/windows-ntfs-mft-nist/nist-hacking-case.mft,,,
1662,1662,True,459,459,.\WINDOWS\system32,msvbvm50.dll,.dll,1355776,1,,False,False,False,False,True,False,Archive,DosWindows,2001-08-23 18:00:00.0000000,,2001-08-23 18:00:00.0000000,,2004-08-19 17:02:17.5978576,2001-08-23 18:00:00.0000000,2004-08-19 22:32:18.9671488,2004-08-19 00:00:00.0000000,0,16864096,0,,,,/evidence/windows-ntfs-mft-nist/nist-hacking-case.mft,,,
1663,1663,True,459,459,.\WINDOWS\system32,msvbvm60.dll,.dll,1388544,1,,False,False,False,False,True,False,None,DosWindows,2001-08-23 18:00:00.0000000,,2001-08-23 18:00:00.0000000,,2004-08-20 15:13:06.6532320,2001-08-23 18:00:00.0000000,2004-08-25 15:27:30.5052240,2004-08-19 00:00:00.0000000,0,36698209,0,,,,/evidence/windows-ntfs-mft-nist/nist-hacking-case.mft,,,
1664,1664,True,459,459,.\WINDOWS\system32,msvcirt.dll,.dll,50688,1,,False,False,False,False,True,False,Archive,DosWindows,2001-08-23 18:00:00.0000000,,2001-08-23 18:00:00.0000000,,2004-08-19 17:02:17.6078720,2001-08-23 18:00:00.0000000,2004-08-25 15:21:59.3900384,2004-08-19 00:00:00.0000000,0,36637901,0,,,,/evidence/windows-ntfs-mft-nist/nist-hacking-case.mft,,,
1665,1665,True,459,459,.\WINDOWS\system32,msvcp50.dll,.dll,565760,1,,False,False,False,False,True,False,Archive,DosWindows,2001-08-23 18:00:00.0000000,,2001-08-23 18:00:00.0000000,,2004-08-19 17:02:17.6078720,2001-08-23 18:00:00.0000000,2004-08-19 22:45:31.7270816,2004-08-19 00:00:00.0000000,0,23304480,0,,,,/evidence/windows-ntfs-mft-nist/nist-hacking-case.mft,,,
1666,1666,True,459,459,.\WINDOWS\system32,msvcrt40.dll,.dll,65024,1,,False,False,False,False,True,False,None,DosWindows,2001-08-23 18:00:00.0000000,,2001-08-23 18:00:00.0000000,,2004-08-20 15:13:07.2540960,2001-08-23 18:00:00.0000000,2004-08-25 15:21:59.2698656,2004-08-19 00:00:00.0000000,0,36637838,0,,,,/evidence/windows-ntfs-mft-nist/nist-hacking-case.mft,,,
1667,1667,True,459,459,.\WINDOWS\system32,msvidc32.dll,.dll,25600,1,,False,False,False,False,True,False,Archive,DosWindows,2001-08-23 18:00:00.0000000,,2001-08-23 18:00:00.0000000,,2004-08-19 17:02:17.6178864,2001-08-23 18:00:00.0000000,2004-08-26 15:51:46.4525440,2004-08-19 00:00:00.0000000,0,37893328,0,,,,/evidence/windows-ntfs-mft-nist/nist-hacking-case.mft,,,
1668,1668,True,459,459,.\WINDOWS\system32,msvidctl.dll,.dll,979968,1,,False,False,False,False,True,False,Archive,DosWindows,2001-08-23 18:00:00.0000000,,2001-08-23 18:00:00.0000000,,2004-08-19 17:02:17.6279008,2001-08-23 18:00:00.0000000,2004-08-19 22:45:32.3680032,2004-08-19 00:00:00.0000000,0,23322425,0,,,,/evidence/windows-ntfs-mft-nist/nist-hacking-case.mft,,,
1669,1669,True,459,459,.\WINDOWS\system32,msvideo.dll,.dll,126912,1,,False,False,False,False,True,False,Archive,DosWindows,2001-08-23 18:00:00.0000000,,2001-08-23 18:00:00.0000000,,2004-08-19 17:02:17.6279008,2001-08-23 18:00:00.0000000,2004-08-19 00:00:00.0000000,,0,9624825,0,,,,/evidence/windows-ntfs-mft-nist/nist-hacking-case.mft,,,
1670,1670,True,459,459,.\WINDOWS\system32,msw3prt.dll,.dll,66048,1,,False,False,False,False,True,False,Archive,DosWindows,2001-08-23 18:00:00.0000000,,2001-08-23 18:00:00.0000000,,2004-08-19 17:02:17.6279008,2001-08-23 18:00:00.0000000,2004-08-19 22:45:32.8086368,2004-08-19 00:00:00.0000000,0,23327241,0,,,,/evidence/windows-ntfs-mft-nist/nist-hacking-case.mft,,,
1671,1671,True,459,459,.\WINDOWS\system32,mswdat10.dll,.dll,831562,1,,False,False,False,False,True,False,Archive,DosWindows,2001-08-23 18:00:00.0000000,,2001-08-23 18:00:00.0000000,,2004-08-19 17:02:17.6279008,2001-08-23 18:00:00.0000000,2004-08-19 22:41:40.4244848,2004-08-19 00:00:00.0000000,0,19839672,0,,,,/evidence/windows-ntfs-mft-nist/nist-hacking-case.mft,,,
1672,1672,True,459,459,.\WINDOWS\system32,mswebdvd.dll,.dll,243712,1,,False,False,False,False,True,False,Archive,DosWindows,2001-08-23 18:00:00.0000000,,2001-08-23 18:00:00.0000000,,2004-08-19 17:02:17.6379152,2001-08-23 18:00:00.0000000,2004-08-19 22:45:32.9288096,2004-08-19 00:00:00.0000000,0,23332493,0,,,,/evidence/windows-ntfs-mft-nist/nist-hacking-case.mft,,,
1673,1673,True,459,459,.\WINDOWS\system32,mswmdm.dll,.dll,155648,1,,False,False,False,False,True,False,Archive,DosWindows,2001-08-23 18:00:00.0000000,,2001-08-23 18:00:00.0000000,,2004-08-19 17:02:17.6379152,2001-08-23 18:00:00.0000000,2004-08-19 22:45:32.9688672,2004-08-19 00:00:00.0000000,0,23332522,0,,,,/evidence/windows-ntfs-mft-nist/nist-hacking-case.mft,,,
1674,1674,True,459,459,.\WINDOWS\system32,mswstr10.dll,.dll,614474,1,,False,False,False,False,True,False,Archive,DosWindows,2001-08-23 18:00:00.0000000,,2001-08-23 18:00:00.0000000,,2004-08-19 17:02:17.6379152,2001-08-23 18:00:00.0000000,2004-08-19 22:41:41.0854352,2004-08-19 00:00:00.0000000,0,19894323,0,,,,/evidence/windows-ntfs-mft-nist/nist-hacking-case.mft,,,
1675,1675,True,459,459,.\WINDOWS\system32,msxml2.dll,.dll,688667,1,,False,False,False,False,True,False,Archive,DosWindows,2001-08-23 18:00:00.0000000,,2001-08-23 18:00:00.0000000,,2004-08-19 17:02:17.6479296,2001-08-23 18:00:00.0000000,2004-08-19 22:45:33.6999184,2004-08-19 00:00:00.0000000,0,23332580,0,,,,/evidence/windows-ntfs-mft-nist/nist-hacking-case.mft,,,
1676,1676,True,459,459,.\WINDOWS\system32,msxml2r.dll,.dll,37916,1,,False,False,False,False,True,False,Archive,DosWindows,2001-08-23 18:00:00.0000000,,2001-08-23 18:00:00.0000000,,2004-08-19 17:02:17.6479296,2001-08-23 18:00:00.0000000,2004-08-19 22:33:14.5470688,2004-08-19 00:00:00.0000000,0,16878967,0,,,,/evidence/windows-ntfs-mft-nist/nist-hacking-case.mft,,,
1677,1677,True,459,459,.\WINDOWS\system32,msxml3.dll,.dll,1118720,1,,False,False,False,False,True,False,Archive,DosWindows,2001-08-23 18:00:00.0000000,,2001-08-23 18:00:00.0000000,,2004-08-19 17:02:17.6479296,2001-08-23 18:00:00.0000000,2004-08-27 15:32:43.6272880,2004-08-19 00:00:00.0000000,0,39234779,0,,,,/evidence/windows-ntfs-mft-nist/nist-hacking-case.mft,,,
1678,1678,True,459,459,.\WINDOWS\system32,msxml3r.dll,.dll,44032,1,,False,False,False,False,True,False,Archive,DosWindows,2001-08-23 18:00:00.0000000,,2001-08-23 18:00:00.0000000,,2004-08-19 17:02:17.6479296,2001-08-23 18:00:00.0000000,2004-08-27 15:32:43.7775040,2004-08-19 00:00:00.0000000,0,39234840,0,,,,/evidence/windows-ntfs-mft-nist/nist-hacking-case.mft,,,
1679,1679,True,459,459,.\WINDOWS\system32,msyuv.dll,.dll,16384,1,,False,False,False,False,True,False,Archive,DosWindows,2001-08-17 22:36:26.0000000,,2001-08-23 18:00:00.0000000,,2004-08-19 17:02:17.6579440,2001-08-23 18:00:00.0000000,2004-08-26 15:51:46.4825872,2004-08-19 00:00:00.0000000,0,37893389,0,,,,/evidence/windows-ntfs-mft-nist/nist-hacking-case.mft,,,
1680,1681,True,4769,1,.\Documents and Settings\All Users\Start Menu\Programs\Accessories,WordPad.lnk,.lnk,783,1,,False,False,False,False,False,False,Archive,DosWindows,2004-08-19 22:27:01.0299776,,2004-08-19 22:27:01.0700352,2004-08-19 22:27:01.0299776,2004-08-19 22:27:01.0700352,2004-08-19 22:27:01.0299776,2004-08-19 23:05:09.1026704,2004-08-19 22:27:01.0299776,0,27095486,0,,,,/evidence/windows-ntfs-mft-nist/nist-hacking-case.mft,,,
1681,1681,True,459,459,.\WINDOWS\system32,mtxclu.dll,.dll,61440,1,,False,False,False,False,True,False,Archive,DosWindows,2001-08-23 18:00:00.0000000,,2001-08-23 18:00:00.0000000,,2004-08-19 17:02:17.6579440,2001-08-23 18:00:00.0000000,2004-08-27 15:08:18.9079072,2004-08-19 00:00:00.0000000,0,38005846,0,,,,/evidence/windows-ntfs-mft-nist/nist-hacking-case.mft,,,
1682,1682,True,459,459,.\WINDOWS\system32,mycomput.dll,.dll,90112,1,,False,False,False,False,True,False,Archive,DosWindows,2001-08-23 18:00:00.0000000,,2001-08-23 18:00:00.0000000,,2004-08-19 23:05:15.0512240,2001-08-23 18:00:00.0000000,2004-08-20 15:50:26.1946771,2004-08-19 00:00:00.0000000,0,31213284,0,,,,/evidence/windows-ntfs-mft-nist/nist-hacking-case.mft,,,
1683,1683,True,459,459,.\WINDOWS\system32,narrator.exe,.exe,51200,1,,False,False,False,False,True,False,Archive,DosWindows,2001-08-23 18:00:00.0000000,,2001-08-23 18:00:00.0000000,,2004-08-19 23:05:05.9381200,2001-08-23 18:00:00.0000000,2004-08-19 22:45:38.0461680,2004-08-19 00:00:00.0000000,0,27014464,0,,,,/evidence/windows-ntfs-mft-nist/nist-hacking-case.mft,,,
1684,1684,True,459,459,.\WINDOWS\system32,narrhook.dll,.dll,35840,1,,False,False,False,False,True,False,Archive,DosWindows,2001-08-23 18:00:00.0000000,,2001-08-23 18:00:00.0000000,,2004-08-19 17:02:17.6779728,2001-08-23 18:00:00.0000000,2004-08-19 22:45:38.0762112,2004-08-19 00:00:00.0000000,0,23398029,0,,,,/evidence/windows-ntfs-mft-nist/nist-hacking-case.mft,,,
1685,1685,True,459,459,.\WINDOWS\system32,nbtstat.exe,.exe,20480,1,,False,False,False,False,True,False,Archive,DosWindows,2001-08-23 18:00:00.0000000,,2001-08-23 18:00:00.0000000,,2004-08-19 17:02:17.6779728,2001-08-23 18:00:00.0000000,2004-08-19 22:45:38.0862256,2004-08-19 00:00:00.0000000,0,23249081,0,,,,/evidence/windows-ntfs-mft-nist/nist-hacking-case.mft,,,
1686,1686,True,459,459,.\WINDOWS\system32,ncxpnt.dll,.dll,7680,1,,False,False,False,False,True,False,Archive,DosWindows,2001-08-23 18:00:00.0000000,,2001-08-23 18:00:00.0000000,,2004-08-19 17:02:17.6879872,2001-08-23 18:00:00.0000000,2004-08-19 22:45:38.2764992,2004-08-19 00:00:00.0000000,0,23251987,0,,,,/evidence/windows-ntfs-mft-nist/nist-hacking-case.mft,,,
1687,1687,True,459,459,.\WINDOWS\system32,ncpa.cpl,.cpl,35840,1,,False,False,False,False,True,False,Archive,DosWindows,2001-08-23 18:00:00.0000000,,2001-08-23 18:00:00.0000000,,2004-08-19 17:02:17.6779728,2001-08-23 18:00:00.0000000,2004-08-20 15:18:30.7192160,2004-08-19 00:00:00.0000000,0,37868217,0,,,,/evidence/windows-ntfs-mft-nist/nist-hacking-case.mft,,,
1688,1688,True,459,459,.\WINDOWS\system32,nddeapir.exe,.exe,4096,1,,False,False,False,False,True,False,Archive,DosWindows,2001-08-23 18:00:00.0000000,,2001-08-23 18:00:00.0000000,,2004-08-19 17:02:17.6879872,2001-08-23 18:00:00.0000000,2004-08-19 22:45:38.3466000,2004-08-19 00:00:00.0000000,0,23398093,0,,,,/evidence/windows-ntfs-mft-nist/nist-hacking-case.mft,,,
1689,1689,True,459,459,.\WINDOWS\system32,nddenb32.dll,.dll,16384,1,,False,False,False,False,True,False,Archive,DosWindows,2001-08-23 18:00:00.0000000,,2001-08-23 18:00:00.0000000,,2004-08-19 17:02:17.6879872,2001-08-23 18:00:00.0000000,2004-08-19 22:45:38.3566144,2004-08-19 00:00:00.0000000,0,23398122,0,,,,/evidence/windows-ntfs-mft-nist/nist-hacking-case.mft,,,
1690,1690,True,459,459,.\WINDOWS\system32,ndptsp.tsp,.tsp,52736,1,,False,False,False,False,True,False,Archive,DosWindows,2001-08-23 18:00:00.0000000,,2001-08-23 18:00:00.0000000,,2004-08-19 17:02:17.6879872,2001-08-23 18:00:00.0000000,2004-08-27 15:08:45.7356608,2004-08-19 00:00:00.0000000,0,38078493,0,,,,/evidence/windows-ntfs-mft-nist/nist-hacking-case.mft,,,
1691,1691,True,459,459,.\WINDOWS\system32,netapi.dll,.dll,108464,1,,False,False,False,False,True,False,Archive,DosWindows,2001-08-23 18:00:00.0000000,,2001-08-23 18:00:00.0000000,,2004-08-19 17:02:17.6980016,2001-08-23 18:00:00.0000000,2004-08-19 22:45:39.2078384,2004-08-19 00:00:00.0000000,0,23420871,0,,,,/evidence/windows-ntfs-mft-nist/nist-hacking-case.mft,,,
1692,1692,True,459,459,.\WINDOWS\system32,netcfgx.dll,.dll,584704,1,,False,False,False,False,True,False,Archive,DosWindows,2001-08-23 18:00:00.0000000,,2001-08-23 18:00:00.0000000,,2004-08-20 15:18:50.8481600,2001-08-23 18:00:00.0000000,2004-08-27 15:08:43.9631120,2004-08-19 00:00:00.0000000,0,38077928,0,,,,/evidence/windows-ntfs-mft-nist/nist-hacking-case.mft,,,
1693,1693,True,459,459,.\WINDOWS\system32,netdde.exe,.exe,105984,1,,False,False,False,False,True,False,Archive,DosWindows,2001-08-23 18:00:00.0000000,,2001-08-23 18:00:00.0000000,,2004-08-19 17:02:17.7080160,2001-08-23 18:00:00.0000000,2004-08-19 22:45:40.1391776,2004-08-19 00:00:00.0000000,0,23433754,0,,,,/evidence/windows-ntfs-mft-nist/nist-hacking-case.mft,,,
1694,1694,True,459,459,.\WINDOWS\system32,neth.dll,.dll,253952,1,,False,False,False,False,True,False,Archive,DosWindows,2001-08-23 18:00:00.0000000,,2001-08-23 18:00:00.0000000,,2004-08-19 17:02:17.7080160,2001-08-23 18:00:00.0000000,2004-08-19 22:45:40.3494800,2004-08-19 00:00:00.0000000,0,23439306,0,,,,/evidence/windows-ntfs-mft-nist/nist-hacking-case.mft,,,
1695,1695,True,459,459,.\WINDOWS\system32,netid.dll,.dll,134656,1,,False,False,False,False,True,False,Archive,DosWindows,2001-08-23 18:00:00.0000000,,2001-08-23 18:00:00.0000000,,2004-08-19 17:02:17.7180304,2001-08-23 18:00:00.0000000,2004-08-20 15:23:18.7445187,2004-08-19 00:00:00.0000000,0,37868019,0,,,,/evidence/windows-ntfs-mft-nist/nist-hacking-case.mft,,,
1696,1696,True,459,459,.\WINDOWS\system32,netplwiz.dll,.dll,857600,1,,False,False,False,False,True,False,Archive,DosWindows,2001-08-23 18:00:00.0000000,,2001-08-23 18:00:00.0000000,,2004-08-25 15:22:34.5696896,2001-08-23 18:00:00.0000000,2004-08-25 15:25:48.3683584,2004-08-19 00:00:00.0000000,0,36654050,0,,,,/evidence/windows-ntfs-mft-nist/nist-hacking-case.mft,,,
1697,1697,True,459,459,.\WINDOWS\system32,netsh.exe,.exe,82944,1,,False,False,False,False,True,False,Archive,DosWindows,2001-08-23 18:00:00.0000000,,2001-08-23 18:00:00.0000000,,2004-08-19 17:02:17.7280448,2001-08-23 18:00:00.0000000,2004-08-19 22:45:41.7715248,2004-08-19 00:00:00.0000000,0,23451755,0,,,,/evidence/windows-ntfs-mft-nist/nist-hacking-case.mft,,,
1698,1698,True,459,459,.\WINDOWS\system32,netstat.exe,.exe,30720,1,,False,False,False,False,True,False,Archive,DosWindows,2001-08-23 18:00:00.0000000,,2001-08-23 18:00:00.0000000,,2004-08-19 17:02:17.7380592,2001-08-23 18:00:00.0000000,2004-08-19 22:45:42.2021440,2004-08-19 00:00:00.0000000,0,23301983,0,,,,/evidence/windows-ntfs-mft-nist/nist-hacking-case.mft,,,
1699,1699,True,459,459,.\WINDOWS\system32,netware.drv,.drv,2656,1,,False,False,False,False,True,False,Archive,DosWindows,2001-08-23 18:00:00.0000000,,2001-08-23 18:00:00.0000000,,2004-08-19 17:02:17.7480736,2001-08-23 18:00:00.0000000,2004-08-19 00:00:00.0000000,,0,9631938,0,,,,/evidence/windows-ntfs-mft-nist/nist-hacking-case.mft,,,
1700,1700,True,459,459,.\WINDOWS\system32,newdev.dll,.dll,238080,1,,False,False,False,False,True,False,Archive,DosWindows,2001-08-23 18:00:00.0000000,,2001-08-23 18:00:00.0000000,,2004-08-19 17:02:17.7480736,2001-08-23 18:00:00.0000000,2004-08-27 15:31:18.5157536,2004-08-19 00:00:00.0000000,0,39285383,0,,,,/evidence/windows-ntfs-mft-nist/nist-hacking-case.mft,,,
1701,1701,True,459,459,.\WINDOWS\system32,nlhtml.dll,.dll,91136,1,,False,False,False,False,True,False,Archive,DosWindows,2001-08-23 18:00:00.0000000,,2001-08-23 18:00:00.0000000,,2004-08-19 17:02:17.7480736,2001-08-23 18:00:00.0000000,2004-08-19 22:45:44.8659744,2004-08-19 00:00:00.0000000,0,23551301,0,,,,/evidence/windows-ntfs-mft-nist/nist-hacking-case.mft,,,
1702,1702,True,459,459,.\WINDOWS\system32,nlsfunc.exe,.exe,7052,1,,False,False,False,False,True,False,Archive,DosWindows,2001-08-23 18:00:00.0000000,,2001-08-23 18:00:00.0000000,,2004-08-19 17:02:17.7480736,2001-08-23 18:00:00.0000000,2004-08-19 22:45:47.3395312,2004-08-19 00:00:00.0000000,0,23356057,0,,,,/evidence/windows-ntfs-mft-nist/nist-hacking-case.mft,,,
1703,1703,True,459,459,.\WINDOWS\system32,noise.dat,.dat,741,1,,False,False,False,False,True,False,Archive,DosWindows,2001-08-23 18:00:00.0000000,,2001-08-23 18:00:00.0000000,,2004-08-19 17:02:17.7580880,2001-08-23 18:00:00.0000000,2004-08-19 00:00:00.0000000,,0,9632700,0,,,,/evidence/windows-ntfs-mft-nist/nist-hacking-case.mft,,,
1704,1704,True,459,459,.\WINDOWS\system32,noise.deu,.deu,149848,1,,False,False,False,False,True,False,Archive,DosWindows,2001-08-23 18:00:00.0000000,,2001-08-23 18:00:00.0000000,,2004-08-19 17:02:17.7580880,2001-08-23 18:00:00.0000000,2004-08-19 00:00:00.0000000,,0,9632828,0,,,,/evidence/windows-ntfs-mft-nist/nist-hacking-case.mft,,,
1705,1705,True,459,459,.\WINDOWS\system32,noise.eng,.eng,751,1,,False,False,False,False,True,False,Archive,DosWindows,2001-08-23 18:00:00.0000000,,2001-08-23 18:00:00.0000000,,2004-08-19 17:02:17.7580880,2001-08-23 18:00:00.0000000,2004-08-19 00:00:00.0000000,,0,9632943,0,,,,/evidence/windows-ntfs-mft-nist/nist-hacking-case.mft,,,
1706,1706,True,459,459,.\WINDOWS\system32,noise.enu,.enu,751,1,,False,False,False,False,True,False,Archive,DosWindows,2001-08-23 18:00:00.0000000,,2001-08-23 18:00:00.0000000,,2004-08-19 17:02:17.7781168,2001-08-23 18:00:00.0000000,2004-08-19 00:00:00.0000000,,0,9633152,0,,,,/evidence/windows-ntfs-mft-nist/nist-hacking-case.mft,,,
1707,1707,True,459,459,.\WINDOWS\system32,noise.esn,.esn,19684,1,,False,False,False,False,True,False,Archive,DosWindows,2001-08-23 18:00:00.0000000,,2001-08-23 18:00:00.0000000,,2004-08-19 17:02:17.7881312,2001-08-23 18:00:00.0000000,2004-08-19 00:00:00.0000000,,0,9633267,0,,,,/evidence/windows-ntfs-mft-nist/nist-hacking-case.mft,,,
1708,1708,True,459,459,.\WINDOWS\system32,noise.fra,.fra,49196,1,,False,False,False,False,True,False,Archive,DosWindows,2001-08-23 18:00:00.0000000,,2001-08-23 18:00:00.0000000,,2004-08-19 17:02:17.7881312,2001-08-23 18:00:00.0000000,2004-08-19 00:00:00.0000000,,0,9633454,0,,,,/evidence/windows-ntfs-mft-nist/nist-hacking-case.mft,,,
1709,1709,True,459,459,.\WINDOWS\system32,noise.ita,.ita,19618,1,,False,False,False,False,True,False,Archive,DosWindows,2001-08-23 18:00:00.0000000,,2001-08-23 18:00:00.0000000,,2004-08-19 17:02:17.7981456,2001-08-23 18:00:00.0000000,2004-08-19 00:00:00.0000000,,0,9633569,0,,,,/evidence/windows-ntfs-mft-nist/nist-hacking-case.mft,,,
1710,1710,True,459,459,.\WINDOWS\system32,noise.nld,.nld,13256,1,,False,False,False,False,True,False,Archive,DosWindows,2001-08-23 18:00:00.0000000,,2001-08-23 18:00:00.0000000,,2004-08-19 17:02:17.7981456,2001-08-23 18:00:00.0000000,2004-08-19 00:00:00.0000000,,0,9633684,0,,,,/evidence/windows-ntfs-mft-nist/nist-hacking-case.mft,,,
1711,1711,True,459,459,.\WINDOWS\system32,noise.sve,.sve,13730,1,,False,False,False,False,True,False,Archive,DosWindows,2001-08-23 18:00:00.0000000,,2001-08-23 18:00:00.0000000,,2004-08-19 17:02:17.7981456,2001-08-23 18:00:00.0000000,2004-08-19 00:00:00.0000000,,0,9633811,0,,,,/evidence/windows-ntfs-mft-nist/nist-hacking-case.mft,,,
1712,1712,True,459,459,.\WINDOWS\system32,npptools.dll,.dll,49152,1,,False,False,False,False,True,False,Archive,DosWindows,2001-08-23 18:00:00.0000000,,2001-08-23 18:00:00.0000000,,2004-08-19 17:02:17.8081600,2001-08-23 18:00:00.0000000,2004-08-19 22:45:50.1836208,2004-08-19 00:00:00.0000000,0,23626831,0,,,,/evidence/windows-ntfs-mft-nist/nist-hacking-case.mft,,,
1713,1713,True,459,459,.\WINDOWS\system32,nslookup.exe,.exe,71680,1,,False,False,False,False,True,False,Archive,DosWindows,2001-08-23 18:00:00.0000000,,2001-08-23 18:00:00.0000000,,2004-08-19 17:02:17.8181744,2001-08-23 18:00:00.0000000,2004-08-19 22:45:51.1450032,2004-08-19 00:00:00.0000000,0,23626860,0,,,,/evidence/windows-ntfs-mft-nist/nist-hacking-case.mft,,,
1714,1714,True,459,459,.\WINDOWS\system32,ntbackup.exe,.exe,1135616,1,,False,False,False,False,True,False,Archive,DosWindows,2001-08-23 18:00:00.0000000,,2001-08-23 18:00:00.0000000,,2004-08-19 23:05:14.5004320,2001-08-23 18:00:00.0000000,2004-08-20 15:18:02.9492848,2004-08-19 00:00:00.0000000,0,29719494,0,,,,/evidence/windows-ntfs-mft-nist/nist-hacking-case.mft,,,
1715,1715,True,459,459,.\WINDOWS\system32,ntdos.sys,.sys,27866,1,,False,False,False,False,True,False,Archive,DosWindows,2001-08-23 18:00:00.0000000,,2001-08-23 18:00:00.0000000,,2004-08-19 17:02:17.8281888,2001-08-23 18:00:00.0000000,2004-08-19 22:45:51.7759104,2004-08-19 00:00:00.0000000,0,23626918,0,,,,/evidence/windows-ntfs-mft-nist/nist-hacking-case.mft,,,
1716,1716,True,459,459,.\WINDOWS\system32,ntdos411.sys,.sys,29370,1,,False,False,False,False,True,False,Archive,DosWindows,2001-08-23 18:00:00.0000000,,2001-08-23 18:00:00.0000000,,2004-08-19 17:02:17.8281888,2001-08-23 18:00:00.0000000,2004-08-19 22:45:51.9161120,2004-08-19 00:00:00.0000000,0,23626976,0,,,,/evidence/windows-ntfs-mft-nist/nist-hacking-case.mft,,,
1717,1717,True,459,459,.\WINDOWS\system32,ntdos412.sys,.sys,29274,1,,False,False,False,False,True,False,Archive,DosWindows,2001-08-23 18:00:00.0000000,,2001-08-23 18:00:00.0000000,,2004-08-19 17:02:17.8281888,2001-08-23 18:00:00.0000000,2004-08-19 22:45:51.9261264,2004-08-19 00:00:00.0000000,0,23417836,0,,,,/evidence/windows-ntfs-mft-nist/nist-hacking-case.mft,,,
1718,1718,True,459,459,.\WINDOWS\system32,ntdos404.sys,.sys,29146,1,,False,False,False,False,True,False,Archive,DosWindows,2001-08-23 18:00:00.0000000,,2001-08-23 18:00:00.0000000,,2004-08-19 17:02:17.8281888,2001-08-23 18:00:00.0000000,2004-08-19 22:45:51.8760544,2004-08-19 00:00:00.0000000,0,23626947,0,,,,/evidence/windows-ntfs-mft-nist/nist-hacking-case.mft,,,
1719,1719,True,459,459,.\WINDOWS\system32,ntdos804.sys,.sys,29146,1,,False,False,False,False,True,False,Archive,DosWindows,2001-08-23 18:00:00.0000000,,2001-08-23 18:00:00.0000000,,2004-08-19 17:02:17.8382032,2001-08-23 18:00:00.0000000,2004-08-19 22:45:51.9461552,2004-08-19 00:00:00.0000000,0,23653453,0,,,,/evidence/windows-ntfs-mft-nist/nist-hacking-case.mft,,,
1720,1720,True,459,459,.\WINDOWS\system32,ntio404.sys,.sys,34528,1,,False,False,False,False,True,False,Archive,DosWindows,2001-08-23 18:00:00.0000000,,2001-08-23 18:00:00.0000000,,2004-08-19 17:02:17.8482176,2001-08-23 18:00:00.0000000,2004-08-19 22:45:53.3381568,2004-08-19 00:00:00.0000000,0,23430008,0,,,,/evidence/windows-ntfs-mft-nist/nist-hacking-case.mft,,,
1721,1721,True,459,459,.\WINDOWS\system32,ntio411.sys,.sys,35632,1,,False,False,False,False,True,False,Archive,DosWindows,2001-08-23 18:00:00.0000000,,2001-08-23 18:00:00.0000000,,2004-08-19 17:02:17.8482176,2001-08-23 18:00:00.0000000,2004-08-19 22:45:53.3581856,2004-08-19 00:00:00.0000000,0,23653546,0,,,,/evidence/windows-ntfs-mft-nist/nist-hacking-case.mft,,,
1722,1722,True,459,459,.\WINDOWS\system32,ntio412.sys,.sys,35392,1,,False,False,False,False,True,False,Archive,DosWindows,2001-08-23 18:00:00.0000000,,2001-08-23 18:00:00.0000000,,2004-08-19 17:02:17.8482176,2001-08-23 18:00:00.0000000,2004-08-19 22:45:53.3982432,2004-08-19 00:00:00.0000000,0,23653575,0,,,,/evidence/windows-ntfs-mft-nist/nist-hacking-case.mft,,,
1723,1723,True,459,459,.\WINDOWS\system32,ntio804.sys,.sys,34528,1,,False,False,False,False,True,False,Archive,DosWindows,2001-08-23 18:00:00.0000000,,2001-08-23 18:00:00.0000000,,2004-08-19 17:02:17.8482176,2001-08-23 18:00:00.0000000,2004-08-19 22:45:53.4182720,2004-08-19 00:00:00.0000000,0,23653604,0,,,,/evidence/windows-ntfs-mft-nist/nist-hacking-case.mft,,,
1724,1724,True,459,459,.\WINDOWS\system32,ntlanui.dll,.dll,57856,1,,False,False,False,False,True,False,Archive,DosWindows,2001-08-23 18:00:00.0000000,,2001-08-23 18:00:00.0000000,,2004-08-19 17:02:17.8582320,2001-08-23 18:00:00.0000000,2004-08-19 22:45:55.0105616,2004-08-19 00:00:00.0000000,0,23683592,0,,,,/evidence/windows-ntfs-mft-nist/nist-hacking-case.mft,,,
1725,1725,True,459,459,.\WINDOWS\system32,ntlanui2.dll,.dll,14336,1,,False,False,False,False,True,False,Archive,DosWindows,2001-08-23 18:00:00.0000000,,2001-08-23 18:00:00.0000000,,2004-08-19 17:02:17.8582320,2001-08-23 18:00:00.0000000,2004-08-19 22:45:55.0205760,2004-08-19 00:00:00.0000000,0,23448595,0,,,,/evidence/windows-ntfs-mft-nist/nist-hacking-case.mft,,,
1726,1726,True,459,459,.\WINDOWS\system32,ntlsapi.dll,.dll,6656,1,,False,False,False,False,True,False,Archive,DosWindows,2001-08-23 18:00:00.0000000,,2001-08-23 18:00:00.0000000,,2004-08-19 17:02:17.8582320,2001-08-23 18:00:00.0000000,2004-08-27 15:08:46.1362368,2004-08-19 00:00:00.0000000,0,38078859,0,,,,/evidence/windows-ntfs-mft-nist/nist-hacking-case.mft,,,
1727,1727,True,459,459,.\WINDOWS\system32,ntmsapi.dll,.dll,37376,1,,False,False,False,False,True,False,Archive,DosWindows,2001-08-23 18:00:00.0000000,,2001-08-23 18:00:00.0000000,,2004-08-19 17:02:17.8682464,2001-08-23 18:00:00.0000000,2004-08-19 22:45:55.1107056,2004-08-19 00:00:00.0000000,0,23683650,0,,,,/evidence/windows-ntfs-mft-nist/nist-hacking-case.mft,,,
1728,1728,True,459,459,.\WINDOWS\system32,ntmsdba.dll,.dll,165888,1,,False,False,False,False,True,False,Archive,DosWindows,2001-08-23 18:00:00.0000000,,2001-08-23 18:00:00.0000000,,2004-08-19 17:02:17.8682464,2001-08-23 18:00:00.0000000,2004-08-19 22:45:55.2208640,2004-08-19 00:00:00.0000000,0,23683679,0,,,,/evidence/windows-ntfs-mft-nist/nist-hacking-case.mft,,,
1729,1729,True,459,459,.\WINDOWS\system32,ntmsevt.dll,.dll,36864,1,,False,False,False,False,True,False,Archive,DosWindows,2001-08-23 18:00:00.0000000,,2001-08-23 18:00:00.0000000,,2004-08-19 17:02:17.8682464,2001-08-23 18:00:00.0000000,2004-08-19 22:45:55.2609216,2004-08-19 00:00:00.0000000,0,23683708,0,,,,/evidence/windows-ntfs-mft-nist/nist-hacking-case.mft,,,
1730,1730,True,459,459,.\WINDOWS\system32,ntmsmgr.dll,.dll,460288,1,,False,False,False,False,True,False,Archive,DosWindows,2001-08-23 18:00:00.0000000,,2001-08-23 18:00:00.0000000,,2004-08-19 17:02:17.8782608,2001-08-23 18:00:00.0000000,2004-08-19 22:45:55.3911088,2004-08-19 00:00:00.0000000,0,23696250,0,,,,/evidence/windows-ntfs-mft-nist/nist-hacking-case.mft,,,
1731,1731,True,459,459,.\WINDOWS\system32,ntmsmgr.msc,.msc,26209,1,,False,False,False,False,True,False,Archive,DosWindows,2001-08-23 18:00:00.0000000,,2001-08-23 18:00:00.0000000,,2004-08-19 17:02:17.8782608,2001-08-23 18:00:00.0000000,2004-08-19 00:00:00.0000000,,0,9637528,0,,,,/evidence/windows-ntfs-mft-nist/nist-hacking-case.mft,,,
1732,1732,True,459,459,.\WINDOWS\system32,ntmsoprq.msc,.msc,32968,1,,False,False,False,False,True,False,Archive,DosWindows,2001-08-23 18:00:00.0000000,,2001-08-23 18:00:00.0000000,,2004-08-19 17:02:17.8782608,2001-08-23 18:00:00.0000000,2004-08-19 00:00:00.0000000,,0,9637643,0,,,,/evidence/windows-ntfs-mft-nist/nist-hacking-case.mft,,,
1733,1733,True,459,459,.\WINDOWS\system32,ntmssvc.dll,.dll,392192,1,,False,False,False,False,True,False,Archive,DosWindows,2001-08-23 18:00:00.0000000,,2001-08-23 18:00:00.0000000,,2004-08-19 17:02:17.8782608,2001-08-23 18:00:00.0000000,2004-08-19 22:45:56.1822464,2004-08-19 00:00:00.0000000,0,23698346,0,,,,/evidence/windows-ntfs-mft-nist/nist-hacking-case.mft,,,
1734,1734,True,459,459,.\WINDOWS\system32,ntprint.dll,.dll,80896,1,,False,False,False,False,True,False,Archive,DosWindows,2001-08-23 18:00:00.0000000,,2001-08-23 18:00:00.0000000,,2004-08-19 17:02:17.8782608,2001-08-23 18:00:00.0000000,2004-08-26 15:05:23.3005680,2004-08-19 00:00:00.0000000,0,36168583,0,,,,/evidence/windows-ntfs-mft-nist/nist-hacking-case.mft,,,
1735,1735,True,459,459,.\WINDOWS\system32,ntsd.exe,.exe,31744,1,,False,False,False,False,True,False,Archive,DosWindows,2001-08-23 18:00:00.0000000,,2001-08-23 18:00:00.0000000,,2004-08-19 17:02:17.8882752,2001-08-23 18:00:00.0000000,2004-08-19 22:45:56.3024192,2004-08-19 00:00:00.0000000,0,23467629,0,,,,/evidence/windows-ntfs-mft-nist/nist-hacking-case.mft,,,
1736,1736,True,459,459,.\WINDOWS\system32,ntsdexts.dll,.dll,36864,1,,False,False,False,False,True,False,Archive,DosWindows,2001-08-23 18:00:00.0000000,,2001-08-23 18:00:00.0000000,,2004-08-19 17:02:17.8882752,2001-08-23 18:00:00.0000000,2004-08-20 15:25:45.4543344,2004-08-19 00:00:00.0000000,0,36692153,0,,,,/evidence/windows-ntfs-mft-nist/nist-hacking-case.mft,,,
1737,1737,True,459,459,.\WINDOWS\system32,ntvdmd.dll,.dll,13312,1,,False,False,False,False,True,False,Archive,DosWindows,2001-08-23 18:00:00.0000000,,2001-08-23 18:00:00.0000000,,2004-08-19 17:02:17.8982896,2001-08-23 18:00:00.0000000,2004-08-19 22:45:56.8231680,2004-08-19 00:00:00.0000000,0,23718867,0,,,,/evidence/windows-ntfs-mft-nist/nist-hacking-case.mft,,,
1738,1738,True,459,459,.\WINDOWS\system32,nusrmgr.cpl,.cpl,256000,1,,False,False,False,False,True,False,Archive,DosWindows,2001-08-23 18:00:00.0000000,,2001-08-23 18:00:00.0000000,,2004-08-19 23:05:49.8412496,2001-08-23 18:00:00.0000000,2004-08-19 23:05:42.9313136,2004-08-19 00:00:00.0000000,0,27083085,0,,,,/evidence/windows-ntfs-mft-nist/nist-hacking-case.mft,,,
1739,1739,True,459,459,.\WINDOWS\system32,nw16.exe,.exe,3252,1,,False,False,False,False,True,False,Archive,DosWindows,2001-08-23 18:00:00.0000000,,2001-08-23 18:00:00.0000000,,2004-08-19 17:02:17.8982896,2001-08-23 18:00:00.0000000,2004-08-19 22:45:56.9633696,2004-08-19 00:00:00.0000000,0,23475342,0,,,,/evidence/windows-ntfs-mft-nist/nist-hacking-case.mft,,,
1740,1740,True,459,459,.\WINDOWS\system32,nwapi16.dll,.dll,17408,1,,False,False,False,False,True,False,Archive,DosWindows,2001-08-23 18:00:00.0000000,,2001-08-23 18:00:00.0000000,,2004-08-19 17:02:17.8982896,2001-08-23 18:00:00.0000000,2004-08-19 22:41:05.4341712,2004-08-19 00:00:00.0000000,0,19407402,0,,,,/evidence/windows-ntfs-mft-nist/nist-hacking-case.mft,,,
1741,1741,True,459,459,.\WINDOWS\system32,nwapi32.dll,.dll,58880,1,,False,False,False,False,True,False,Archive,DosWindows,2001-08-23 18:00:00.0000000,,2001-08-23 18:00:00.0000000,,2004-08-19 17:02:17.9083040,2001-08-23 18:00:00.0000000,2004-08-19 22:41:05.4642144,2004-08-19 00:00:00.0000000,0,19407431,0,,,,/evidence/windows-ntfs-mft-nist/nist-hacking-case.mft,,,
1742,1742,True,459,459,.\WINDOWS\system32,nwc.cpl,.cpl,36864,1,,False,False,False,False,True,False,Archive,DosWindows,2001-08-23 18:00:00.0000000,,2001-08-23 18:00:00.0000000,,2004-08-19 17:02:17.9083040,2001-08-23 18:00:00.0000000,2004-08-27 15:14:42.1681856,2004-08-19 00:00:00.0000000,0,38856631,0,,,,/evidence/windows-ntfs-mft-nist/nist-hacking-case.mft,,,
1743,1743,True,459,459,.\WINDOWS\system32,nwcfg.dll,.dll,20480,1,,False,False,False,False,True,False,Archive,DosWindows,2001-08-23 18:00:00.0000000,,2001-08-23 18:00:00.0000000,,2004-08-19 17:02:17.9083040,2001-08-23 18:00:00.0000000,2004-08-19 22:45:57.0034272,2004-08-19 00:00:00.0000000,0,23724021,0,,,,/evidence/windows-ntfs-mft-nist/nist-hacking-case.mft,,,
1744,1744,True,459,459,.\WINDOWS\system32,nwevent.dll,.dll,6144,1,,False,False,False,False,True,False,Archive,DosWindows,2001-08-23 18:00:00.0000000,,2001-08-23 18:00:00.0000000,,2004-08-19 17:02:17.9083040,2001-08-23 18:00:00.0000000,2004-08-19 22:45:57.0334704,2004-08-19 00:00:00.0000000,0,23724058,0,,,,/evidence/windows-ntfs-mft-nist/nist-hacking-case.mft,,,
1745,1745,True,459,459,.\WINDOWS\system32,nwprovau.dll,.dll,133632,1,,False,False,False,False,True,False,Archive,DosWindows,2001-08-23 18:00:00.0000000,,2001-08-23 18:00:00.0000000,,2004-08-19 17:02:17.9083040,2001-08-23 18:00:00.0000000,2004-08-27 15:14:42.2082432,2004-08-19 00:00:00.0000000,0,38360239,0,,,,/evidence/windows-ntfs-mft-nist/nist-hacking-case.mft,,,
1746,1746,True,459,459,.\WINDOWS\system32,nwscript.exe,.exe,126464,1,,False,False,False,False,True,False,Archive,DosWindows,2001-08-23 18:00:00.0000000,,2001-08-23 18:00:00.0000000,,2004-08-19 17:02:17.9183184,2001-08-23 18:00:00.0000000,2004-08-19 22:45:57.3439168,2004-08-19 00:00:00.0000000,0,23738226,0,,,,/evidence/windows-ntfs-mft-nist/nist-hacking-case.mft,,,
1747,1747,True,459,459,.\WINDOWS\system32,nwwks.dll,.dll,57856,1,,False,False,False,False,True,False,Archive,DosWindows,2001-08-23 18:00:00.0000000,,2001-08-23 18:00:00.0000000,,2004-08-19 17:02:17.9183184,2001-08-23 18:00:00.0000000,2004-08-19 22:45:57.3939888,2004-08-19 00:00:00.0000000,0,23738255,0,,,,/evidence/windows-ntfs-mft-nist/nist-hacking-case.mft,,,
1748,1748,True,459,459,.\WINDOWS\system32,objsel.dll,.dll,271360,1,,False,False,False,False,True,False,Archive,DosWindows,2001-08-23 18:00:00.0000000,,2001-08-23 18:00:00.0000000,,2004-08-19 17:02:17.9183184,2001-08-23 18:00:00.0000000,2004-08-19 22:45:58.1050112,2004-08-19 00:00:00.0000000,0,23749499,0,,,,/evidence/windows-ntfs-mft-nist/nist-hacking-case.mft,,,
1749,1749,True,459,459,.\WINDOWS\system32,occache.dll,.dll,87552,1,,False,False,False,False,True,False,Archive,DosWindows,2001-08-23 18:00:00.0000000,,2001-08-23 18:00:00.0000000,,2004-08-19 17:02:17.9283328,2001-08-23 18:00:00.0000000,2004-08-19 22:45:58.1450688,2004-08-19 00:00:00.0000000,0,23749528,0,,,,/evidence/windows-ntfs-mft-nist/nist-hacking-case.mft,,,
1750,1750,True,459,459,.\WINDOWS\system32,ocmanage.dll,.dll,60928,1,,False,False,False,False,True,False,Archive,DosWindows,2001-08-23 18:00:00.0000000,,2001-08-23 18:00:00.0000000,,2004-08-19 17:02:17.9283328,2001-08-23 18:00:00.0000000,2004-08-19 22:41:05.5042720,2004-08-19 00:00:00.0000000,0,19358070,0,,,,/evidence/windows-ntfs-mft-nist/nist-hacking-case.mft,,,
1751,1751,True,459,459,.\WINDOWS\system32,odbc16gt.dll,.dll,26224,1,,False,False,False,False,True,False,Archive,DosWindows,2001-08-23 18:00:00.0000000,,2001-08-23 18:00:00.0000000,,2004-08-19 17:02:17.9283328,2001-08-23 18:00:00.0000000,2004-08-19 22:45:58.2552272,2004-08-19 00:00:00.0000000,0,23750013,0,,,,/evidence/windows-ntfs-mft-nist/nist-hacking-case.mft,,,
1752,1752,True,459,459,.\WINDOWS\system32,odbc32gt.dll,.dll,16384,1,,False,False,False,False,True,False,Archive,DosWindows,2001-08-23 18:00:00.0000000,,2001-08-23 18:00:00.0000000,,2004-08-19 17:02:17.9383472,2001-08-23 18:00:00.0000000,2004-08-19 22:41:41.6762848,2004-08-19 00:00:00.0000000,0,19902920,0,,,,/evidence/windows-ntfs-mft-nist/nist-hacking-case.mft,,,
1753,1753,True,459,459,.\WINDOWS\system32,odbcad32.exe,.exe,32768,1,,False,False,False,False,True,False,Archive,DosWindows,2001-08-23 18:00:00.0000000,,2001-08-23 18:00:00.0000000,,2004-08-19 23:05:15.1413536,2001-08-23 18:00:00.0000000,2004-08-19 22:41:41.7063280,2004-08-19 00:00:00.0000000,0,27042835,0,,,,/evidence/windows-ntfs-mft-nist/nist-hacking-case.mft,,,
1754,1754,True,459,459,.\WINDOWS\system32,odbcbcp.dll,.dll,24576,1,,False,False,False,False,True,False,Archive,DosWindows,2001-08-23 18:00:00.0000000,,2001-08-23 18:00:00.0000000,,2004-08-19 17:02:17.9383472,2001-08-23 18:00:00.0000000,2004-08-19 22:35:45.1636448,2004-08-19 00:00:00.0000000,0,18245339,0,,,,/evidence/windows-ntfs-mft-nist/nist-hacking-case.mft,,,
1755,1755,True,459,459,.\WINDOWS\system32,odbcconf.exe,.exe,53248,1,,False,False,False,False,True,False,Archive,DosWindows,2001-08-23 18:00:00.0000000,,2001-08-23 18:00:00.0000000,,2004-08-19 22:37:32.2075664,2001-08-23 18:00:00.0000000,2004-08-19 22:41:42.0568320,2004-08-19 00:00:00.0000000,0,19903015,0,,,,/evidence/windows-ntfs-mft-nist/nist-hacking-case.mft,,,
1756,1756,True,459,459,.\WINDOWS\system32,odbcconf.dll,.dll,122880,1,,False,False,False,False,True,False,Archive,DosWindows,2001-08-23 18:00:00.0000000,,2001-08-23 18:00:00.0000000,,2004-08-19 17:02:17.9383472,2001-08-23 18:00:00.0000000,2004-08-19 22:41:42.0067600,2004-08-19 00:00:00.0000000,0,19902986,0,,,,/evidence/windows-ntfs-mft-nist/nist-hacking-case.mft,,,
1757,1757,True,459,459,.\WINDOWS\system32,odbcconf.rsp,.rsp,4294,1,,False,False,False,False,True,False,Archive,DosWindows,2001-08-23 18:00:00.0000000,,2001-08-23 18:00:00.0000000,,2004-08-19 17:02:17.9483616,2001-08-23 18:00:00.0000000,2004-08-19 22:41:42.0768608,2004-08-19 00:00:00.0000000,0,19903044,0,,,,/evidence/windows-ntfs-mft-nist/nist-hacking-case.mft,,,
1758,1758,True,459,459,.\WINDOWS\system32,odbccp32.cpl,.cpl,36864,1,,False,False,False,False,True,False,Archive,DosWindows,2001-08-23 18:00:00.0000000,,2001-08-23 18:00:00.0000000,,2004-08-19 17:02:17.9483616,2001-08-23 18:00:00.0000000,2004-08-19 22:41:42.1269328,2004-08-19 00:00:00.0000000,0,19903073,0,,,,/evidence/windows-ntfs-mft-nist/nist-hacking-case.mft,,,
1759,1759,True,459,459,.\WINDOWS\system32,odbccp32.dll,.dll,94208,1,,False,False,False,False,True,False,Archive,DosWindows,2001-08-23 18:00:00.0000000,,2001-08-23 18:00:00.0000000,,2004-08-19 17:02:17.9483616,2001-08-23 18:00:00.0000000,2004-08-19 22:33:10.0806464,2004-08-19 00:00:00.0000000,0,16871914,0,,,,/evidence/windows-ntfs-mft-nist/nist-hacking-case.mft,,,
1760,1760,True,459,459,.\WINDOWS\system32,odbccr32.dll,.dll,61440,1,,False,False,False,False,True,False,Archive,DosWindows,2001-08-23 18:00:00.0000000,,2001-08-23 18:00:00.0000000,,2004-08-19 17:02:17.9483616,2001-08-23 18:00:00.0000000,2004-08-19 22:41:42.1770048,2004-08-19 00:00:00.0000000,0,19903102,0,,,,/evidence/windows-ntfs-mft-nist/nist-hacking-case.mft,,,
1761,1761,True,459,459,.\WINDOWS\system32,odbccu32.dll,.dll,61440,1,,False,False,False,False,True,False,Archive,DosWindows,2001-08-23 18:00:00.0000000,,2001-08-23 18:00:00.0000000,,2004-08-19 17:02:17.9583760,2001-08-23 18:00:00.0000000,2004-08-19 22:41:42.1970336,2004-08-19 00:00:00.0000000,0,19903131,0,,,,/evidence/windows-ntfs-mft-nist/nist-hacking-case.mft,,,
1762,1762,True,459,459,.\WINDOWS\system32,odbcji32.dll,.dll,53279,1,,False,False,False,False,True,False,Archive,DosWindows,2001-08-23 18:00:00.0000000,,2001-08-23 18:00:00.0000000,,2004-08-19 17:02:18.1686784,2001-08-23 18:00:00.0000000,2004-08-19 22:41:42.2971776,2004-08-19 00:00:00.0000000,0,19903630,0,,,,/evidence/windows-ntfs-mft-nist/nist-hacking-case.mft,,,
1763,1763,True,459,459,.\WINDOWS\system32,odbcjt32.dll,.dll,270365,1,,False,False,False,False,True,False,Archive,DosWindows,2001-08-23 18:00:00.0000000,,2001-08-23 18:00:00.0000000,,2004-08-19 17:02:18.1786928,2001-08-23 18:00:00.0000000,2004-08-19 22:41:42.3772928,2004-08-19 00:00:00.0000000,0,19904354,0,,,,/evidence/windows-ntfs-mft-nist/nist-hacking-case.mft,,,
1764,1764,True,459,459,.\WINDOWS\system32,odbcp32r.dll,.dll,12288,1,,False,False,False,False,True,False,Archive,DosWindows,2001-08-23 18:00:00.0000000,,2001-08-23 18:00:00.0000000,,2004-08-19 17:02:18.1786928,2001-08-23 18:00:00.0000000,2004-08-19 22:45:58.3153136,2004-08-19 00:00:00.0000000,0,23495790,0,,,,/evidence/windows-ntfs-mft-nist/nist-hacking-case.mft,,,
1765,1765,True,459,459,.\WINDOWS\system32,odbctrac.dll,.dll,147456,1,,False,False,False,False,True,False,Archive,DosWindows,2001-08-23 18:00:00.0000000,,2001-08-23 18:00:00.0000000,,2004-08-19 17:02:18.1786928,2001-08-23 18:00:00.0000000,2004-08-19 22:41:42.4173504,2004-08-19 00:00:00.0000000,0,19904383,0,,,,/evidence/windows-ntfs-mft-nist/nist-hacking-case.mft,,,
1766,1766,True,459,459,.\WINDOWS\system32,oembios.bin,.bin,13107200,1,,False,False,False,False,True,False,Archive,DosWindows,2001-08-23 18:00:00.0000000,,2001-08-23 18:00:00.0000000,,2004-08-19 17:02:18.1987216,2001-08-23 18:00:00.0000000,2004-08-19 22:41:11.2725664,2004-08-19 00:00:00.0000000,0,36541271,0,,,,/evidence/windows-ntfs-mft-nist/nist-hacking-case.mft,,,
1767,1767,True,459,459,.\WINDOWS\system32,oembios.dat,.dat,4463,1,,False,False,False,False,True,False,Archive,DosWindows,2001-08-23 18:00:00.0000000,,2001-08-23 18:00:00.0000000,,2004-08-19 17:02:18.1987216,2001-08-23 18:00:00.0000000,2004-08-19 22:41:14.8877648,2004-08-19 00:00:00.0000000,0,36525329,0,,,,/evidence/windows-ntfs-mft-nist/nist-hacking-case.mft,,,
1768,1768,True,459,459,.\WINDOWS\system32,oembios.sig,.sig,6761,1,,False,False,False,False,True,False,Archive,DosWindows,2001-08-23 18:00:00.0000000,,2001-08-23 18:00:00.0000000,,2004-08-19 17:02:18.1987216,2001-08-23 18:00:00.0000000,2004-08-19 22:41:14.9278224,2004-08-19 00:00:00.0000000,0,36525266,0,,,,/evidence/windows-ntfs-mft-nist/nist-hacking-case.mft,,,
1769,1769,True,459,459,.\WINDOWS\system32,offfilt.dll,.dll,102400,1,,False,False,False,False,True,False,Archive,DosWindows,2001-08-23 18:00:00.0000000,,2001-08-23 18:00:00.0000000,,2004-08-19 17:02:18.1987216,2001-08-23 18:00:00.0000000,2004-08-19 22:45:58.5055872,2004-08-19 00:00:00.0000000,0,23750155,0,,,,/evidence/windows-ntfs-mft-nist/nist-hacking-case.mft,,,
1770,1770,True,459,459,.\WINDOWS\system32,ole2.dll,.dll,39744,1,,False,False,False,False,True,False,Archive,DosWindows,2001-08-23 18:00:00.0000000,,2001-08-23 18:00:00.0000000,,2004-08-19 17:02:18.2087360,2001-08-23 18:00:00.0000000,2004-08-19 22:45:58.5556592,2004-08-19 00:00:00.0000000,0,23499335,0,,,,/evidence/windows-ntfs-mft-nist/nist-hacking-case.mft,,,
1771,1771,True,459,459,.\WINDOWS\system32,ole2disp.dll,.dll,169520,1,,False,False,False,False,True,False,Archive,DosWindows,2001-08-23 18:00:00.0000000,,2001-08-23 18:00:00.0000000,,2004-08-19 17:02:18.2087360,2001-08-23 18:00:00.0000000,2004-08-19 22:45:59.0163216,2004-08-19 00:00:00.0000000,0,23752908,0,,,,/evidence/windows-ntfs-mft-nist/nist-hacking-case.mft,,,
1772,1772,True,459,459,.\WINDOWS\system32,ole2nls.dll,.dll,153008,1,,False,False,False,False,True,False,Archive,DosWindows,2001-08-23 18:00:00.0000000,,2001-08-23 18:00:00.0000000,,2004-08-19 17:02:18.2087360,2001-08-23 18:00:00.0000000,2004-08-19 22:45:59.1164656,2004-08-19 00:00:00.0000000,0,23755417,0,,,,/evidence/windows-ntfs-mft-nist/nist-hacking-case.mft,,,
1773,1773,True,459,459,.\WINDOWS\system32,oleacc.dll,.dll,163328,1,,False,False,False,False,True,False,Archive,DosWindows,2001-08-23 18:00:00.0000000,,2001-08-23 18:00:00.0000000,,2004-08-19 17:02:18.2387792,2001-08-23 18:00:00.0000000,2004-08-27 15:14:44.4714976,2004-08-19 00:00:00.0000000,0,38868840,0,,,,/evidence/windows-ntfs-mft-nist/nist-hacking-case.mft,,,
1774,1774,True,459,459,.\WINDOWS\system32,oleaccrc.dll,.dll,16896,1,,False,False,False,False,True,False,Archive,DosWindows,2001-08-23 18:00:00.0000000,,2001-08-23 18:00:00.0000000,,2004-08-19 17:02:18.2387792,2001-08-23 18:00:00.0000000,2004-08-19 22:45:59.2065952,2004-08-19 00:00:00.0000000,0,36519524,0,,,,/evidence/windows-ntfs-mft-nist/nist-hacking-case.mft,,,
1775,1775,True,459,459,.\WINDOWS\system32,olecli.dll,.dll,82944,1,,False,False,False,False,True,False,Archive,DosWindows,2001-08-23 18:00:00.0000000,,2001-08-23 18:00:00.0000000,,2004-08-19 17:02:18.2387792,2001-08-23 18:00:00.0000000,2004-08-19 00:00:00.0000000,,0,9644800,0,,,,/evidence/windows-ntfs-mft-nist/nist-hacking-case.mft,,,
1776,1776,True,459,459,.\WINDOWS\system32,oledlg.dll,.dll,117760,1,,False,False,False,False,True,False,Archive,DosWindows,2001-08-23 18:00:00.0000000,,2001-08-23 18:00:00.0000000,,2004-08-19 17:02:18.2487936,2001-08-23 18:00:00.0000000,2004-08-19 22:45:59.4269120,2004-08-19 00:00:00.0000000,0,23765078,0,,,,/evidence/windows-ntfs-mft-nist/nist-hacking-case.mft,,,
1777,1777,True,459,459,.\WINDOWS\system32,oleprn.dll,.dll,98304,1,,False,False,False,False,True,False,Archive,DosWindows,2001-08-23 18:00:00.0000000,,2001-08-23 18:00:00.0000000,,2004-08-19 17:02:18.2487936,2001-08-23 18:00:00.0000000,2004-08-19 22:45:59.4669696,2004-08-19 00:00:00.0000000,0,23765107,0,,,,/evidence/windows-ntfs-mft-nist/nist-hacking-case.mft,,,
1778,1778,True,459,459,.\WINDOWS\system32,olepro32.dll,.dll,106496,1,,False,False,False,False,True,False,None,DosWindows,2001-08-23 18:00:00.0000000,,2001-08-23 18:00:00.0000000,,2004-08-20 15:13:05.9321952,2001-08-23 18:00:00.0000000,2004-08-26 14:58:25.4296992,2004-08-19 00:00:00.0000000,0,36571145,0,,,,/evidence/windows-ntfs-mft-nist/nist-hacking-case.mft,,,
1779,1779,True,459,459,.\WINDOWS\system32,olesvr.dll,.dll,24064,1,,False,False,False,False,True,False,Archive,DosWindows,2001-08-23 18:00:00.0000000,,2001-08-23 18:00:00.0000000,,2004-08-19 17:02:18.2588080,2001-08-23 18:00:00.0000000,2004-08-19 00:00:00.0000000,,0,9645560,0,,,,/evidence/windows-ntfs-mft-nist/nist-hacking-case.mft,,,
1780,1780,True,459,459,.\WINDOWS\system32,query.dll,.dll,1337856,1,,False,False,False,False,True,False,Archive,DosWindows,2001-08-23 18:00:00.0000000,,2001-08-23 18:00:00.0000000,,2004-08-19 17:02:18.4390672,2001-08-23 18:00:00.0000000,2004-08-19 22:57:34.6792416,2004-08-19 00:00:00.0000000,0,26891604,0,,,,/evidence/windows-ntfs-mft-nist/nist-hacking-case.mft,,,
1781,1781,True,459,459,.\WINDOWS\system32,openfiles.exe,.exe,61440,1,,False,False,False,False,True,False,Archive,Windows,2001-08-23 18:00:00.0000000,,2001-08-23 18:00:00.0000000,,2004-08-19 17:02:18.2588080,2001-08-23 18:00:00.0000000,2004-08-19 22:46:00.0277760,2004-08-19 00:00:00.0000000,0,23765206,0,,,,/evidence/windows-ntfs-mft-nist/nist-hacking-case.mft,,,
1782,1782,True,459,459,.\WINDOWS\system32,opengl32.dll,.dll,685568,1,,False,False,False,False,True,False,Archive,DosWindows,2001-08-23 18:00:00.0000000,,2001-08-23 18:00:00.0000000,,2004-08-19 17:02:18.2588080,2001-08-23 18:00:00.0000000,2004-08-19 22:46:00.1880064,2004-08-19 00:00:00.0000000,0,23765986,0,,,,/evidence/windows-ntfs-mft-nist/nist-hacking-case.mft,,,
1783,1783,True,459,459,.\WINDOWS\system32,osk.exe,.exe,212480,1,,False,False,False,False,True,False,Archive,DosWindows,2001-08-23 18:00:00.0000000,,2001-08-23 18:00:00.0000000,,2004-08-19 23:05:07.3501504,2001-08-23 18:00:00.0000000,2004-08-19 22:46:00.3682656,2004-08-19 00:00:00.0000000,0,27018694,0,,,,/evidence/windows-ntfs-mft-nist/nist-hacking-case.mft,,,
1784,1784,True,459,459,.\WINDOWS\system32,packager.exe,.exe,52224,1,,False,False,False,False,True,False,Archive,DosWindows,2001-08-23 18:00:00.0000000,,2001-08-23 18:00:00.0000000,,2004-08-19 17:02:18.2688224,2001-08-23 18:00:00.0000000,2004-08-19 22:46:01.2295040,2004-08-19 00:00:00.0000000,0,23767886,0,,,,/evidence/windows-ntfs-mft-nist/nist-hacking-case.mft,,,
1785,1785,True,459,459,.\WINDOWS\system32,rasauto.dll,.dll,82944,1,,False,False,False,False,True,False,Archive,DosWindows,2001-08-23 18:00:00.0000000,,2001-08-23 18:00:00.0000000,,2004-08-19 17:02:18.4590960,2001-08-23 18:00:00.0000000,2004-08-27 15:08:46.2964672,2004-08-19 00:00:00.0000000,0,38078920,0,,,,/evidence/windows-ntfs-mft-nist/nist-hacking-case.mft,,,
1786,1786,True,459,459,.\WINDOWS\system32,pagefileconfig.vbs,.vbs,167219,1,,False,False,False,False,True,False,Archive,Windows,2001-08-23 18:00:00.0000000,,2001-08-23 18:00:00.0000000,,2004-08-19 17:02:18.2788368,2001-08-23 18:00:00.0000000,2004-08-19 22:46:04.1236656,2004-08-19 00:00:00.0000000,0,23881951,0,,,,/evidence/windows-ntfs-mft-nist/nist-hacking-case.mft,,,
1787,1787,True,459,459,.\WINDOWS\system32,panmap.dll,.dll,10240,1,,False,False,False,False,True,False,Archive,DosWindows,2001-08-23 18:00:00.0000000,,2001-08-23 18:00:00.0000000,,2004-08-19 17:02:18.2788368,2001-08-23 18:00:00.0000000,2004-08-19 22:46:04.1637232,2004-08-19 00:00:00.0000000,0,23881980,0,,,,/evidence/windows-ntfs-mft-nist/nist-hacking-case.mft,,,
1788,1788,True,459,459,.\WINDOWS\system32,pathping.exe,.exe,21504,1,,False,False,False,False,True,False,Archive,DosWindows,2001-08-23 18:00:00.0000000,,2001-08-23 18:00:00.0000000,,2004-08-19 17:02:18.2788368,2001-08-23 18:00:00.0000000,2004-08-19 22:46:04.3940544,2004-08-19 00:00:00.0000000,0,23568680,0,,,,/evidence/windows-ntfs-mft-nist/nist-hacking-case.mft,,,
1789,1789,True,459,459,.\WINDOWS\system32,pcl.sep,.sep,114,1,,False,False,False,False,True,False,Archive,DosWindows,2001-08-23 18:00:00.0000000,,2001-08-23 18:00:00.0000000,,2004-08-19 17:02:18.2888512,2001-08-23 18:00:00.0000000,2004-08-19 00:00:00.0000000,,0,9647458,0,,,,/evidence/windows-ntfs-mft-nist/nist-hacking-case.mft,,,
1790,1790,True,459,459,.\WINDOWS\system32,pdh.dll,.dll,250880,1,,False,False,False,False,True,False,Archive,DosWindows,2001-08-23 18:00:00.0000000,,2001-08-23 18:00:00.0000000,,2004-08-19 17:02:18.2888512,2001-08-23 18:00:00.0000000,2004-08-20 15:18:02.9793280,2004-08-19 00:00:00.0000000,0,29719523,0,,,,/evidence/windows-ntfs-mft-nist/nist-hacking-case.mft,,,
1791,1791,True,459,459,.\WINDOWS\system32,perfci.h,.h,427,1,,False,False,False,False,True,False,Archive,DosWindows,2001-08-23 18:00:00.0000000,,2001-08-23 18:00:00.0000000,,2004-08-19 17:02:18.2888512,2001-08-23 18:00:00.0000000,2004-08-19 22:27:04.7353056,2004-08-19 00:00:00.0000000,0,13866301,0,,,,/evidence/windows-ntfs-mft-nist/nist-hacking-case.mft,,,
1792,1792,True,459,459,.\WINDOWS\system32,perfci.ini,.ini,2891,1,,False,False,False,False,True,False,Archive,DosWindows,2001-08-23 18:00:00.0000000,,2001-08-23 18:00:00.0000000,,2004-08-19 17:02:18.2988656,2001-08-23 18:00:00.0000000,2004-08-19 22:27:04.9656368,2004-08-19 00:00:00.0000000,0,14221894,0,,,,/evidence/windows-ntfs-mft-nist/nist-hacking-case.mft,,,
1793,1793,True,459,459,.\WINDOWS\system32,perfctrs.dll,.dll,37376,1,,False,False,False,False,True,False,Archive,DosWindows,2001-08-23 18:00:00.0000000,,2001-08-23 18:00:00.0000000,,2004-08-19 17:02:18.2988656,2001-08-23 18:00:00.0000000,2004-08-19 22:57:57.6122176,2004-08-19 00:00:00.0000000,0,26911079,0,,,,/evidence/windows-ntfs-mft-nist/nist-hacking-case.mft,,,
1794,1794,True,459,459,.\WINDOWS\system32,perfd009.dat,.dat,28626,1,,False,False,False,False,True,False,Archive,DosWindows,2001-08-23 18:00:00.0000000,,2001-08-23 18:00:00.0000000,,2004-08-19 17:02:18.2988656,2001-08-23 18:00:00.0000000,2004-08-19 00:00:00.0000000,,0,9648348,0,,,,/evidence/windows-ntfs-mft-nist/nist-hacking-case.mft,,,
1795,1795,True,459,459,.\WINDOWS\system32,perfdisk.dll,.dll,23552,1,,False,False,False,False,True,False,Archive,DosWindows,2001-08-23 18:00:00.0000000,,2001-08-23 18:00:00.0000000,,2004-08-19 17:02:18.2988656,2001-08-23 18:00:00.0000000,2004-08-19 22:57:44.2530080,2004-08-19 00:00:00.0000000,0,26892345,0,,,,/evidence/windows-ntfs-mft-nist/nist-hacking-case.mft,,,
1796,1796,True,459,459,.\WINDOWS\system32,perffilt.h,.h,140,1,,False,False,False,False,True,False,Archive,DosWindows,2001-08-23 18:00:00.0000000,,2001-08-23 18:00:00.0000000,,2004-08-19 17:02:18.3088800,2001-08-23 18:00:00.0000000,2004-08-19 22:27:04.9856656,2004-08-19 00:00:00.0000000,0,13903845,0,,,,/evidence/windows-ntfs-mft-nist/nist-hacking-case.mft,,,
1797,1797,True,459,459,.\WINDOWS\system32,perffilt.ini,.ini,1152,1,,False,False,False,False,True,False,Archive,DosWindows,2001-08-23 18:00:00.0000000,,2001-08-23 18:00:00.0000000,,2004-08-19 17:02:18.3088800,2001-08-23 18:00:00.0000000,2004-08-19 22:27:05.2159968,2004-08-19 00:00:00.0000000,0,14221923,0,,,,/evidence/windows-ntfs-mft-nist/nist-hacking-case.mft,,,
1798,1798,True,459,459,.\WINDOWS\system32,perfi009.dat,.dat,272128,1,,False,False,False,False,True,False,Archive,DosWindows,2001-08-23 18:00:00.0000000,,2001-08-23 18:00:00.0000000,,2004-08-19 17:02:18.3088800,2001-08-23 18:00:00.0000000,2004-08-19 00:00:00.0000000,,0,9648995,0,,,,/evidence/windows-ntfs-mft-nist/nist-hacking-case.mft,,,
1799,1799,True,459,459,.\WINDOWS\system32,perfmon.exe,.exe,14336,1,,False,False,False,False,True,False,Archive,DosWindows,2001-08-23 18:00:00.0000000,,2001-08-23 18:00:00.0000000,,2004-08-19 17:02:18.3188944,2001-08-23 18:00:00.0000000,2004-08-19 22:46:05.3053648,2004-08-19 00:00:00.0000000,0,23888924,0,,,,/evidence/windows-ntfs-mft-nist/nist-hacking-case.mft,,,
1800,1800,True,459,459,.\WINDOWS\system32,perfmon.msc,.msc,58273,1,,False,False,False,False,True,False,ReadOnly,DosWindows,2001-08-23 18:00:00.0000000,,2001-08-23 18:00:00.0000000,,2004-08-19 22:40:19.6984064,2001-08-23 18:00:00.0000000,2004-08-19 00:00:00.0000000,,0,19106108,0,,,,/evidence/windows-ntfs-mft-nist/nist-hacking-case.mft,,,
1801,1801,True,459,459,.\WINDOWS\system32,perfnet.dll,.dll,16896,1,,False,False,False,False,True,False,Archive,DosWindows,2001-08-23 18:00:00.0000000,,2001-08-23 18:00:00.0000000,,2004-08-19 17:02:18.3188944,2001-08-23 18:00:00.0000000,2004-08-19 22:57:44.4933536,2004-08-19 00:00:00.0000000,0,26892374,0,,,,/evidence/windows-ntfs-mft-nist/nist-hacking-case.mft,,,
1802,1802,True,459,459,.\WINDOWS\system32,perfnw.dll,.dll,5632,1,,False,False,False,False,True,False,Archive,DosWindows,2001-08-23 18:00:00.0000000,,2001-08-23 18:00:00.0000000,,2004-08-19 17:02:18.3188944,2001-08-23 18:00:00.0000000,2004-08-19 22:46:05.3554368,2004-08-19 00:00:00.0000000,0,23889388,0,,,,/evidence/windows-ntfs-mft-nist/nist-hacking-case.mft,,,
1803,1803,True,459,459,.\WINDOWS\system32,perfos.dll,.dll,23040,1,,False,False,False,False,True,False,Archive,DosWindows,2001-08-23 18:00:00.0000000,,2001-08-23 18:00:00.0000000,,2004-08-19 17:02:18.3188944,2001-08-23 18:00:00.0000000,2004-08-19 22:57:44.7437136,2004-08-19 00:00:00.0000000,0,26892403,0,,,,/evidence/windows-ntfs-mft-nist/nist-hacking-case.mft,,,
1804,1804,True,459,459,.\WINDOWS\system32,perfproc.dll,.dll,32256,1,,False,False,False,False,True,False,Archive,DosWindows,2001-08-23 18:00:00.0000000,,2001-08-23 18:00:00.0000000,,2004-08-19 17:02:18.3289088,2001-08-23 18:00:00.0000000,2004-08-19 22:57:44.9840592,2004-08-19 00:00:00.0000000,0,26909730,0,,,,/evidence/windows-ntfs-mft-nist/nist-hacking-case.mft,,,
1805,1805,True,459,459,.\WINDOWS\system32,perfts.dll,.dll,12288,1,,False,False,False,False,True,False,Archive,DosWindows,2001-08-23 18:00:00.0000000,,2001-08-23 18:00:00.0000000,,2004-08-19 17:02:18.3289088,2001-08-23 18:00:00.0000000,2004-08-19 22:57:58.4133696,2004-08-19 00:00:00.0000000,0,26911221,0,,,,/evidence/windows-ntfs-mft-nist/nist-hacking-case.mft,,,
1806,1806,True,459,459,.\WINDOWS\system32,perfwci.h,.h,435,1,,False,False,False,False,True,False,Archive,DosWindows,2001-08-23 18:00:00.0000000,,2001-08-23 18:00:00.0000000,,2004-08-19 17:02:18.3289088,2001-08-23 18:00:00.0000000,2004-08-19 22:27:05.2260112,2004-08-19 00:00:00.0000000,0,13940826,0,,,,/evidence/windows-ntfs-mft-nist/nist-hacking-case.mft,,,
1807,1807,True,459,459,.\WINDOWS\system32,perfwci.ini,.ini,2732,1,,False,False,False,False,True,False,Archive,DosWindows,2001-08-23 18:00:00.0000000,,2001-08-23 18:00:00.0000000,,2004-08-19 17:02:18.3289088,2001-08-23 18:00:00.0000000,2004-08-19 22:27:05.4563424,2004-08-19 00:00:00.0000000,0,14221952,0,,,,/evidence/windows-ntfs-mft-nist/nist-hacking-case.mft,,,
1808,1808,True,459,459,.\WINDOWS\system32,photowiz.dll,.dll,166912,1,,False,False,False,False,True,False,Archive,DosWindows,2001-08-23 18:00:00.0000000,,2001-08-23 18:00:00.0000000,,2004-08-19 17:02:18.3389232,2001-08-23 18:00:00.0000000,2004-08-19 22:46:06.8676112,2004-08-19 00:00:00.0000000,0,23893169,0,,,,/evidence/windows-ntfs-mft-nist/nist-hacking-case.mft,,,
1809,1809,True,459,459,.\WINDOWS\system32,pid.dll,.dll,31744,1,,False,False,False,False,True,False,Archive,DosWindows,2001-08-17 22:36:28.0000000,,2001-08-23 18:00:00.0000000,,2004-08-19 17:02:18.3389232,2001-08-23 18:00:00.0000000,2004-08-19 22:46:06.8876400,2004-08-19 00:00:00.0000000,0,23602583,0,,,,/evidence/windows-ntfs-mft-nist/nist-hacking-case.mft,,,
1810,1810,True,459,459,.\WINDOWS\system32,pidgen.dll,.dll,27136,1,,False,False,False,False,True,False,Archive,DosWindows,2001-08-23 18:00:00.0000000,,2001-08-23 18:00:00.0000000,,2004-08-19 17:02:18.3389232,2001-08-23 18:00:00.0000000,2004-08-19 22:46:06.9076688,2004-08-19 00:00:00.0000000,0,26214664,0,,,,/evidence/windows-ntfs-mft-nist/nist-hacking-case.mft,,,
1811,1811,True,459,459,.\WINDOWS\system32,pifmgr.dll,.dll,35328,1,,False,False,False,False,True,False,Archive,DosWindows,2001-08-23 18:00:00.0000000,,2001-08-23 18:00:00.0000000,,2004-08-19 17:02:18.3389232,2001-08-23 18:00:00.0000000,2004-08-19 22:46:06.9276976,2004-08-19 00:00:00.0000000,0,23893424,0,,,,/evidence/windows-ntfs-mft-nist/nist-hacking-case.mft,,,
1812,1812,True,459,459,.\WINDOWS\system32,ping.exe,.exe,14848,1,,False,False,False,False,True,False,Archive,DosWindows,2001-08-23 18:00:00.0000000,,2001-08-23 18:00:00.0000000,,2004-08-19 17:02:18.3389232,2001-08-23 18:00:00.0000000,2004-08-25 15:23:53.2628448,2004-08-19 00:00:00.0000000,0,37844895,0,,,,/evidence/windows-ntfs-mft-nist/nist-hacking-case.mft,,,
1813,1813,True,459,459,.\WINDOWS\system32,ping6.exe,.exe,33280,1,,False,False,False,False,True,False,Archive,DosWindows,2001-08-23 18:00:00.0000000,,2001-08-23 18:00:00.0000000,,2004-08-19 17:02:18.3489376,2001-08-23 18:00:00.0000000,2004-08-19 22:46:07.1580288,2004-08-19 00:00:00.0000000,0,23893525,0,,,,/evidence/windows-ntfs-mft-nist/nist-hacking-case.mft,,,
1814,1814,True,459,459,.\WINDOWS\system32,plugin.ocx,.ocx,68608,1,,False,False,False,False,True,False,Archive,DosWindows,2001-08-23 18:00:00.0000000,,2001-08-23 18:00:00.0000000,,2004-08-19 17:02:18.3489376,2001-08-23 18:00:00.0000000,2004-08-27 15:18:01.9855088,2004-08-19 00:00:00.0000000,0,39219910,0,,,,/evidence/windows-ntfs-mft-nist/nist-hacking-case.mft,,,
1815,1815,True,459,459,.\WINDOWS\system32,plustab.dll,.dll,30720,1,,False,False,False,False,True,False,Archive,DosWindows,2001-08-23 18:00:00.0000000,,2001-08-23 18:00:00.0000000,,2004-08-19 17:02:18.3489376,2001-08-23 18:00:00.0000000,2004-08-19 22:46:10.2825216,2004-08-19 00:00:00.0000000,0,24009954,0,,,,/evidence/windows-ntfs-mft-nist/nist-hacking-case.mft,,,
1816,1816,True,459,459,.\WINDOWS\system32,pmspl.dll,.dll,46592,1,,False,False,False,False,True,False,Archive,DosWindows,2001-08-23 18:00:00.0000000,,2001-08-23 18:00:00.0000000,,2004-08-19 17:02:18.3589520,2001-08-23 18:00:00.0000000,2004-08-19 22:46:11.2439040,2004-08-19 00:00:00.0000000,0,24010674,0,,,,/evidence/windows-ntfs-mft-nist/nist-hacking-case.mft,,,
1817,1817,True,459,459,.\WINDOWS\system32,pngfilt.dll,.dll,30208,1,,False,False,False,False,True,False,Archive,DosWindows,2001-08-23 18:00:00.0000000,,2001-08-23 18:00:00.0000000,,2004-08-19 17:02:18.3589520,2001-08-23 18:00:00.0000000,2004-08-27 15:17:02.1294400,2004-08-19 00:00:00.0000000,0,39211192,0,,,,/evidence/windows-ntfs-mft-nist/nist-hacking-case.mft,,,
1818,1818,True,459,459,.\WINDOWS\system32,polstore.dll,.dll,87552,1,,False,False,False,False,True,False,Archive,DosWindows,2001-08-23 18:00:00.0000000,,2001-08-23 18:00:00.0000000,,2004-08-19 17:02:18.3589520,2001-08-23 18:00:00.0000000,2004-08-19 22:46:13.1666688,2004-08-19 00:00:00.0000000,0,24012851,0,,,,/evidence/windows-ntfs-mft-nist/nist-hacking-case.mft,,,
1819,1819,True,459,459,.\WINDOWS\system32,powercfg.cpl,.cpl,109056,1,,False,False,False,False,True,False,Archive,DosWindows,2001-08-23 18:00:00.0000000,,2001-08-23 18:00:00.0000000,,2004-08-19 23:05:50.1617104,2001-08-23 18:00:00.0000000,2004-08-19 23:05:43.4921200,2004-08-19 00:00:00.0000000,0,27084787,0,,,,/evidence/windows-ntfs-mft-nist/nist-hacking-case.mft,,,
1820,1820,True,459,459,.\WINDOWS\system32,prflbmsg.dll,.dll,16384,1,,False,False,False,False,True,False,Archive,DosWindows,2001-08-23 18:00:00.0000000,,2001-08-23 18:00:00.0000000,,2004-08-19 17:02:18.3689664,2001-08-23 18:00:00.0000000,2004-08-19 22:46:13.3869856,2004-08-19 00:00:00.0000000,0,24017529,0,,,,/evidence/windows-ntfs-mft-nist/nist-hacking-case.mft,,,
1821,1821,True,459,459,.\WINDOWS\system32,print.exe,.exe,9216,1,,False,False,False,False,True,False,Archive,DosWindows,2001-08-23 18:00:00.0000000,,2001-08-23 18:00:00.0000000,,2004-08-19 17:02:18.3689664,2001-08-23 18:00:00.0000000,2004-08-19 22:46:13.3970000,2004-08-19 00:00:00.0000000,0,24017558,0,,,,/evidence/windows-ntfs-mft-nist/nist-hacking-case.mft,,,
1822,1822,True,459,459,.\WINDOWS\system32,prncnfg.vbs,.vbs,35755,1,,False,False,False,False,True,False,Archive,DosWindows,2001-08-23 18:00:00.0000000,,2001-08-23 18:00:00.0000000,,2004-08-19 17:02:18.3689664,2001-08-23 18:00:00.0000000,2004-08-19 22:46:13.6273312,2004-08-19 00:00:00.0000000,0,24019419,0,,,,/evidence/windows-ntfs-mft-nist/nist-hacking-case.mft,,,
1823,1823,True,459,459,.\WINDOWS\system32,prndrvr.vbs,.vbs,25415,1,,False,False,False,False,True,False,Archive,DosWindows,2001-08-23 18:00:00.0000000,,2001-08-23 18:00:00.0000000,,2004-08-19 17:02:18.3689664,2001-08-23 18:00:00.0000000,2004-08-19 22:46:13.9077344,2004-08-19 00:00:00.0000000,0,24019448,0,,,,/evidence/windows-ntfs-mft-nist/nist-hacking-case.mft,,,
1824,1824,True,459,459,.\WINDOWS\system32,prnjobs.vbs,.vbs,21527,1,,False,False,False,False,True,False,Archive,DosWindows,2001-08-23 18:00:00.0000000,,2001-08-23 18:00:00.0000000,,2004-08-19 17:02:18.3789808,2001-08-23 18:00:00.0000000,2004-08-19 22:46:13.9377776,2004-08-19 00:00:00.0000000,0,24019485,0,,,,/evidence/windows-ntfs-mft-nist/nist-hacking-case.mft,,,
1825,1825,True,459,459,.\WINDOWS\system32,prnmngr.vbs,.vbs,32546,1,,False,False,False,False,True,False,Archive,DosWindows,2001-08-23 18:00:00.0000000,,2001-08-23 18:00:00.0000000,,2004-08-19 17:02:18.3789808,2001-08-23 18:00:00.0000000,2004-08-19 22:46:13.9477920,2004-08-19 00:00:00.0000000,0,23665160,0,,,,/evidence/windows-ntfs-mft-nist/nist-hacking-case.mft,,,
1826,1826,True,459,459,.\WINDOWS\system32,prnport.vbs,.vbs,29454,1,,False,False,False,False,True,False,Archive,DosWindows,2001-08-23 18:00:00.0000000,,2001-08-23 18:00:00.0000000,,2004-08-19 17:02:18.3789808,2001-08-23 18:00:00.0000000,2004-08-19 22:46:13.9978640,2004-08-19 00:00:00.0000000,0,24019978,0,,,,/evidence/windows-ntfs-mft-nist/nist-hacking-case.mft,,,
1827,1827,True,459,459,.\WINDOWS\system32,prnqctl.vbs,.vbs,15860,1,,False,False,False,False,True,False,Archive,DosWindows,2001-08-23 18:00:00.0000000,,2001-08-23 18:00:00.0000000,,2004-08-19 17:02:18.3789808,2001-08-23 18:00:00.0000000,2004-08-19 22:46:14.0078784,2004-08-19 00:00:00.0000000,0,24020068,0,,,,/evidence/windows-ntfs-mft-nist/nist-hacking-case.mft,,,
1828,1828,True,459,459,.\WINDOWS\system32,prodspec.ini,.ini,343,1,,False,False,False,False,True,False,Archive,DosWindows,2001-08-23 18:00:00.0000000,,2001-08-23 18:00:00.0000000,,2004-08-19 17:02:18.3889952,2001-08-23 18:00:00.0000000,2004-08-19 00:00:00.0000000,,0,9653373,0,,,,/evidence/windows-ntfs-mft-nist/nist-hacking-case.mft,,,
1829,1829,True,459,459,.\WINDOWS\system32,progman.exe,.exe,205824,1,,False,False,False,False,True,False,Archive,DosWindows,2001-08-23 18:00:00.0000000,,2001-08-23 18:00:00.0000000,,2004-08-19 17:02:18.3889952,2001-08-23 18:00:00.0000000,2004-08-19 22:46:14.2782672,2004-08-19 00:00:00.0000000,0,24022329,0,,,,/evidence/windows-ntfs-mft-nist/nist-hacking-case.mft,,,
1830,1830,True,459,459,.\WINDOWS\system32,proquota.exe,.exe,45056,1,,False,False,False,False,True,False,Archive,DosWindows,2001-08-23 18:00:00.0000000,,2001-08-23 18:00:00.0000000,,2004-08-19 17:02:18.3889952,2001-08-23 18:00:00.0000000,2004-08-19 22:46:14.3083104,2004-08-19 00:00:00.0000000,0,24022358,0,,,,/evidence/windows-ntfs-mft-nist/nist-hacking-case.mft,,,
1831,1831,True,459,459,.\WINDOWS\system32,proxycfg.exe,.exe,23040,1,,False,False,False,False,True,False,Archive,DosWindows,2001-08-23 18:00:00.0000000,,2001-08-23 18:00:00.0000000,,2004-08-19 17:02:18.3990096,2001-08-23 18:00:00.0000000,2004-08-19 22:46:14.5586704,2004-08-19 00:00:00.0000000,0,24022422,0,,,,/evidence/windows-ntfs-mft-nist/nist-hacking-case.mft,,,
1832,1832,True,459,459,.\WINDOWS\system32,pschdcnt.h,.h,3010,1,,False,False,False,False,True,False,Archive,DosWindows,2001-08-23 18:00:00.0000000,,2001-08-23 18:00:00.0000000,,2004-08-19 17:02:18.3990096,2001-08-23 18:00:00.0000000,2004-08-19 22:20:43.1766512,2004-08-19 00:00:00.0000000,0,11263074,0,,,,/evidence/windows-ntfs-mft-nist/nist-hacking-case.mft,,,
1833,1833,True,459,459,.\WINDOWS\system32,pschdprf.dll,.dll,10752,1,,False,False,False,False,True,False,Archive,DosWindows,2001-08-23 18:00:00.0000000,,2001-08-23 18:00:00.0000000,,2004-08-19 17:02:18.3990096,2001-08-23 18:00:00.0000000,2004-08-19 22:57:48.3188544,2004-08-19 00:00:00.0000000,0,26909788,0,,,,/evidence/windows-ntfs-mft-nist/nist-hacking-case.mft,,,
1834,1834,True,459,459,.\WINDOWS\system32,pschdprf.ini,.ini,6877,1,,False,False,False,False,True,False,Archive,DosWindows,2001-08-23 18:00:00.0000000,,2001-08-23 18:00:00.0000000,,2004-08-19 17:02:18.4090240,2001-08-23 18:00:00.0000000,2004-08-19 22:20:43.5271552,2004-08-19 00:00:00.0000000,0,13214845,0,,,,/evidence/windows-ntfs-mft-nist/nist-hacking-case.mft,,,
1835,1835,True,459,459,.\WINDOWS\system32,pscript.sep,.sep,51,1,,False,False,False,False,True,False,Archive,DosWindows,2001-08-23 18:00:00.0000000,,2001-08-23 18:00:00.0000000,,2004-08-19 17:02:18.4090240,2001-08-23 18:00:00.0000000,2004-08-19 00:00:00.0000000,,0,9654625,0,,,,/evidence/windows-ntfs-mft-nist/nist-hacking-case.mft,,,
1836,1836,True,459,459,.\WINDOWS\system32,psnppagn.dll,.dll,8192,1,,False,False,False,False,True,False,Archive,DosWindows,2001-08-23 18:00:00.0000000,,2001-08-23 18:00:00.0000000,,2004-08-19 17:02:18.4090240,2001-08-23 18:00:00.0000000,2004-08-19 22:46:14.9892896,2004-08-19 00:00:00.0000000,0,24022743,0,,,,/evidence/windows-ntfs-mft-nist/nist-hacking-case.mft,,,
1837,1837,True,459,459,.\WINDOWS\system32,pubprn.vbs,.vbs,3708,1,,False,False,False,False,True,False,Archive,DosWindows,2001-08-23 18:00:00.0000000,,2001-08-23 18:00:00.0000000,,2004-08-19 17:02:18.4190384,2001-08-23 18:00:00.0000000,2004-08-19 22:46:15.1395056,2004-08-19 00:00:00.0000000,0,24022801,0,,,,/evidence/windows-ntfs-mft-nist/nist-hacking-case.mft,,,
1838,1838,True,459,459,.\WINDOWS\system32,qasf.dll,.dll,152576,1,,False,False,False,False,True,False,Archive,DosWindows,2001-08-23 18:00:00.0000000,,2001-08-23 18:00:00.0000000,,2004-08-19 17:02:18.4190384,2001-08-23 18:00:00.0000000,2004-08-19 22:46:15.9206288,2004-08-19 00:00:00.0000000,0,24022865,0,,,,/evidence/windows-ntfs-mft-nist/nist-hacking-case.mft,,,
1839,1839,True,459,459,.\WINDOWS\system32,qcap.dll,.dll,184832,1,,False,False,False,False,True,False,Archive,DosWindows,2001-08-23 18:00:00.0000000,,2001-08-23 18:00:00.0000000,,2004-08-19 17:02:18.4190384,2001-08-23 18:00:00.0000000,2004-08-19 22:46:16.0107584,2004-08-19 00:00:00.0000000,0,24023358,0,,,,/evidence/windows-ntfs-mft-nist/nist-hacking-case.mft,,,
1840,1840,True,459,459,.\WINDOWS\system32,qdv.dll,.dll,266752,1,,False,False,False,False,True,False,Archive,DosWindows,2001-08-23 18:00:00.0000000,,2001-08-23 18:00:00.0000000,,2004-08-19 17:02:18.4190384,2001-08-23 18:00:00.0000000,2004-08-19 22:46:16.1209168,2004-08-19 00:00:00.0000000,0,24023387,0,,,,/evidence/windows-ntfs-mft-nist/nist-hacking-case.mft,,,
1841,1841,True,459,459,.\WINDOWS\system32,qdvd.dll,.dll,356352,1,,False,False,False,False,True,False,Archive,DosWindows,2001-08-23 18:00:00.0000000,,2001-08-23 18:00:00.0000000,,2004-08-19 17:02:18.4290528,2001-08-23 18:00:00.0000000,2004-08-19 22:46:16.2010320,2004-08-19 00:00:00.0000000,0,24024545,0,,,,/evidence/windows-ntfs-mft-nist/nist-hacking-case.mft,,,
1842,1842,True,459,459,.\WINDOWS\system32,qedit.dll,.dll,511488,1,,False,False,False,False,True,False,Archive,DosWindows,2001-08-23 18:00:00.0000000,,2001-08-23 18:00:00.0000000,,2004-08-19 17:02:18.4290528,2001-08-23 18:00:00.0000000,2004-08-19 22:46:16.3312192,2004-08-19 00:00:00.0000000,0,24029890,0,,,,/evidence/windows-ntfs-mft-nist/nist-hacking-case.mft,,,
1843,1843,True,459,459,.\WINDOWS\system32,qedwipes.dll,.dll,734208,1,,False,False,False,False,True,False,Archive,DosWindows,2001-08-23 18:00:00.0000000,,2001-08-23 18:00:00.0000000,,2004-08-19 17:02:18.4290528,2001-08-23 18:00:00.0000000,2004-08-19 22:46:16.5415216,2004-08-19 00:00:00.0000000,0,24030145,0,,,,/evidence/windows-ntfs-mft-nist/nist-hacking-case.mft,,,
1844,1844,True,459,459,.\WINDOWS\system32,qosname.dll,.dll,8192,1,,False,False,False,False,True,False,Archive,DosWindows,2001-08-23 18:00:00.0000000,,2001-08-23 18:00:00.0000000,,2004-08-19 17:02:18.4290528,2001-08-23 18:00:00.0000000,2004-08-19 22:46:17.0722848,2004-08-19 00:00:00.0000000,0,23706538,0,,,,/evidence/windows-ntfs-mft-nist/nist-hacking-case.mft,,,
1845,1845,True,459,459,.\WINDOWS\system32,rasautou.exe,.exe,11776,1,,False,False,False,False,True,False,Archive,DosWindows,2001-08-23 18:00:00.0000000,,2001-08-23 18:00:00.0000000,,2004-08-19 17:02:18.4590960,2001-08-23 18:00:00.0000000,2004-08-19 22:46:22.8606080,2004-08-19 00:00:00.0000000,0,24060354,0,,,,/evidence/windows-ntfs-mft-nist/nist-hacking-case.mft,,,
1846,1846,True,459,459,.\WINDOWS\system32,rasctrnm.h,.h,1818,1,,False,False,False,False,True,False,Archive,DosWindows,2001-08-23 18:00:00.0000000,,2001-08-23 18:00:00.0000000,,2004-08-19 17:02:18.4691104,2001-08-23 18:00:00.0000000,2004-08-19 22:21:57.2531680,2004-08-19 00:00:00.0000000,0,11500626,0,,,,/evidence/windows-ntfs-mft-nist/nist-hacking-case.mft,,,
1847,1847,True,459,459,.\WINDOWS\system32,rasctrs.dll,.dll,11776,1,,False,False,False,False,True,False,Archive,DosWindows,2001-08-23 18:00:00.0000000,,2001-08-23 18:00:00.0000000,,2004-08-19 17:02:18.4691104,2001-08-23 18:00:00.0000000,2004-08-19 22:57:51.7237504,2004-08-19 00:00:00.0000000,0,26910269,0,,,,/evidence/windows-ntfs-mft-nist/nist-hacking-case.mft,,,
1848,1848,True,459,459,.\WINDOWS\system32,rasctrs.ini,.ini,3458,1,,False,False,False,False,True,False,Archive,DosWindows,2001-08-23 18:00:00.0000000,,2001-08-23 18:00:00.0000000,,2004-08-19 17:02:18.4691104,2001-08-23 18:00:00.0000000,2004-08-19 22:21:57.5636144,2004-08-19 00:00:00.0000000,0,13270024,0,,,,/evidence/windows-ntfs-mft-nist/nist-hacking-case.mft,,,
1849,1849,True,459,459,.\WINDOWS\system32,rasdial.exe,.exe,11264,1,,False,False,False,False,True,False,Archive,DosWindows,2001-08-23 18:00:00.0000000,,2001-08-23 18:00:00.0000000,,2004-08-19 17:02:18.4691104,2001-08-23 18:00:00.0000000,2004-08-19 22:46:23.2211264,2004-08-19 00:00:00.0000000,0,24060383,0,,,,/evidence/windows-ntfs-mft-nist/nist-hacking-case.mft,,,
1850,1850,True,459,459,.\WINDOWS\system32,rasdlg.dll,.dll,630784,1,,False,False,False,False,True,False,Archive,DosWindows,2001-08-23 18:00:00.0000000,,2001-08-23 18:00:00.0000000,,2004-08-19 17:02:18.4791248,2001-08-23 18:00:00.0000000,2004-08-27 15:08:46.9073456,2004-08-19 00:00:00.0000000,0,38079111,0,,,,/evidence/windows-ntfs-mft-nist/nist-hacking-case.mft,,,
1851,1851,True,459,459,.\WINDOWS\system32,rasmans.dll,.dll,159744,1,,False,False,False,False,True,False,Archive,DosWindows,2001-08-23 18:00:00.0000000,,2001-08-23 18:00:00.0000000,,2004-08-19 17:02:18.4791248,2001-08-23 18:00:00.0000000,2004-08-27 15:08:44.9545376,2004-08-19 00:00:00.0000000,0,38077997,0,,,,/evidence/windows-ntfs-mft-nist/nist-hacking-case.mft,,,
1852,1852,True,459,459,.\WINDOWS\system32,rasmontr.dll,.dll,143360,1,,False,False,False,False,True,False,Archive,DosWindows,2001-08-23 18:00:00.0000000,,2001-08-23 18:00:00.0000000,,2004-08-19 17:02:18.4791248,2001-08-23 18:00:00.0000000,2004-08-19 22:46:24.0423072,2004-08-19 00:00:00.0000000,0,24060511,0,,,,/evidence/windows-ntfs-mft-nist/nist-hacking-case.mft,,,
1853,1853,True,459,459,.\WINDOWS\system32,rasmxs.dll,.dll,22528,1,,False,False,False,False,True,False,Archive,DosWindows,2001-08-23 18:00:00.0000000,,2001-08-23 18:00:00.0000000,,2004-08-19 17:02:18.4791248,2001-08-23 18:00:00.0000000,2004-08-19 22:46:24.0723504,2004-08-19 00:00:00.0000000,0,24060540,0,,,,/evidence/windows-ntfs-mft-nist/nist-hacking-case.mft,,,
1854,1854,True,459,459,.\WINDOWS\system32,rasphone.exe,.exe,54272,1,,False,False,False,False,True,False,Archive,DosWindows,2001-08-23 18:00:00.0000000,,2001-08-23 18:00:00.0000000,,2004-08-19 17:02:18.4891392,2001-08-23 18:00:00.0000000,2004-08-19 22:46:24.0823648,2004-08-19 00:00:00.0000000,0,23775003,0,,,,/evidence/windows-ntfs-mft-nist/nist-hacking-case.mft,,,
1855,1855,True,459,459,.\WINDOWS\system32,rasppp.dll,.dll,193536,1,,False,False,False,False,True,False,Archive,DosWindows,2001-08-23 18:00:00.0000000,,2001-08-23 18:00:00.0000000,,2004-08-19 17:02:18.4891392,2001-08-23 18:00:00.0000000,2004-08-27 15:08:46.0861648,2004-08-19 00:00:00.0000000,0,38078798,0,,,,/evidence/windows-ntfs-mft-nist/nist-hacking-case.mft,,,
1856,1856,True,459,459,.\WINDOWS\system32,rasrad.dll,.dll,23552,1,,False,False,False,False,True,False,Archive,DosWindows,2001-08-23 18:00:00.0000000,,2001-08-23 18:00:00.0000000,,2004-08-19 17:02:18.4891392,2001-08-23 18:00:00.0000000,2004-08-19 22:46:24.3126960,2004-08-19 00:00:00.0000000,0,24060685,0,,,,/evidence/windows-ntfs-mft-nist/nist-hacking-case.mft,,,
1857,1857,True,459,459,.\WINDOWS\system32,rassapi.dll,.dll,13824,1,,False,False,False,False,True,False,Archive,DosWindows,2001-08-23 18:00:00.0000000,,2001-08-23 18:00:00.0000000,,2004-08-19 17:02:18.4891392,2001-08-23 18:00:00.0000000,2004-08-19 22:46:24.3427392,2004-08-19 00:00:00.0000000,0,24060714,0,,,,/evidence/windows-ntfs-mft-nist/nist-hacking-case.mft,,,
1858,1858,True,459,459,.\WINDOWS\system32,rasser.dll,.dll,12800,1,,False,False,False,False,True,False,Archive,DosWindows,2001-08-23 18:00:00.0000000,,2001-08-23 18:00:00.0000000,,2004-08-19 17:02:18.4991536,2001-08-23 18:00:00.0000000,2004-08-19 22:46:24.3527536,2004-08-19 00:00:00.0000000,0,23780115,0,,,,/evidence/windows-ntfs-mft-nist/nist-hacking-case.mft,,,
1859,1859,True,459,459,.\WINDOWS\system32,rastapi.dll,.dll,53760,1,,False,False,False,False,True,False,Archive,DosWindows,2001-08-23 18:00:00.0000000,,2001-08-23 18:00:00.0000000,,2004-08-19 17:02:18.4991536,2001-08-23 18:00:00.0000000,2004-08-27 15:08:45.2449552,2004-08-19 00:00:00.0000000,0,38078119,0,,,,/evidence/windows-ntfs-mft-nist/nist-hacking-case.mft,,,
1860,1860,True,459,459,.\WINDOWS\system32,rcbdyctl.dll,.dll,96256,1,,False,False,False,False,True,False,Archive,DosWindows,2001-08-23 18:00:00.0000000,,2001-08-23 18:00:00.0000000,,2004-08-19 17:02:18.4991536,2001-08-23 18:00:00.0000000,2004-08-20 21:13:18.6375872,2004-08-19 00:00:00.0000000,0,36666362,0,,,,/evidence/windows-ntfs-mft-nist/nist-hacking-case.mft,,,
1861,1861,True,459,459,.\WINDOWS\system32,rcimlby.exe,.exe,34304,1,,False,False,False,False,True,False,Archive,DosWindows,2001-08-23 18:00:00.0000000,,2001-08-23 18:00:00.0000000,,2004-08-19 23:05:04.6863200,2001-08-23 18:00:00.0000000,2004-08-19 22:46:24.6131280,2004-08-19 00:00:00.0000000,0,27010523,0,,,,/evidence/windows-ntfs-mft-nist/nist-hacking-case.mft,,,
1862,1862,True,459,459,.\WINDOWS\system32,rcp.exe,.exe,19968,1,,False,False,False,False,True,False,Archive,DosWindows,2001-08-23 18:00:00.0000000,,2001-08-23 18:00:00.0000000,,2004-08-19 17:02:18.5091680,2001-08-23 18:00:00.0000000,2004-08-19 22:46:24.9536176,2004-08-19 00:00:00.0000000,0,24060888,0,,,,/evidence/windows-ntfs-mft-nist/nist-hacking-case.mft,,,
1863,1863,True,459,459,.\WINDOWS\system32,recover.exe,.exe,7168,1,,False,False,False,False,True,False,Archive,DosWindows,2001-08-23 18:00:00.0000000,,2001-08-23 18:00:00.0000000,,2004-08-19 17:02:18.5091680,2001-08-23 18:00:00.0000000,2004-08-19 22:46:26.1152880,2004-08-19 00:00:00.0000000,0,24061298,0,,,,/evidence/windows-ntfs-mft-nist/nist-hacking-case.mft,,,
1864,1864,True,459,459,.\WINDOWS\system32,gpupdate.exe,.exe,57344,1,,False,False,False,False,True,False,Archive,DosWindows,2001-08-23 18:00:00.0000000,,2001-08-23 18:00:00.0000000,,2004-08-19 17:02:16.6765328,2001-08-23 18:00:00.0000000,2004-08-19 22:43:25.2151664,2004-08-19 00:00:00.0000000,0,21898484,0,,,,/evidence/windows-ntfs-mft-nist/nist-hacking-case.mft,,,
1865,1865,True,459,459,.\WINDOWS\system32,redir.exe,.exe,3338,1,,False,False,False,False,True,False,Archive,DosWindows,2001-08-23 18:00:00.0000000,,2001-08-23 18:00:00.0000000,,2004-08-19 17:02:18.5091680,2001-08-23 18:00:00.0000000,2004-08-19 22:46:26.2254464,2004-08-19 00:00:00.0000000,0,23812895,0,,,,/evidence/windows-ntfs-mft-nist/nist-hacking-case.mft,,,
1866,1866,True,459,459,.\WINDOWS\system32,reg.exe,.exe,48128,1,,False,False,False,False,True,False,Archive,DosWindows,2001-08-23 18:00:00.0000000,,2001-08-23 18:00:00.0000000,,2004-08-19 17:02:18.5191824,2001-08-23 18:00:00.0000000,2004-08-19 22:46:26.3055616,2004-08-19 00:00:00.0000000,0,24061327,0,,,,/evidence/windows-ntfs-mft-nist/nist-hacking-case.mft,,,
1867,1867,True,459,459,.\WINDOWS\system32,regedt32.exe,.exe,3584,1,,False,False,False,False,True,False,Archive,DosWindows,2001-08-23 18:00:00.0000000,,2001-08-23 18:00:00.0000000,,2004-08-19 17:02:18.5191824,2001-08-23 18:00:00.0000000,2004-08-19 22:46:26.4557776,2004-08-19 00:00:00.0000000,0,24061385,0,,,,/evidence/windows-ntfs-mft-nist/nist-hacking-case.mft,,,
1868,1868,True,459,459,.\WINDOWS\system32,regwiz.exe,.exe,4608,1,,False,False,False,False,True,False,Archive,DosWindows,2001-08-23 18:00:00.0000000,,2001-08-23 18:00:00.0000000,,2004-08-19 17:02:18.5291968,2001-08-23 18:00:00.0000000,2004-08-19 22:46:28.5988592,2004-08-19 00:00:00.0000000,0,24061517,0,,,,/evidence/windows-ntfs-mft-nist/nist-hacking-case.mft,,,
1869,1869,True,459,459,.\WINDOWS\system32,regwizc.dll,.dll,387584,1,,False,False,False,False,True,False,Archive,DosWindows,2001-08-23 18:00:00.0000000,,2001-08-23 18:00:00.0000000,,2004-08-19 17:02:18.5291968,2001-08-23 18:00:00.0000000,2004-08-19 22:46:28.9994352,2004-08-19 00:00:00.0000000,0,24139991,0,,,,/evidence/windows-ntfs-mft-nist/nist-hacking-case.mft,,,
1870,1870,True,459,459,.\WINDOWS\system32,relog.exe,.exe,32768,1,,False,False,False,False,True,False,Archive,DosWindows,2001-08-23 18:00:00.0000000,,2001-08-23 18:00:00.0000000,,2004-08-19 17:02:18.5291968,2001-08-23 18:00:00.0000000,2004-08-19 22:46:29.1796944,2004-08-19 00:00:00.0000000,0,23837854,0,,,,/evidence/windows-ntfs-mft-nist/nist-hacking-case.mft,,,
1871,1871,True,459,459,.\WINDOWS\system32,remotesp.tsp,.tsp,72192,1,,False,False,False,False,True,False,Archive,DosWindows,2001-08-23 18:00:00.0000000,,2001-08-23 18:00:00.0000000,,2004-08-19 17:02:18.5291968,2001-08-23 18:00:00.0000000,2004-08-19 22:46:29.2698240,2004-08-19 00:00:00.0000000,0,24140055,0,,,,/evidence/windows-ntfs-mft-nist/nist-hacking-case.mft,,,
1872,1872,True,459,459,.\WINDOWS\system32,rend.dll,.dll,107520,1,,False,False,False,False,True,False,Archive,DosWindows,2001-08-23 18:00:00.0000000,,2001-08-23 18:00:00.0000000,,2004-08-19 17:02:18.5392112,2001-08-23 18:00:00.0000000,2004-08-19 22:46:29.3399248,2004-08-19 00:00:00.0000000,0,24140084,0,,,,/evidence/windows-ntfs-mft-nist/nist-hacking-case.mft,,,
1873,1873,True,459,459,.\WINDOWS\system32,replace.exe,.exe,12800,1,,False,False,False,False,True,False,Archive,DosWindows,2001-08-23 18:00:00.0000000,,2001-08-23 18:00:00.0000000,,2004-08-19 17:02:18.5392112,2001-08-23 18:00:00.0000000,2004-08-19 22:46:29.4701120,2004-08-19 00:00:00.0000000,0,23841465,0,,,,/evidence/windows-ntfs-mft-nist/nist-hacking-case.mft,,,
1874,1874,True,459,459,.\WINDOWS\system32,resutils.dll,.dll,54784,1,,False,False,False,False,True,False,Archive,DosWindows,2001-08-23 18:00:00.0000000,,2001-08-23 18:00:00.0000000,,2004-08-19 17:02:18.5392112,2001-08-23 18:00:00.0000000,2004-08-27 15:08:18.9079072,2004-08-19 00:00:00.0000000,0,38006035,0,,,,/evidence/windows-ntfs-mft-nist/nist-hacking-case.mft,,,
1875,1875,True,459,459,.\WINDOWS\system32,rexec.exe,.exe,11776,1,,False,False,False,False,True,False,Archive,DosWindows,2001-08-23 18:00:00.0000000,,2001-08-23 18:00:00.0000000,,2004-08-19 17:02:18.5392112,2001-08-23 18:00:00.0000000,2004-08-19 22:46:29.5602416,2004-08-19 00:00:00.0000000,0,23843663,0,,,,/evidence/windows-ntfs-mft-nist/nist-hacking-case.mft,,,
1876,1876,True,459,459,.\WINDOWS\system32,riched32.dll,.dll,3584,1,,False,False,False,False,True,False,Archive,DosWindows,2001-08-23 18:00:00.0000000,,2001-08-23 18:00:00.0000000,,2004-08-19 17:02:18.5492256,2001-08-23 18:00:00.0000000,2004-08-20 15:12:57.9206752,2004-08-19 00:00:00.0000000,0,28229872,0,,,,/evidence/windows-ntfs-mft-nist/nist-hacking-case.mft,,,
1877,1877,True,459,459,.\WINDOWS\system32,rnr20.dll,.dll,3072,1,,False,False,False,False,True,False,Archive,DosWindows,2001-08-23 18:00:00.0000000,,2001-08-23 18:00:00.0000000,,2004-08-19 17:02:18.5492256,2001-08-23 18:00:00.0000000,2004-08-19 22:46:30.1611056,2004-08-19 00:00:00.0000000,0,24140488,0,,,,/evidence/windows-ntfs-mft-nist/nist-hacking-case.mft,,,
1878,1878,True,459,459,.\WINDOWS\system32,route.exe,.exe,19968,1,,False,False,False,False,True,False,Archive,DosWindows,2001-08-23 18:00:00.0000000,,2001-08-23 18:00:00.0000000,,2004-08-19 17:02:18.5492256,2001-08-23 18:00:00.0000000,2004-08-19 22:46:30.5817104,2004-08-19 00:00:00.0000000,0,23854433,0,,,,/evidence/windows-ntfs-mft-nist/nist-hacking-case.mft,,,
1879,1879,True,459,459,.\WINDOWS\system32,routemon.exe,.exe,25600,1,,False,False,False,False,True,False,Archive,DosWindows,2001-08-23 18:00:00.0000000,,2001-08-23 18:00:00.0000000,,2004-08-19 17:02:18.5592400,2001-08-23 18:00:00.0000000,2004-08-19 22:46:30.7118976,2004-08-19 00:00:00.0000000,0,24140546,0,,,,/evidence/windows-ntfs-mft-nist/nist-hacking-case.mft,,,
1880,1880,True,459,459,.\WINDOWS\system32,routetab.dll,.dll,6656,1,,False,False,False,False,True,False,Archive,DosWindows,2001-08-23 18:00:00.0000000,,2001-08-23 18:00:00.0000000,,2004-08-19 17:02:18.5592400,2001-08-23 18:00:00.0000000,2004-08-19 22:46:30.8921568,2004-08-19 00:00:00.0000000,0,24140575,0,,,,/evidence/windows-ntfs-mft-nist/nist-hacking-case.mft,,,
1881,1881,True,459,459,.\WINDOWS\system32,rpcns4.dll,.dll,22016,1,,False,False,False,False,True,False,Archive,DosWindows,2001-08-23 18:00:00.0000000,,2001-08-23 18:00:00.0000000,,2004-08-19 17:02:18.5592400,2001-08-23 18:00:00.0000000,2004-08-19 22:46:30.9822864,2004-08-19 00:00:00.0000000,0,24140604,0,,,,/evidence/windows-ntfs-mft-nist/nist-hacking-case.mft,,,
1882,1882,True,459,459,.\WINDOWS\system32,rsaci.rat,.rat,3167,1,,False,False,False,False,True,False,Archive,DosWindows,2001-08-23 18:00:00.0000000,,2001-08-23 18:00:00.0000000,,2004-08-19 17:02:18.5692544,2001-08-23 18:00:00.0000000,2004-08-19 00:00:00.0000000,,0,9663764,0,,,,/evidence/windows-ntfs-mft-nist/nist-hacking-case.mft,,,
1883,1883,True,459,459,.\WINDOWS\system32,rsfsaps.dll,.dll,28672,1,,False,False,False,False,True,False,Archive,DosWindows,2001-08-23 18:00:00.0000000,,2001-08-23 18:00:00.0000000,,2004-08-19 17:02:18.5692544,2001-08-23 18:00:00.0000000,2004-08-19 22:46:32.2340864,2004-08-19 00:00:00.0000000,0,24183076,0,,,,/evidence/windows-ntfs-mft-nist/nist-hacking-case.mft,,,
1884,1884,True,459,459,.\WINDOWS\system32,rsh.exe,.exe,13312,1,,False,False,False,False,True,False,Archive,DosWindows,2001-08-23 18:00:00.0000000,,2001-08-23 18:00:00.0000000,,2004-08-19 17:02:18.5692544,2001-08-23 18:00:00.0000000,2004-08-19 22:46:32.2741440,2004-08-19 00:00:00.0000000,0,24183105,0,,,,/evidence/windows-ntfs-mft-nist/nist-hacking-case.mft,,,
1885,1885,True,459,459,.\WINDOWS\system32,rshx32.dll,.dll,35840,1,,False,False,False,False,True,False,Archive,DosWindows,2001-08-23 18:00:00.0000000,,2001-08-23 18:00:00.0000000,,2004-08-19 17:02:18.5692544,2001-08-23 18:00:00.0000000,2004-08-20 15:19:19.6195312,2004-08-19 00:00:00.0000000,0,28449484,0,,,,/evidence/windows-ntfs-mft-nist/nist-hacking-case.mft,,,
1886,1886,True,459,459,.\WINDOWS\system32,rsm.exe,.exe,49152,1,,False,False,False,False,True,False,Archive,DosWindows,2001-08-23 18:00:00.0000000,,2001-08-23 18:00:00.0000000,,2004-08-19 17:02:18.5792688,2001-08-23 18:00:00.0000000,2004-08-19 22:46:32.3142016,2004-08-19 00:00:00.0000000,0,23879120,0,,,,/evidence/windows-ntfs-mft-nist/nist-hacking-case.mft,,,
1887,1887,True,459,459,.\WINDOWS\system32,rsmps.dll,.dll,18432,1,,False,False,False,False,True,False,Archive,DosWindows,2001-08-23 18:00:00.0000000,,2001-08-23 18:00:00.0000000,,2004-08-19 17:02:18.5792688,2001-08-23 18:00:00.0000000,2004-08-19 22:46:32.3442448,2004-08-19 00:00:00.0000000,0,24193077,0,,,,/evidence/windows-ntfs-mft-nist/nist-hacking-case.mft,,,
1888,1888,True,459,459,.\WINDOWS\system32,rsmsink.exe,.exe,24576,1,,False,False,False,False,True,False,Archive,DosWindows,2001-08-23 18:00:00.0000000,,2001-08-23 18:00:00.0000000,,2004-08-19 17:02:18.5792688,2001-08-23 18:00:00.0000000,2004-08-19 22:46:32.3843024,2004-08-19 00:00:00.0000000,0,24194037,0,,,,/evidence/windows-ntfs-mft-nist/nist-hacking-case.mft,,,
1889,1889,True,459,459,.\WINDOWS\system32,rsmui.exe,.exe,49152,1,,False,False,False,False,True,False,Archive,DosWindows,2001-08-23 18:00:00.0000000,,2001-08-23 18:00:00.0000000,,2004-08-19 17:02:18.5792688,2001-08-23 18:00:00.0000000,2004-08-19 22:46:32.4243600,2004-08-19 00:00:00.0000000,0,24194074,0,,,,/evidence/windows-ntfs-mft-nist/nist-hacking-case.mft,,,
1890,1890,True,459,459,.\WINDOWS\system32,rsnotify.exe,.exe,103424,1,,False,False,False,False,True,False,Archive,DosWindows,2001-08-23 18:00:00.0000000,,2001-08-23 18:00:00.0000000,,2004-08-19 17:02:18.5892832,2001-08-23 18:00:00.0000000,2004-08-19 22:46:32.4544032,2004-08-19 00:00:00.0000000,0,24199133,0,,,,/evidence/windows-ntfs-mft-nist/nist-hacking-case.mft,,,
1891,1891,True,459,459,.\WINDOWS\system32,rsop.msc,.msc,44451,1,,False,False,False,False,True,False,ReadOnly,DosWindows,2001-08-23 18:00:00.0000000,,2001-08-23 18:00:00.0000000,,2004-08-19 22:33:26.7345936,2001-08-23 18:00:00.0000000,2004-08-19 00:00:00.0000000,,0,16936840,0,,,,/evidence/windows-ntfs-mft-nist/nist-hacking-case.mft,,,
1892,1892,True,459,459,.\WINDOWS\system32,rsopprov.exe,.exe,62976,1,,False,False,False,False,True,False,Archive,DosWindows,2001-08-23 18:00:00.0000000,,2001-08-23 18:00:00.0000000,,2004-08-19 17:02:18.5892832,2001-08-23 18:00:00.0000000,2004-08-19 22:46:32.5245040,2004-08-19 00:00:00.0000000,0,24203406,0,,,,/evidence/windows-ntfs-mft-nist/nist-hacking-case.mft,,,
1893,1893,True,459,459,.\WINDOWS\system32,rsvp.exe,.exe,132608,1,,False,False,False,False,True,False,Archive,DosWindows,2001-08-23 18:00:00.0000000,,2001-08-23 18:00:00.0000000,,2004-08-19 17:02:18.5892832,2001-08-23 18:00:00.0000000,2004-08-19 22:46:33.0051952,2004-08-19 00:00:00.0000000,0,24240662,0,,,,/evidence/windows-ntfs-mft-nist/nist-hacking-case.mft,,,
1894,1894,True,459,459,.\WINDOWS\system32,rsvp.ini,.ini,12082,1,,False,False,False,False,True,False,Archive,DosWindows,2001-08-23 18:00:00.0000000,,2001-08-23 18:00:00.0000000,,2004-08-19 17:02:18.5992976,2001-08-23 18:00:00.0000000,2004-08-19 22:20:40.2624608,2004-08-19 00:00:00.0000000,0,13176871,0,,,,/evidence/windows-ntfs-mft-nist/nist-hacking-case.mft,,,
1895,1895,True,459,459,.\WINDOWS\system32,rsvpcnts.h,.h,3178,1,,False,False,False,False,True,False,Archive,DosWindows,2001-08-23 18:00:00.0000000,,2001-08-23 18:00:00.0000000,,2004-08-19 17:02:18.5992976,2001-08-23 18:00:00.0000000,2004-08-19 22:20:39.8418560,2004-08-19 00:00:00.0000000,0,11219013,0,,,,/evidence/windows-ntfs-mft-nist/nist-hacking-case.mft,,,
1896,1896,True,459,459,.\WINDOWS\system32,rsvpmsg.dll,.dll,23552,1,,False,False,False,False,True,False,Archive,DosWindows,2001-08-23 18:00:00.0000000,,2001-08-23 18:00:00.0000000,,2004-08-19 17:02:18.5992976,2001-08-23 18:00:00.0000000,2004-08-19 22:46:33.0352384,2004-08-19 00:00:00.0000000,0,24241529,0,,,,/evidence/windows-ntfs-mft-nist/nist-hacking-case.mft,,,
1897,1897,True,459,459,.\WINDOWS\system32,rsvpperf.dll,.dll,9728,1,,False,False,False,False,True,False,Archive,DosWindows,2001-08-23 18:00:00.0000000,,2001-08-23 18:00:00.0000000,,2004-08-19 17:02:18.5992976,2001-08-23 18:00:00.0000000,2004-08-19 22:57:52.3646720,2004-08-19 00:00:00.0000000,0,26910298,0,,,,/evidence/windows-ntfs-mft-nist/nist-hacking-case.mft,,,
1898,1898,True,459,459,.\WINDOWS\system32,rsvpsp.dll,.dll,90112,1,,False,False,False,False,True,False,Archive,DosWindows,2001-08-23 18:00:00.0000000,,2001-08-23 18:00:00.0000000,,2004-08-19 17:02:18.5992976,2001-08-23 18:00:00.0000000,2004-08-19 22:46:33.1153536,2004-08-19 00:00:00.0000000,0,24242386,0,,,,/evidence/windows-ntfs-mft-nist/nist-hacking-case.mft,,,
1899,1899,True,459,459,.\WINDOWS\system32,rtcdll.dll,.dll,550400,1,,False,False,False,False,True,False,Archive,DosWindows,2001-08-23 18:00:00.0000000,,2001-08-23 18:00:00.0000000,,2004-08-19 17:02:18.6093120,2001-08-23 18:00:00.0000000,2004-08-19 22:46:33.2455408,2004-08-19 00:00:00.0000000,0,24257562,0,,,,/evidence/windows-ntfs-mft-nist/nist-hacking-case.mft,,,
1900,1900,True,459,459,.\WINDOWS\system32,rtcshare.exe,.exe,74240,1,,False,False,False,False,True,False,Archive,DosWindows,2001-08-23 18:00:00.0000000,,2001-08-23 18:00:00.0000000,,2004-08-19 17:02:18.6093120,2001-08-23 18:00:00.0000000,2004-08-19 22:46:33.3356704,2004-08-19 00:00:00.0000000,0,24257591,0,,,,/evidence/windows-ntfs-mft-nist/nist-hacking-case.mft,,,
1901,1901,True,459,459,.\WINDOWS\system32,rtipxmib.dll,.dll,29696,1,,False,False,False,False,True,False,Archive,DosWindows,2001-08-23 18:00:00.0000000,,2001-08-23 18:00:00.0000000,,2004-08-19 17:02:18.6093120,2001-08-23 18:00:00.0000000,2004-08-19 22:46:33.3556992,2004-08-19 00:00:00.0000000,0,24257620,0,,,,/evidence/windows-ntfs-mft-nist/nist-hacking-case.mft,,,
1902,1902,True,459,459,.\WINDOWS\system32,rtm.dll,.dll,98304,1,,False,False,False,False,True,False,Archive,DosWindows,2001-08-23 18:00:00.0000000,,2001-08-23 18:00:00.0000000,,2004-08-19 17:02:18.6093120,2001-08-23 18:00:00.0000000,2004-08-19 22:46:33.4258000,2004-08-19 00:00:00.0000000,0,24257714,0,,,,/evidence/windows-ntfs-mft-nist/nist-hacking-case.mft,,,
1903,1903,True,459,459,.\WINDOWS\system32,runas.exe,.exe,16384,1,,False,False,False,False,True,False,Archive,DosWindows,2001-08-23 18:00:00.0000000,,2001-08-23 18:00:00.0000000,,2004-08-19 17:02:18.6193264,2001-08-23 18:00:00.0000000,2004-08-19 22:46:33.5159296,2004-08-19 00:00:00.0000000,0,24257743,0,,,,/evidence/windows-ntfs-mft-nist/nist-hacking-case.mft,,,
1904,1904,True,459,459,.\WINDOWS\system32,runonce.exe,.exe,12288,1,,False,False,False,False,True,False,Archive,DosWindows,2001-08-23 18:00:00.0000000,,2001-08-23 18:00:00.0000000,,2004-08-19 17:02:18.6193264,2001-08-23 18:00:00.0000000,2004-08-19 22:46:33.5860304,2004-08-19 00:00:00.0000000,0,24257801,0,,,,/evidence/windows-ntfs-mft-nist/nist-hacking-case.mft,,,
1905,1905,True,459,459,.\WINDOWS\system32,savedump.exe,.exe,19456,1,,False,False,False,False,True,False,Archive,DosWindows,2001-08-23 18:00:00.0000000,,2001-08-23 18:00:00.0000000,,2004-08-19 17:02:18.6293408,2001-08-23 18:00:00.0000000,2004-08-19 22:46:38.4630432,2004-08-19 00:00:00.0000000,0,25206900,0,,,,/evidence/windows-ntfs-mft-nist/nist-hacking-case.mft,,,
1906,1906,True,459,459,.\WINDOWS\system32,sc.exe,.exe,31232,1,,False,False,False,False,True,False,Archive,DosWindows,2001-08-23 18:00:00.0000000,,2001-08-23 18:00:00.0000000,,2004-08-19 17:02:18.6293408,2001-08-23 18:00:00.0000000,2004-08-19 22:46:38.4830720,2004-08-19 00:00:00.0000000,0,25206929,0,,,,/evidence/windows-ntfs-mft-nist/nist-hacking-case.mft,,,
1907,1907,True,459,459,.\WINDOWS\system32,scarddlg.dll,.dll,66560,1,,False,False,False,False,True,False,Archive,DosWindows,2001-08-23 18:00:00.0000000,,2001-08-23 18:00:00.0000000,,2004-08-19 17:02:18.6293408,2001-08-23 18:00:00.0000000,2004-08-19 22:34:12.7507616,2004-08-19 00:00:00.0000000,0,17048369,0,,,,/evidence/windows-ntfs-mft-nist/nist-hacking-case.mft,,,
1908,1908,True,459,459,.\WINDOWS\system32,scardssp.dll,.dll,118784,1,,False,False,False,False,True,False,Archive,DosWindows,2001-08-23 18:00:00.0000000,,2001-08-23 18:00:00.0000000,,2004-08-19 17:02:18.6393552,2001-08-23 18:00:00.0000000,2004-08-19 22:46:38.5932304,2004-08-19 00:00:00.0000000,0,25208102,0,,,,/evidence/windows-ntfs-mft-nist/nist-hacking-case.mft,,,
1909,1909,True,459,459,.\WINDOWS\system32,scardsvr.exe,.exe,93184,1,,False,False,False,False,True,False,Archive,DosWindows,2001-08-23 18:00:00.0000000,,2001-08-23 18:00:00.0000000,,2004-08-19 17:02:18.6393552,2001-08-23 18:00:00.0000000,2004-08-19 22:46:38.7734896,2004-08-19 00:00:00.0000000,0,25208367,0,,,,/evidence/windows-ntfs-mft-nist/nist-hacking-case.mft,,,
1910,1910,True,459,459,.\WINDOWS\system32,sccbase.dll,.dll,169984,1,,False,False,False,False,True,False,Archive,DosWindows,2001-08-23 18:00:00.0000000,,2001-08-23 18:00:00.0000000,,2004-08-19 17:02:18.6393552,2001-08-23 18:00:00.0000000,2004-08-19 22:46:39.0138352,2004-08-19 00:00:00.0000000,0,25208864,0,,,,/evidence/windows-ntfs-mft-nist/nist-hacking-case.mft,,,
1911,1911,True,459,459,.\WINDOWS\system32,sccsccp.dll,.dll,171008,1,,False,False,False,False,True,False,Archive,DosWindows,2001-08-23 18:00:00.0000000,,2001-08-23 18:00:00.0000000,,2004-08-19 17:02:18.6393552,2001-08-23 18:00:00.0000000,2004-08-19 22:46:39.0839360,2004-08-19 00:00:00.0000000,0,25208893,0,,,,/evidence/windows-ntfs-mft-nist/nist-hacking-case.mft,,,
1912,1912,True,459,459,.\WINDOWS\system32,scredir.dll,.dll,26624,1,,False,False,False,False,True,False,Archive,DosWindows,2001-08-23 18:00:00.0000000,,2001-08-23 18:00:00.0000000,,2004-08-19 17:02:18.6493696,2001-08-23 18:00:00.0000000,2004-08-19 22:46:39.8750736,2004-08-19 00:00:00.0000000,0,25209276,0,,,,/evidence/windows-ntfs-mft-nist/nist-hacking-case.mft,,,
1913,1913,True,459,459,.\WINDOWS\system32,scripto.dll,.dll,57856,1,,False,False,False,False,True,False,Archive,DosWindows,2001-08-23 18:00:00.0000000,,2001-08-23 18:00:00.0000000,,2004-08-19 17:02:18.6593840,2001-08-23 18:00:00.0000000,2004-08-19 22:46:41.0067008,2004-08-19 00:00:00.0000000,0,25209371,0,,,,/evidence/windows-ntfs-mft-nist/nist-hacking-case.mft,,,
1914,1914,True,459,459,.\WINDOWS\system32,scriptpw.dll,.dll,10240,1,,False,False,False,False,True,False,Archive,DosWindows,2001-08-23 18:00:00.0000000,,2001-08-23 18:00:00.0000000,,2004-08-19 17:02:18.6593840,2001-08-23 18:00:00.0000000,2004-08-19 22:46:41.1068448,2004-08-19 00:00:00.0000000,0,25209400,0,,,,/evidence/windows-ntfs-mft-nist/nist-hacking-case.mft,,,
1915,1915,True,459,459,.\WINDOWS\system32,scrnsave.scr,.scr,8192,1,,False,False,False,False,True,False,Archive,DosWindows,2001-08-23 18:00:00.0000000,,2001-08-23 18:00:00.0000000,,2004-08-19 17:02:18.6593840,2001-08-23 18:00:00.0000000,2004-08-19 22:46:41.1168592,2004-08-19 00:00:00.0000000,0,23980386,0,,,,/evidence/windows-ntfs-mft-nist/nist-hacking-case.mft,,,
1916,1916,True,459,459,.\WINDOWS\system32,scrobj.dll,.dll,155675,1,,False,False,False,False,True,False,Archive,DosWindows,2001-08-23 18:00:00.0000000,,2001-08-23 18:00:00.0000000,,2004-08-19 17:02:18.6593840,2001-08-23 18:00:00.0000000,2004-08-20 15:18:03.2697456,2004-08-19 00:00:00.0000000,0,29722974,0,,,,/evidence/windows-ntfs-mft-nist/nist-hacking-case.mft,,,
1917,1917,True,459,459,.\WINDOWS\system32,scrrun.dll,.dll,147483,1,,False,False,False,False,True,False,Archive,DosWindows,2001-08-23 18:00:00.0000000,,2001-08-23 18:00:00.0000000,,2004-08-19 17:02:18.6593840,2001-08-23 18:00:00.0000000,2004-08-19 23:03:56.1677952,2004-08-19 00:00:00.0000000,0,27031323,0,,,,/evidence/windows-ntfs-mft-nist/nist-hacking-case.mft,,,
1918,1918,True,459,459,.\WINDOWS\system32,schtasks.exe,.exe,113664,1,,False,False,False,False,True,False,Archive,DosWindows,2001-08-23 18:00:00.0000000,,2001-08-23 18:00:00.0000000,,2004-08-19 17:02:18.6493696,2001-08-23 18:00:00.0000000,2004-08-19 22:46:39.5546128,2004-08-19 00:00:00.0000000,0,25209183,0,,,,/evidence/windows-ntfs-mft-nist/nist-hacking-case.mft,,,
1919,1919,True,459,459,.\WINDOWS\system32,sdbinst.exe,.exe,37888,1,,False,False,False,False,True,False,Archive,DosWindows,2001-08-23 18:00:00.0000000,,2001-08-23 18:00:00.0000000,,2004-08-19 17:02:18.6693984,2001-08-23 18:00:00.0000000,2004-08-19 22:41:17.1810624,2004-08-19 00:00:00.0000000,0,19419167,0,,,,/evidence/windows-ntfs-mft-nist/nist-hacking-case.mft,,,
1920,1920,True,459,459,.\WINDOWS\system32,sdpblb.dll,.dll,130048,1,,False,False,False,False,True,False,Archive,DosWindows,2001-08-23 18:00:00.0000000,,2001-08-23 18:00:00.0000000,,2004-08-19 17:02:18.6693984,2001-08-23 18:00:00.0000000,2004-08-19 22:46:41.2370320,2004-08-19 00:00:00.0000000,0,25210150,0,,,,/evidence/windows-ntfs-mft-nist/nist-hacking-case.mft,,,
1921,1921,True,459,459,.\WINDOWS\system32,secedit.exe,.exe,16896,1,,False,False,False,False,True,False,Archive,DosWindows,2001-08-23 18:00:00.0000000,,2001-08-23 18:00:00.0000000,,2004-08-19 17:02:18.6693984,2001-08-23 18:00:00.0000000,2004-08-19 22:46:41.2971184,2004-08-19 00:00:00.0000000,0,25210647,0,,,,/evidence/windows-ntfs-mft-nist/nist-hacking-case.mft,,,
1922,1922,True,459,459,.\WINDOWS\system32,secpol.msc,.msc,36364,1,,False,False,False,False,True,False,Archive,DosWindows,2001-08-23 18:00:00.0000000,,2001-08-23 18:00:00.0000000,,2004-08-19 17:02:18.6794128,2001-08-23 18:00:00.0000000,2004-08-19 00:00:00.0000000,,0,9670209,0,,,,/evidence/windows-ntfs-mft-nist/nist-hacking-case.mft,,,
1923,1923,True,459,459,.\WINDOWS\system32,security.dll,.dll,5632,1,,False,False,False,False,True,False,Archive,DosWindows,2001-08-23 18:00:00.0000000,,2001-08-23 18:00:00.0000000,,2004-08-19 17:02:18.6794128,2001-08-23 18:00:00.0000000,2004-08-26 15:05:15.9900560,2004-08-19 00:00:00.0000000,0,37871304,0,,,,/evidence/windows-ntfs-mft-nist/nist-hacking-case.mft,,,
1924,1924,True,459,459,.\WINDOWS\system32,sendcmsg.dll,.dll,27136,1,,False,False,False,False,True,False,Archive,DosWindows,2001-08-23 18:00:00.0000000,,2001-08-23 18:00:00.0000000,,2004-08-19 17:02:18.6794128,2001-08-23 18:00:00.0000000,2004-08-19 22:46:41.4273056,2004-08-19 00:00:00.0000000,0,25212093,0,,,,/evidence/windows-ntfs-mft-nist/nist-hacking-case.mft,,,
1925,1925,True,459,459,.\WINDOWS\system32,sendmail.dll,.dll,53248,1,,False,False,False,False,True,False,Archive,DosWindows,2001-08-23 18:00:00.0000000,,2001-08-23 18:00:00.0000000,,2004-08-19 17:02:18.6894272,2001-08-23 18:00:00.0000000,2004-08-19 22:46:41.4673632,2004-08-19 00:00:00.0000000,0,25218250,0,,,,/evidence/windows-ntfs-mft-nist/nist-hacking-case.mft,,,
1926,1926,True,459,459,.\WINDOWS\system32,senscfg.dll,.dll,13824,1,,False,False,False,False,True,False,Archive,DosWindows,2001-08-23 18:00:00.0000000,,2001-08-23 18:00:00.0000000,,2004-08-19 17:02:18.6894272,2001-08-23 18:00:00.0000000,2004-08-19 22:53:10.2690384,2004-08-19 00:00:00.0000000,0,26849194,0,,,,/evidence/windows-ntfs-mft-nist/nist-hacking-case.mft,,,
1927,1927,True,459,459,.\WINDOWS\system32,serialui.dll,.dll,14336,1,,False,False,False,False,True,False,Archive,DosWindows,2001-08-23 18:00:00.0000000,,2001-08-23 18:00:00.0000000,,2004-08-19 17:02:18.6894272,2001-08-23 18:00:00.0000000,2004-08-19 22:46:43.1297536,2004-08-19 00:00:00.0000000,0,24004749,0,,,,/evidence/windows-ntfs-mft-nist/nist-hacking-case.mft,,,
1928,1928,True,459,459,.\WINDOWS\system32,services.msc,.msc,33464,1,,False,False,False,False,True,False,Archive,DosWindows,2001-08-23 18:00:00.0000000,,2001-08-23 18:00:00.0000000,,2004-08-19 17:02:18.6994416,2001-08-23 18:00:00.0000000,2004-08-19 00:00:00.0000000,,0,9671520,0,,,,/evidence/windows-ntfs-mft-nist/nist-hacking-case.mft,,,
1929,1929,True,459,459,.\WINDOWS\system32,serwvdrv.dll,.dll,14848,1,,False,False,False,False,True,False,Archive,DosWindows,2001-08-23 18:00:00.0000000,,2001-08-23 18:00:00.0000000,,2004-08-19 17:02:18.6994416,2001-08-23 18:00:00.0000000,2004-08-19 22:46:43.3200272,2004-08-19 00:00:00.0000000,0,25238293,0,,,,/evidence/windows-ntfs-mft-nist/nist-hacking-case.mft,,,
1930,1930,True,459,459,.\WINDOWS\system32,sethc.exe,.exe,28672,1,,False,False,False,False,True,False,Archive,DosWindows,2001-08-23 18:00:00.0000000,,2001-08-23 18:00:00.0000000,,2004-08-19 17:02:18.6994416,2001-08-23 18:00:00.0000000,2004-08-19 22:46:43.4001424,2004-08-19 00:00:00.0000000,0,25238357,0,,,,/evidence/windows-ntfs-mft-nist/nist-hacking-case.mft,,,
1931,1931,True,459,459,.\WINDOWS\system32,setup.exe,.exe,20992,1,,False,False,False,False,True,False,Archive,DosWindows,2001-08-23 18:00:00.0000000,,2001-08-23 18:00:00.0000000,,2004-08-19 17:02:18.7094560,2001-08-23 18:00:00.0000000,2004-08-19 22:46:43.4301856,2004-08-19 00:00:00.0000000,0,24009161,0,,,,/evidence/windows-ntfs-mft-nist/nist-hacking-case.mft,,,
1932,1932,True,459,459,.\WINDOWS\system32,setup.bmp,.bmp,240120,1,,False,False,False,False,True,False,Archive,DosWindows,2001-08-23 18:00:00.0000000,,2001-08-23 18:00:00.0000000,,2004-08-19 17:02:18.6994416,2001-08-23 18:00:00.0000000,2004-08-19 00:00:00.0000000,,0,9671873,0,,,,/evidence/windows-ntfs-mft-nist/nist-hacking-case.mft,,,
1933,1933,True,459,459,.\WINDOWS\system32,setupdll.dll,.dll,414208,1,,False,False,False,False,True,False,Archive,DosWindows,2001-08-23 18:00:00.0000000,,2001-08-23 18:00:00.0000000,,2004-08-19 17:02:18.7094560,2001-08-23 18:00:00.0000000,2004-08-19 22:46:44.1311936,2004-08-19 00:00:00.0000000,0,25239225,0,,,,/evidence/windows-ntfs-mft-nist/nist-hacking-case.mft,,,
1934,1934,True,459,459,.\WINDOWS\system32,setver.exe,.exe,11753,1,,False,False,False,False,True,False,Archive,DosWindows,2001-08-23 18:00:00.0000000,,2001-08-23 18:00:00.0000000,,2004-08-19 17:02:18.7094560,2001-08-23 18:00:00.0000000,2004-08-19 00:00:00.0000000,,0,9672441,0,,,,/evidence/windows-ntfs-mft-nist/nist-hacking-case.mft,,,
1935,1935,True,459,459,.\WINDOWS\system32,sfc_os.dll,.dll,132608,1,,False,False,False,False,True,False,Archive,DosWindows,2001-08-23 18:00:00.0000000,,2001-08-23 18:00:00.0000000,,2004-08-19 17:02:18.7194704,2001-08-23 18:00:00.0000000,2004-08-27 15:08:13.5401888,2004-08-19 00:00:00.0000000,0,37989281,0,,,,/evidence/windows-ntfs-mft-nist/nist-hacking-case.mft,,,
1936,1936,True,459,459,.\WINDOWS\system32,sfc.exe,.exe,9728,1,,False,False,False,False,True,False,Archive,DosWindows,2001-08-23 18:00:00.0000000,,2001-08-23 18:00:00.0000000,,2004-08-19 17:02:18.7194704,2001-08-23 18:00:00.0000000,2004-08-19 22:41:17.6417248,2004-08-19 00:00:00.0000000,0,19423191,0,,,,/evidence/windows-ntfs-mft-nist/nist-hacking-case.mft,,,
1937,1937,True,459,459,.\WINDOWS\system32,sfmapi.dll,.dll,23552,1,,False,False,False,False,True,False,Archive,DosWindows,2001-08-23 18:00:00.0000000,,2001-08-23 18:00:00.0000000,,2004-08-19 17:02:18.7194704,2001-08-23 18:00:00.0000000,2004-08-19 22:46:44.2914240,2004-08-19 00:00:00.0000000,0,24020097,0,,,,/evidence/windows-ntfs-mft-nist/nist-hacking-case.mft,,,
1938,1938,True,459,459,.\WINDOWS\system32,share.exe,.exe,882,1,,False,False,False,False,True,False,Archive,DosWindows,2001-08-23 18:00:00.0000000,,2001-08-23 18:00:00.0000000,,2004-08-19 17:02:18.7294848,2001-08-23 18:00:00.0000000,2004-08-19 22:46:44.3915680,2004-08-19 00:00:00.0000000,0,24021549,0,,,,/evidence/windows-ntfs-mft-nist/nist-hacking-case.mft,,,
1939,1939,True,459,459,.\WINDOWS\system32,shdoclc.dll,.dll,548864,1,,False,False,False,False,True,False,Archive,DosWindows,2001-08-23 18:00:00.0000000,,2001-08-23 18:00:00.0000000,,2004-08-19 23:05:35.8311040,2001-08-23 18:00:00.0000000,2004-08-27 15:08:51.0232640,2004-08-19 00:00:00.0000000,0,38083630,0,,,,/evidence/windows-ntfs-mft-nist/nist-hacking-case.mft,,,
1940,1940,True,459,459,.\WINDOWS\system32,shell.dll,.dll,5120,1,,False,False,False,False,True,False,Archive,DosWindows,2001-08-23 18:00:00.0000000,,2001-08-23 18:00:00.0000000,,2004-08-19 17:02:18.7394992,2001-08-23 18:00:00.0000000,2004-08-19 00:00:00.0000000,,0,9673675,0,,,,/evidence/windows-ntfs-mft-nist/nist-hacking-case.mft,,,
1941,1941,True,459,459,.\WINDOWS\system32,shimeng.dll,.dll,54784,1,,False,False,False,False,True,False,Archive,DosWindows,2001-08-23 18:00:00.0000000,,2001-08-23 18:00:00.0000000,,2004-08-19 17:02:18.7495136,2001-08-23 18:00:00.0000000,2004-08-27 15:32:44.6788000,2004-08-19 00:00:00.0000000,0,39288302,0,,,,/evidence/windows-ntfs-mft-nist/nist-hacking-case.mft,,,
1942,1942,True,459,459,.\WINDOWS\system32,shimgvw.dll,.dll,419840,1,,False,False,False,False,True,False,Archive,DosWindows,2001-08-23 18:00:00.0000000,,2001-08-23 18:00:00.0000000,,2004-08-26 15:06:56.7749776,2001-08-23 18:00:00.0000000,2004-08-26 15:06:56.5546608,2004-08-19 00:00:00.0000000,0,37871177,0,,,,/evidence/windows-ntfs-mft-nist/nist-hacking-case.mft,,,
1943,1943,True,459,459,.\WINDOWS\system32,shmedia.dll,.dll,126464,1,,False,False,False,False,True,False,Archive,DosWindows,2001-08-23 18:00:00.0000000,,2001-08-23 18:00:00.0000000,,2004-08-19 17:02:18.7495136,2001-08-23 18:00:00.0000000,2004-08-19 22:46:53.6048160,2004-08-19 00:00:00.0000000,0,25370084,0,,,,/evidence/windows-ntfs-mft-nist/nist-hacking-case.mft,,,
1944,1944,True,459,459,.\WINDOWS\system32,shmgrate.exe,.exe,21504,1,,False,False,False,False,True,False,Archive,DosWindows,2001-08-23 18:00:00.0000000,,2001-08-23 18:00:00.0000000,,2004-08-19 17:02:18.7595280,2001-08-23 18:00:00.0000000,2004-08-19 22:46:53.6548880,2004-08-19 00:00:00.0000000,0,25370577,0,,,,/evidence/windows-ntfs-mft-nist/nist-hacking-case.mft,,,
1945,1945,True,459,459,.\WINDOWS\system32,shrpubw.exe,.exe,69632,1,,False,False,False,False,True,False,Archive,DosWindows,2001-08-23 18:00:00.0000000,,2001-08-23 18:00:00.0000000,,2004-08-19 17:02:18.7595280,2001-08-23 18:00:00.0000000,2004-08-19 22:46:53.7049600,2004-08-19 00:00:00.0000000,0,25377238,0,,,,/evidence/windows-ntfs-mft-nist/nist-hacking-case.mft,,,
1946,1946,True,459,459,.\WINDOWS\system32,shscrap.dll,.dll,23040,1,,False,False,False,False,True,False,Archive,DosWindows,2001-08-23 18:00:00.0000000,,2001-08-23 18:00:00.0000000,,2004-08-19 17:02:18.7595280,2001-08-23 18:00:00.0000000,2004-08-20 15:18:03.2797600,2004-08-19 00:00:00.0000000,0,29723003,0,,,,/evidence/windows-ntfs-mft-nist/nist-hacking-case.mft,,,
1947,1947,True,459,459,.\WINDOWS\system32,shutdown.exe,.exe,17920,1,,False,False,False,False,True,False,Archive,DosWindows,2001-08-23 18:00:00.0000000,,2001-08-23 18:00:00.0000000,,2004-08-19 17:02:18.9498016,2001-08-23 18:00:00.0000000,2004-08-19 22:46:54.0154064,2004-08-19 00:00:00.0000000,0,24138536,0,,,,/evidence/windows-ntfs-mft-nist/nist-hacking-case.mft,,,
1948,1948,True,459,459,.\WINDOWS\system32,sigtab.dll,.dll,11776,1,,False,False,False,False,True,False,Archive,DosWindows,2001-08-23 18:00:00.0000000,,2001-08-23 18:00:00.0000000,,2004-08-19 17:02:18.9598160,2001-08-23 18:00:00.0000000,2004-08-19 22:46:54.8265728,2004-08-19 00:00:00.0000000,0,25388655,0,,,,/evidence/windows-ntfs-mft-nist/nist-hacking-case.mft,,,
1949,1949,True,459,459,.\WINDOWS\system32,sigverif.exe,.exe,66048,1,,False,False,False,False,True,False,Archive,DosWindows,2001-08-23 18:00:00.0000000,,2001-08-23 18:00:00.0000000,,2004-08-19 17:02:18.9598160,2001-08-23 18:00:00.0000000,2004-08-19 22:46:55.0769328,2004-08-19 00:00:00.0000000,0,25388684,0,,,,/evidence/windows-ntfs-mft-nist/nist-hacking-case.mft,,,
1950,1950,True,459,459,.\WINDOWS\system32,simpdata.tlb,.tlb,16384,1,,False,False,False,False,True,False,Archive,DosWindows,2001-08-23 18:00:00.0000000,,2001-08-23 18:00:00.0000000,,2004-08-19 17:02:18.9598160,2001-08-23 18:00:00.0000000,2004-08-19 22:46:55.1670624,2004-08-19 00:00:00.0000000,0,24149772,0,,,,/evidence/windows-ntfs-mft-nist/nist-hacking-case.mft,,,
1951,1951,True,459,459,.\WINDOWS\system32,sisbkup.dll,.dll,13824,1,,False,False,False,False,True,False,Archive,DosWindows,2001-08-23 18:00:00.0000000,,2001-08-23 18:00:00.0000000,,2004-08-19 17:02:18.9598160,2001-08-23 18:00:00.0000000,2004-08-19 22:46:56.1785168,2004-08-19 00:00:00.0000000,0,24159908,0,,,,/evidence/windows-ntfs-mft-nist/nist-hacking-case.mft,,,
1952,1952,True,459,459,.\WINDOWS\system32,skdll.dll,.dll,5632,1,,False,False,False,False,True,False,Archive,DosWindows,2001-08-23 18:00:00.0000000,,2001-08-23 18:00:00.0000000,,2004-08-19 17:02:18.9698304,2001-08-23 18:00:00.0000000,2004-08-19 22:46:56.2185744,2004-08-19 00:00:00.0000000,0,24160659,0,,,,/evidence/windows-ntfs-mft-nist/nist-hacking-case.mft,,,
1953,1953,True,459,459,.\WINDOWS\system32,skeys.exe,.exe,24064,1,,False,False,False,False,True,False,Archive,DosWindows,2001-08-23 18:00:00.0000000,,2001-08-23 18:00:00.0000000,,2004-08-19 17:02:18.9698304,2001-08-23 18:00:00.0000000,2004-08-19 22:46:56.2486176,2004-08-19 00:00:00.0000000,0,25388713,0,,,,/evidence/windows-ntfs-mft-nist/nist-hacking-case.mft,,,
1954,1954,True,459,459,.\WINDOWS\system32,sl_anet.acm,.acm,86016,1,,False,False,False,False,True,False,Archive,DosWindows,2001-08-23 18:00:00.0000000,,2001-08-23 18:00:00.0000000,,2004-08-19 17:02:18.9698304,2001-08-23 18:00:00.0000000,2004-08-26 15:51:46.6728608,2004-08-19 00:00:00.0000000,0,37893749,0,,,,/evidence/windows-ntfs-mft-nist/nist-hacking-case.mft,,,
1955,1955,True,459,459,.\WINDOWS\system32,slbcsp.dll,.dll,276480,1,,False,False,False,False,True,False,Archive,DosWindows,2001-08-23 18:00:00.0000000,,2001-08-23 18:00:00.0000000,,2004-08-19 17:02:19.0799888,2001-08-23 18:00:00.0000000,2004-08-19 22:35:54.1766048,2004-08-19 00:00:00.0000000,0,18155099,0,,,,/evidence/windows-ntfs-mft-nist/nist-hacking-case.mft,,,
1956,1956,True,459,459,.\WINDOWS\system32,slbiop.dll,.dll,89600,1,,False,False,False,False,True,False,Archive,DosWindows,2001-08-23 18:00:00.0000000,,2001-08-23 18:00:00.0000000,,2004-08-19 17:02:19.0900032,2001-08-23 18:00:00.0000000,2004-08-19 22:35:54.2967776,2004-08-19 00:00:00.0000000,0,18155160,0,,,,/evidence/windows-ntfs-mft-nist/nist-hacking-case.mft,,,
1957,1957,True,459,459,.\WINDOWS\system32,slbrccsp.dll,.dll,14848,1,,False,False,False,False,True,False,Archive,DosWindows,2001-08-23 18:00:00.0000000,,2001-08-23 18:00:00.0000000,,2004-08-19 17:02:19.0900032,2001-08-23 18:00:00.0000000,2004-08-19 22:46:56.3988336,2004-08-19 00:00:00.0000000,0,24170964,0,,,,/evidence/windows-ntfs-mft-nist/nist-hacking-case.mft,,,
1958,1958,True,459,459,.\WINDOWS\system32,smlogcfg.dll,.dll,332288,1,,False,False,False,False,True,False,Archive,DosWindows,2001-08-23 18:00:00.0000000,,2001-08-23 18:00:00.0000000,,2004-08-19 17:02:19.0900032,2001-08-23 18:00:00.0000000,2004-08-19 22:47:04.6106416,2004-08-19 00:00:00.0000000,0,25429049,0,,,,/evidence/windows-ntfs-mft-nist/nist-hacking-case.mft,,,
1959,1959,True,459,459,.\WINDOWS\system32,smlogsvc.exe,.exe,86016,1,,False,False,False,False,True,False,Archive,DosWindows,2001-08-23 18:00:00.0000000,,2001-08-23 18:00:00.0000000,,2004-08-19 17:02:19.0900032,2001-08-23 18:00:00.0000000,2004-08-19 22:47:04.6506992,2004-08-19 00:00:00.0000000,0,25429078,0,,,,/evidence/windows-ntfs-mft-nist/nist-hacking-case.mft,,,
1960,1960,True,459,459,.\WINDOWS\system32,snmpapi.dll,.dll,16896,1,,False,False,False,False,True,False,Archive,DosWindows,2001-08-23 18:00:00.0000000,,2001-08-23 18:00:00.0000000,,2004-08-19 17:02:19.1000176,2001-08-23 18:00:00.0000000,2004-08-26 14:58:33.4211904,2004-08-19 00:00:00.0000000,0,36580655,0,,,,/evidence/windows-ntfs-mft-nist/nist-hacking-case.mft,,,
1961,1961,True,459,459,.\WINDOWS\system32,snmpsnap.dll,.dll,172032,1,,False,False,False,False,True,False,Archive,DosWindows,2001-08-23 18:00:00.0000000,,2001-08-23 18:00:00.0000000,,2004-08-19 17:02:19.1000176,2001-08-23 18:00:00.0000000,2004-08-19 22:47:10.3689216,2004-08-19 00:00:00.0000000,0,25429241,0,,,,/evidence/windows-ntfs-mft-nist/nist-hacking-case.mft,,,
1962,1962,True,459,459,.\WINDOWS\system32,softpub.dll,.dll,5632,1,,False,False,False,False,True,False,Archive,DosWindows,2001-08-23 18:00:00.0000000,,2001-08-23 18:00:00.0000000,,2004-08-19 17:02:19.1000176,2001-08-23 18:00:00.0000000,2004-08-19 22:47:13.2130112,2004-08-19 00:00:00.0000000,0,25188934,0,,,,/evidence/windows-ntfs-mft-nist/nist-hacking-case.mft,,,
1963,1963,True,459,459,.\WINDOWS\system32,sound.drv,.drv,1744,1,,False,False,False,False,True,False,Archive,DosWindows,2001-08-23 18:00:00.0000000,,2001-08-23 18:00:00.0000000,,2004-08-19 17:02:19.1100320,2001-08-23 18:00:00.0000000,2004-08-19 00:00:00.0000000,,0,9678324,0,,,,/evidence/windows-ntfs-mft-nist/nist-hacking-case.mft,,,
1964,1964,True,459,459,.\WINDOWS\system32,spnike.dll,.dll,69632,1,,False,False,False,False,True,False,Archive,DosWindows,2001-08-17 22:36:32.0000000,,2001-08-23 18:00:00.0000000,,2004-08-19 17:02:19.1100320,2001-08-23 18:00:00.0000000,2004-08-19 22:47:14.0141632,2004-08-19 00:00:00.0000000,0,25197551,0,,,,/evidence/windows-ntfs-mft-nist/nist-hacking-case.mft,,,
1965,1965,True,459,459,.\WINDOWS\system32,sprestrt.exe,.exe,9728,1,,False,False,False,False,True,False,Archive,DosWindows,2001-08-23 18:00:00.0000000,,2001-08-23 18:00:00.0000000,,2004-08-19 17:02:19.2602480,2001-08-23 18:00:00.0000000,2004-08-19 22:47:14.1643792,2004-08-19 00:00:00.0000000,0,25442689,0,,,,/evidence/windows-ntfs-mft-nist/nist-hacking-case.mft,,,
1966,1966,True,459,459,.\WINDOWS\system32,sprio600.dll,.dll,70656,1,,False,False,False,False,True,False,Archive,DosWindows,2001-08-17 22:36:32.0000000,,2001-08-23 18:00:00.0000000,,2004-08-19 17:02:19.2602480,2001-08-23 18:00:00.0000000,2004-08-19 22:47:14.2044368,2004-08-19 00:00:00.0000000,0,25199818,0,,,,/evidence/windows-ntfs-mft-nist/nist-hacking-case.mft,,,
1967,1967,True,459,459,.\WINDOWS\system32,sprio800.dll,.dll,72192,1,,False,False,False,False,True,False,Archive,DosWindows,2001-08-17 22:36:32.0000000,,2001-08-23 18:00:00.0000000,,2004-08-19 17:02:19.2602480,2001-08-23 18:00:00.0000000,2004-08-19 22:47:14.2244656,2004-08-19 00:00:00.0000000,0,25444707,0,,,,/evidence/windows-ntfs-mft-nist/nist-hacking-case.mft,,,
1968,1968,True,459,459,.\WINDOWS\system32,sqlsodbc.chm,.chm,46133,1,,False,False,False,False,True,False,Archive,DosWindows,2001-08-23 18:00:00.0000000,,2001-08-23 18:00:00.0000000,,2004-08-19 17:02:19.2702624,2001-08-23 18:00:00.0000000,2004-08-19 00:00:00.0000000,,0,9681457,0,,,,/evidence/windows-ntfs-mft-nist/nist-hacking-case.mft,,,
1969,1969,True,459,459,.\WINDOWS\system32,sqlsrv32.dll,.dll,356352,1,,False,False,False,False,True,False,Archive,DosWindows,2001-08-23 18:00:00.0000000,,2001-08-23 18:00:00.0000000,,2004-08-19 17:02:19.2702624,2001-08-23 18:00:00.0000000,2004-08-19 00:00:00.0000000,,0,9681634,0,,,,/evidence/windows-ntfs-mft-nist/nist-hacking-case.mft,,,
1970,1970,True,459,459,.\WINDOWS\system32,sqlsrv32.rll,.rll,90112,1,,False,False,False,False,True,False,Archive,DosWindows,2001-08-23 18:00:00.0000000,,2001-08-23 18:00:00.0000000,,2004-08-19 17:02:19.2702624,2001-08-23 18:00:00.0000000,2004-08-19 00:00:00.0000000,,0,9681749,0,,,,/evidence/windows-ntfs-mft-nist/nist-hacking-case.mft,,,
1971,1971,True,459,459,.\WINDOWS\system32,sqlunirl.dll,.dll,180800,1,,False,False,False,False,True,False,Archive,DosWindows,2001-08-23 18:00:00.0000000,,2001-08-23 18:00:00.0000000,,2004-08-19 17:02:19.2702624,2001-08-23 18:00:00.0000000,2004-08-19 22:47:14.8854160,2004-08-19 00:00:00.0000000,0,25489979,0,,,,/evidence/windows-ntfs-mft-nist/nist-hacking-case.mft,,,
1972,1972,True,459,459,.\WINDOWS\system32,sqlwid.dll,.dll,24603,1,,False,False,False,False,True,False,Archive,DosWindows,2001-08-23 18:00:00.0000000,,2001-08-23 18:00:00.0000000,,2004-08-19 17:02:19.2802768,2001-08-23 18:00:00.0000000,2004-08-19 00:00:00.0000000,,0,9681991,0,,,,/evidence/windows-ntfs-mft-nist/nist-hacking-case.mft,,,
1973,1973,True,459,459,.\WINDOWS\system32,sqlwoa.dll,.dll,49179,1,,False,False,False,False,True,False,Archive,DosWindows,2001-08-23 18:00:00.0000000,,2001-08-23 18:00:00.0000000,,2004-08-19 17:02:19.2802768,2001-08-23 18:00:00.0000000,2004-08-19 00:00:00.0000000,,0,9682106,0,,,,/evidence/windows-ntfs-mft-nist/nist-hacking-case.mft,,,
1974,1974,True,459,459,.\WINDOWS\system32,ss3dfo.scr,.scr,667648,1,,False,False,False,False,True,False,Archive,DosWindows,2001-08-23 18:00:00.0000000,,2001-08-23 18:00:00.0000000,,2004-08-19 17:02:19.2802768,2001-08-23 18:00:00.0000000,2004-08-19 22:47:17.4491024,2004-08-19 00:00:00.0000000,0,25523077,0,,,,/evidence/windows-ntfs-mft-nist/nist-hacking-case.mft,,,
1975,1975,True,459,459,.\WINDOWS\system32,ssbezier.scr,.scr,18944,1,,False,False,False,False,True,False,Archive,DosWindows,2001-08-23 18:00:00.0000000,,2001-08-23 18:00:00.0000000,,2004-08-19 17:02:19.2902912,2001-08-23 18:00:00.0000000,2004-08-19 22:47:17.4991744,2004-08-19 00:00:00.0000000,0,25234485,0,,,,/evidence/windows-ntfs-mft-nist/nist-hacking-case.mft,,,
1976,1976,True,459,459,.\WINDOWS\system32,ssdpapi.dll,.dll,26624,1,,False,False,False,False,True,False,Archive,DosWindows,2001-08-23 18:00:00.0000000,,2001-08-23 18:00:00.0000000,,2004-08-19 17:02:19.2902912,2001-08-23 18:00:00.0000000,2004-08-27 15:08:18.9079072,2004-08-19 00:00:00.0000000,0,38006157,0,,,,/evidence/windows-ntfs-mft-nist/nist-hacking-case.mft,,,
1977,1977,True,459,459,.\WINDOWS\system32,ssdpsrv.dll,.dll,39936,1,,False,False,False,False,True,False,Archive,DosWindows,2001-08-23 18:00:00.0000000,,2001-08-23 18:00:00.0000000,,2004-08-19 17:02:19.2902912,2001-08-23 18:00:00.0000000,2004-08-27 15:08:18.9079072,2004-08-19 00:00:00.0000000,0,38006291,0,,,,/evidence/windows-ntfs-mft-nist/nist-hacking-case.mft,,,
1978,1978,True,459,459,.\WINDOWS\system32,ssflwbox.scr,.scr,364544,1,,False,False,False,False,True,False,Archive,DosWindows,2001-08-23 18:00:00.0000000,,2001-08-23 18:00:00.0000000,,2004-08-19 17:02:19.2902912,2001-08-23 18:00:00.0000000,2004-08-19 22:47:17.6594048,2004-08-19 00:00:00.0000000,0,25523164,0,,,,/evidence/windows-ntfs-mft-nist/nist-hacking-case.mft,,,
1979,1979,True,459,459,.\WINDOWS\system32,ssmarque.scr,.scr,19456,1,,False,False,False,False,True,False,Archive,DosWindows,2001-08-23 18:00:00.0000000,,2001-08-23 18:00:00.0000000,,2004-08-19 17:02:19.3003056,2001-08-23 18:00:00.0000000,2004-08-19 22:47:18.9011904,2004-08-19 00:00:00.0000000,0,25523657,0,,,,/evidence/windows-ntfs-mft-nist/nist-hacking-case.mft,,,
1980,1980,True,459,459,.\WINDOWS\system32,ssmyst.scr,.scr,17408,1,,False,False,False,False,True,False,Archive,DosWindows,2001-08-23 18:00:00.0000000,,2001-08-23 18:00:00.0000000,,2004-08-19 17:02:19.3003056,2001-08-23 18:00:00.0000000,2004-08-19 22:47:19.0113488,2004-08-19 00:00:00.0000000,0,25251191,0,,,,/evidence/windows-ntfs-mft-nist/nist-hacking-case.mft,,,
1981,1981,True,459,459,.\WINDOWS\system32,ssmypics.scr,.scr,43008,1,,False,False,False,False,True,False,Archive,DosWindows,2001-08-23 18:00:00.0000000,,2001-08-23 18:00:00.0000000,,2004-08-19 17:02:19.3003056,2001-08-23 18:00:00.0000000,2004-08-19 22:47:19.0013344,2004-08-19 00:00:00.0000000,0,25523686,0,,,,/evidence/windows-ntfs-mft-nist/nist-hacking-case.mft,,,
1982,1982,True,459,459,.\WINDOWS\system32,sspipes.scr,.scr,569344,1,,False,False,False,False,True,False,Archive,DosWindows,2001-08-23 18:00:00.0000000,,2001-08-23 18:00:00.0000000,,2004-08-19 17:02:19.3003056,2001-08-23 18:00:00.0000000,2004-08-19 22:47:19.6622848,2004-08-19 00:00:00.0000000,0,25524010,0,,,,/evidence/windows-ntfs-mft-nist/nist-hacking-case.mft,,,
1983,1983,True,459,459,.\WINDOWS\system32,ssstars.scr,.scr,13312,1,,False,False,False,False,True,False,Archive,DosWindows,2001-08-23 18:00:00.0000000,,2001-08-23 18:00:00.0000000,,2004-08-19 17:02:19.3003056,2001-08-23 18:00:00.0000000,2004-08-19 22:47:19.7223712,2004-08-19 00:00:00.0000000,0,25253896,0,,,,/evidence/windows-ntfs-mft-nist/nist-hacking-case.mft,,,
1984,1984,True,459,459,.\WINDOWS\system32,sstext3d.scr,.scr,638976,1,,False,False,False,False,True,False,Archive,DosWindows,2001-08-23 18:00:00.0000000,,2001-08-23 18:00:00.0000000,,2004-08-19 17:02:19.3103200,2001-08-23 18:00:00.0000000,2004-08-19 22:47:20.1630048,2004-08-19 00:00:00.0000000,0,25524664,0,,,,/evidence/windows-ntfs-mft-nist/nist-hacking-case.mft,,,
1985,1985,True,459,459,.\WINDOWS\system32,stdole32.tlb,.tlb,7168,1,,False,False,False,False,True,False,Archive,DosWindows,2001-08-23 18:00:00.0000000,,2001-08-23 18:00:00.0000000,,2004-08-19 17:02:19.3203344,2001-08-23 18:00:00.0000000,2004-08-27 15:46:17.4575184,2004-08-19 00:00:00.0000000,0,39433561,0,,,,/evidence/windows-ntfs-mft-nist/nist-hacking-case.mft,,,
1986,1986,True,459,459,.\WINDOWS\system32,sti.dll,.dll,60928,1,,False,False,False,False,True,False,Archive,DosWindows,2001-08-23 18:00:00.0000000,,2001-08-23 18:00:00.0000000,,2004-08-19 17:02:19.3303488,2001-08-23 18:00:00.0000000,2004-08-19 22:36:19.3928640,2004-08-19 00:00:00.0000000,0,18225418,0,,,,/evidence/windows-ntfs-mft-nist/nist-hacking-case.mft,,,
1987,1987,True,459,459,.\WINDOWS\system32,sti_ci.dll,.dll,132096,1,,False,False,False,False,True,False,Archive,DosWindows,2001-08-23 18:00:00.0000000,,2001-08-23 18:00:00.0000000,,2004-08-20 15:18:50.8581744,2001-08-23 18:00:00.0000000,2004-08-19 22:47:21.2545744,2004-08-19 00:00:00.0000000,0,28281766,0,,,,/evidence/windows-ntfs-mft-nist/nist-hacking-case.mft,,,
1988,1988,True,459,459,.\WINDOWS\system32,stimon.exe,.exe,20480,1,,False,False,False,False,True,False,Archive,DosWindows,2001-08-23 18:00:00.0000000,,2001-08-23 18:00:00.0000000,,2004-08-19 17:02:19.3303488,2001-08-23 18:00:00.0000000,2004-08-19 22:47:21.2946320,2004-08-19 00:00:00.0000000,0,25531807,0,,,,/evidence/windows-ntfs-mft-nist/nist-hacking-case.mft,,,
1989,1989,True,459,459,.\WINDOWS\system32,storage.dll,.dll,4208,1,,False,False,False,False,True,False,Archive,DosWindows,2001-08-23 18:00:00.0000000,,2001-08-23 18:00:00.0000000,,2004-08-19 17:02:19.4505216,2001-08-23 18:00:00.0000000,2004-08-19 22:47:21.4047904,2004-08-19 00:00:00.0000000,0,25531865,0,,,,/evidence/windows-ntfs-mft-nist/nist-hacking-case.mft,,,
1990,1990,True,459,459,.\WINDOWS\system32,streamci.dll,.dll,8192,1,,False,False,False,False,True,False,Archive,DosWindows,2001-08-17 22:36:32.0000000,,2001-08-23 18:00:00.0000000,,2004-08-19 17:02:19.4505216,2001-08-23 18:00:00.0000000,2004-08-19 22:47:21.4748912,2004-08-19 00:00:00.0000000,0,25274918,0,,,,/evidence/windows-ntfs-mft-nist/nist-hacking-case.mft,,,
1991,1991,True,459,459,.\WINDOWS\system32,strmdll.dll,.dll,246302,1,,False,False,False,False,True,False,Archive,DosWindows,2001-08-23 18:00:00.0000000,,2001-08-23 18:00:00.0000000,,2004-08-19 17:02:19.4505216,2001-08-23 18:00:00.0000000,2004-08-19 22:41:43.3086320,2004-08-19 00:00:00.0000000,0,19907760,0,,,,/evidence/windows-ntfs-mft-nist/nist-hacking-case.mft,,,
1992,1992,True,459,459,.\WINDOWS\system32,subst.exe,.exe,9216,1,,False,False,False,False,True,False,Archive,DosWindows,2001-08-23 18:00:00.0000000,,2001-08-23 18:00:00.0000000,,2004-08-19 17:02:19.4505216,2001-08-23 18:00:00.0000000,2004-08-19 22:47:21.5149488,2004-08-19 00:00:00.0000000,0,25274979,0,,,,/evidence/windows-ntfs-mft-nist/nist-hacking-case.mft,,,
1993,1993,True,459,459,.\WINDOWS\system32,svcpack.dll,.dll,6144,1,,False,False,False,False,True,False,Archive,DosWindows,2001-08-23 18:00:00.0000000,,2001-08-23 18:00:00.0000000,,2004-08-19 17:02:19.4605360,2001-08-23 18:00:00.0000000,2004-08-19 22:47:22.2460000,2004-08-19 00:00:00.0000000,0,25288315,0,,,,/evidence/windows-ntfs-mft-nist/nist-hacking-case.mft,,,
1994,1994,True,459,459,.\WINDOWS\system32,swprv.dll,.dll,138752,1,,False,False,False,False,True,False,Archive,DosWindows,2001-08-23 18:00:00.0000000,,2001-08-23 18:00:00.0000000,,2004-08-19 17:02:19.4605360,2001-08-23 18:00:00.0000000,2004-08-19 22:47:22.5564464,2004-08-19 00:00:00.0000000,0,25532773,0,,,,/evidence/windows-ntfs-mft-nist/nist-hacking-case.mft,,,
1995,1995,True,459,459,.\WINDOWS\system32,syncapp.exe,.exe,51200,1,,False,False,False,False,True,False,Archive,DosWindows,2001-08-23 18:00:00.0000000,,2001-08-23 18:00:00.0000000,,2004-08-19 17:02:19.4705504,2001-08-23 18:00:00.0000000,2004-08-19 22:47:22.9670368,2004-08-19 00:00:00.0000000,0,25295992,0,,,,/evidence/windows-ntfs-mft-nist/nist-hacking-case.mft,,,
1996,1996,True,459,459,.\WINDOWS\system32,synceng.dll,.dll,51712,1,,False,False,False,False,True,False,Archive,DosWindows,2001-08-23 18:00:00.0000000,,2001-08-23 18:00:00.0000000,,2004-08-19 17:02:19.4705504,2001-08-23 18:00:00.0000000,2004-08-19 22:47:23.0070944,2004-08-19 00:00:00.0000000,0,25542677,0,,,,/evidence/windows-ntfs-mft-nist/nist-hacking-case.mft,,,
1997,1997,True,459,459,.\WINDOWS\system32,syncui.dll,.dll,183296,1,,False,False,False,False,True,False,Archive,DosWindows,2001-08-23 18:00:00.0000000,,2001-08-23 18:00:00.0000000,,2004-08-20 15:11:22.8139184,2001-08-23 18:00:00.0000000,2004-08-19 22:47:23.0671808,2004-08-19 00:00:00.0000000,0,27838783,0,,,,/evidence/windows-ntfs-mft-nist/nist-hacking-case.mft,,,
1998,1998,True,459,459,.\WINDOWS\system32,sysdm.cpl,.cpl,270848,1,,False,False,False,False,True,False,Archive,DosWindows,2001-08-23 18:00:00.0000000,,2001-08-23 18:00:00.0000000,,2004-08-19 23:05:49.8813072,2001-08-23 18:00:00.0000000,2004-08-20 15:23:18.7244899,2004-08-19 00:00:00.0000000,0,37867826,0,,,,/evidence/windows-ntfs-mft-nist/nist-hacking-case.mft,,,
1999,1999,True,459,459,.\WINDOWS\system32,sysedit.exe,.exe,18896,1,,False,False,False,False,True,False,Archive,DosWindows,2001-08-23 18:00:00.0000000,,2001-08-23 18:00:00.0000000,,2004-08-19 17:02:19.4705504,2001-08-23 18:00:00.0000000,2004-08-19 22:47:23.2474400,2004-08-19 00:00:00.0000000,0,25299012,0,,,,/evidence/windows-ntfs-mft-nist/nist-hacking-case.mft,,,
2000,2000,True,459,459,.\WINDOWS\system32,wbdbase.enu,.enu,957440,1,,False,False,False,False,True,False,Archive,DosWindows,2001-08-23 18:00:00.0000000,,2001-08-23 18:00:00.0000000,,2004-08-19 17:02:19.8210544,2001-08-23 18:00:00.0000000,2004-08-19 00:00:00.0000000,,0,9713108,0,,,,/evidence/windows-ntfs-mft-nist/nist-hacking-case.mft,,,
2001,2001,True,459,459,.\WINDOWS\system32,systeminfo.exe,.exe,68096,1,,False,False,False,False,True,False,Archive,Windows,2001-08-23 18:00:00.0000000,,2001-08-23 18:00:00.0000000,,2004-08-19 17:02:19.4905792,2001-08-23 18:00:00.0000000,2004-08-19 22:47:24.5192688,2004-08-19 00:00:00.0000000,0,25565922,0,,,,/evidence/windows-ntfs-mft-nist/nist-hacking-case.mft,,,
2002,2002,True,459,459,.\WINDOWS\system32,sysinv.dll,.dll,15872,1,,False,False,False,False,True,False,Archive,DosWindows,2001-08-23 18:00:00.0000000,,2001-08-23 18:00:00.0000000,,2004-08-19 17:02:19.4805648,2001-08-23 18:00:00.0000000,2004-08-19 22:47:23.2874976,2004-08-19 00:00:00.0000000,0,25299763,0,,,,/evidence/windows-ntfs-mft-nist/nist-hacking-case.mft,,,
2003,2003,True,459,459,.\WINDOWS\system32,syskey.exe,.exe,36864,1,,False,False,False,False,True,False,Archive,DosWindows,2001-08-23 18:00:00.0000000,,2001-08-23 18:00:00.0000000,,2004-08-19 17:02:19.4805648,2001-08-23 18:00:00.0000000,2004-08-19 22:47:23.3075264,2004-08-19 00:00:00.0000000,0,25548905,0,,,,/evidence/windows-ntfs-mft-nist/nist-hacking-case.mft,,,
2004,2004,True,459,459,.\WINDOWS\system32,sysmon.ocx,.ocx,205312,1,,False,False,False,False,True,False,Archive,DosWindows,2001-08-23 18:00:00.0000000,,2001-08-23 18:00:00.0000000,,2004-08-19 23:05:15.5920016,2001-08-23 18:00:00.0000000,2004-08-19 22:47:23.5679008,2004-08-19 00:00:00.0000000,0,27043933,0,,,,/evidence/windows-ntfs-mft-nist/nist-hacking-case.mft,,,
12302,2,False,5505,1,.\WINDOWS\system32\wbem\Repository\FS,OBJECTS.MAP,.MAP,2692,1,,False,False,False,True,False,False,Archive|NotContentIndexed,DosWindows,2004-08-19 22:27:45.4037840,2004-08-27 15:46:29.2636880,2004-08-27 15:46:29.5641200,,2004-08-27 15:46:30.2050416,2004-08-27 15:46:29.5641200,2004-08-27 15:46:29.5641200,,0,39446327,284,,,,/evidence/windows-ntfs-mft-nist/nist-hacking-case.mft,,,
12303,2,False,5505,1,.\WINDOWS\system32\wbem\Repository\FS,INDEX.MAP,.MAP,572,1,,False,False,False,True,False,False,Archive|NotContentIndexed,DosWindows,2004-08-19 22:27:45.6241008,2004-08-27 15:46:29.8345088,2004-08-27 15:46:29.8345088,,2004-08-27 15:46:30.2050416,2004-08-27 15:46:29.8345088,2004-08-27 15:46:29.8345088,,0,39445865,284,,,,/evidence/windows-ntfs-mft-nist/nist-hacking-case.mft,,,
12304,3,False,5505,1,.\WINDOWS\system32\wbem\Repository\FS,ROLL_FORWARD,,0,1,,False,False,False,False,False,False,Archive|NotContentIndexed,Windows,2004-08-27 15:46:30.1349408,,2004-08-27 15:46:30.3452432,,2004-08-27 15:46:30.3452432,,2004-08-27 15:46:30.3452432,,0,39446736,284,,,,/evidence/windows-ntfs-mft-nist/nist-hacking-case.mft,,,
